
====================================
TIME: 2026-08-14 15:50:42
FINISH CYCLE - DUT 1
Charging samples: [75940.6985538717, 76979.83915533796, 93.99247760114527, 96.11648488348794, 96.11648488348794, 96.11648488348794, 96.11648488348794, 96.11648488348794, 96.11648488348794, 96.11648488348794, 96.11648488348794, 109.1334031219946, 109.29469990461654, 95.22591406583078, 95.33467675102285, 95.33467675102285, 95.33467675102285, 95.33467675102285, 95.33467675102285, 95.33467675102285, 95.33467675102285, 95.33467675102285, 95.5745727670043, 95.58397601107819, 94.18127615347326, 94.13578794106105, 94.13578794106105, 94.13578794106105, 94.13578794106105, 94.13578794106105, 94.13578794106105, 94.13578794106105, 94.13578794106105, 94.79738484426127, 94.80671070602655, 95.70963176036966, 95.76429414561194, 95.76429414561194, 95.76429414561194, 95.76429414561194, 95.76429414561194, 95.76429414561194, 95.76429414561194, 95.76429414561194, 95.52559949420215, 95.54439264775206, 93.95364313436599, 93.89176911026202, 93.89176911026202, 93.89176911026202, 93.89176911026202, 93.89176911026202, 93.89176911026202, 93.89176911026202, 93.89176911026202, 93.93869153360546, 93.92945287393457, 95.51979281677369, 95.6331569664903, 95.6331569664903, 95.6331569664903, 95.6331569664903, 95.6331569664903, 95.6331569664903, 95.6331569664903, 95.6331569664903, 95.77646339551103, 95.76704306863037, 95.97015450673987, 95.7849001942762, 95.7849001942762, 95.7849001942762, 95.7849001942762, 95.7849001942762, 95.7849001942762, 95.7849001942762, 95.7849001942762, 94.73389380810458, 94.72457510912682, 94.92590258013453, 94.95089623536889, 94.95089623536889, 94.95089623536889, 94.95089623536889, 94.95089623536889, 94.95089623536889, 94.95089623536889, 94.95089623536889, 95.19030848003699, 95.19967299636556, 94.39714677511066, 94.18223208017609, 94.18223208017609, 94.18223208017609, 94.18223208017609, 94.18223208017609, 94.18223208017609, 94.18223208017609, 94.18223208017609, 93.80322913417942, 93.80322913417942, 93.70448889298551, 93.80716749137801, 93.80716749137801, 93.80716749137801, 93.80716749137801, 93.80716749137801, 93.80716749137801, 93.80716749137801, 93.80716749137801, 93.99667692065353, 93.99667692065353, 95.30079303588138, 95.15481807937128, 95.15481807937128, 95.15481807937128, 95.15481807937128, 95.15481807937128, 95.15481807937128, 95.15481807937128, 95.15481807937128, 95.01093478590448, 95.01093478590448, 93.90848723037182, 94.04018464431573, 94.04018464431573, 94.04018464431573, 94.04018464431573, 94.04018464431573, 94.04018464431573, 94.04018464431573, 94.04018464431573, 94.1825978467049, 94.1825978467049, 94.88321228339666, 94.79181864634609, 94.79181864634609, 94.79181864634609, 94.79181864634609, 94.79181864634609, 94.79181864634609, 94.79181864634609, 94.79181864634609, 94.12292476476904, 94.13218336449015, 93.63465596827191, 93.6674641869013, 93.6674641869013, 93.6674641869013, 93.6674641869013, 93.6674641869013, 93.6674641869013, 93.6674641869013, 93.6674641869013, 94.0002927398497, 93.99104711255158, 93.99104711255158, 94.0281114522095, 94.0281114522095, 94.0281114522095, 94.0281114522095, 94.0281114522095, 94.0281114522095, 94.0281114522095, 94.0281114522095, 94.17079447414002, 94.17079447414002, 94.37030886921237, 94.2423015368003, 94.2423015368003, 94.2423015368003, 94.2423015368003, 94.2423015368003, 94.2423015368003, 94.2423015368003, 94.2423015368003, 94.33749578077688, 94.33749578077688, 93.74168001795088, 93.80324686414686, 93.80324686414686, 93.80324686414686, 93.80324686414686, 93.80324686414686, 93.80324686414686, 93.80324686414686, 93.80324686414686, 94.51316043779075, 94.50386345171582, 95.30644403304673, 95.25639469917091, 95.25639469917091, 95.25639469917091, 95.25639469917091, 95.25639469917091, 95.25639469917091, 95.25639469917091, 95.25639469917091, 94.35009950674015, 94.35938136601281, 93.5647760492464, 93.68366915701203, 93.68366915701203, 93.68366915701203, 93.68366915701203, 93.68366915701203, 93.68366915701203, 93.68366915701203, 93.68366915701203, 94.15729741361977, 94.15729741361977, 94.9569347589584, 94.7825037206503, 94.7825037206503, 94.7825037206503, 94.7825037206503, 94.7825037206503, 94.7825037206503, 94.7825037206503, 94.7825037206503, 94.92553566791487, 94.91619811768194, 94.11690381774358, 94.20755139168591, 94.20755139168591, 94.20755139168591, 94.20755139168591, 94.20755139168591, 94.20755139168591, 94.20755139168591, 94.20755139168591, 93.73438438318922, 93.75282695758827, 94.85110288573891, 94.75983607925336, 94.75983607925336, 94.75983607925336, 94.75983607925336, 94.75983607925336, 94.75983607925336, 94.75983607925336, 94.75983607925336, 95.04684214511684, 95.03749358190791, 95.03749358190791, 95.08739949486879, 95.08739949486879, 95.08739949486879, 95.08739949486879, 95.08739949486879, 95.08739949486879, 95.08739949486879, 95.08739949486879, 95.135254250528, 95.144612430171, 94.14203484924191, 94.10085645940322, 94.10085645940322, 94.10085645940322, 94.10085645940322, 94.10085645940322, 94.10085645940322, 94.10085645940322, 94.10085645940322, 94.4795319381131, 94.48882470214754, 94.09222942532845, 94.22824254771822, 94.22824254771822, 94.22824254771822, 94.22824254771822, 94.22824254771822, 94.22824254771822, 94.22824254771822, 94.22824254771822, 94.74753646957438, 94.73821826181774, 96.04842766331095, 96.01057689489997, 96.01057689489997, 96.01057689489997, 96.01057689489997, 96.01057689489997, 96.01057689489997, 96.01057689489997, 96.01057689489997, 95.96273903894836, 95.96273903894836, 96.06493577913892, 96.08597220356391, 96.08597220356391, 96.08597220356391, 96.08597220356391, 96.08597220356391, 96.08597220356391, 96.08597220356391, 96.08597220356391, 96.22967006827511, 96.24859987452442, 95.33484734407006, 95.39333754358876, 95.39333754358876, 95.39333754358876, 95.39333754358876, 95.39333754358876, 95.39333754358876, 95.39333754358876, 95.39333754358876, 94.53864362831517, 94.53864362831517, 94.33961490488716, 94.1827743148541, 94.1827743148541, 94.1827743148541, 94.1827743148541, 94.1827743148541, 94.1827743148541, 94.1827743148541, 94.1827743148541, 94.89233815951647, 94.87367509763045, 95.47668574443745, 95.6063526706653, 95.6063526706653, 95.6063526706653, 95.6063526706653, 95.6063526706653, 95.6063526706653, 95.6063526706653, 95.6063526706653, 95.55869247491722, 95.56809138240959, 95.1648504905007, 95.0773789686247, 95.0773789686247, 95.0773789686247, 95.0773789686247, 95.0773789686247, 95.0773789686247, 95.0773789686247, 95.0773789686247, 94.27123660330469, 94.27123660330469, 94.07277084203457, 94.06865351137799, 94.06865351137799, 94.06865351137799, 94.06865351137799, 94.06865351137799, 94.06865351137799, 94.06865351137799, 94.06865351137799, 94.92038176248704, 94.90171134907978, 94.90171134907978, 94.88094783633547, 94.88094783633547, 94.88094783633547, 94.88094783633547, 94.88094783633547, 94.88094783633547, 94.88094783633547, 94.88094783633547, 95.2593364618044, 95.28744761755745, 94.88791953530354, 94.9377709005863, 94.9377709005863, 94.9377709005863, 94.9377709005863, 94.9377709005863, 94.9377709005863, 94.9377709005863, 94.9377709005863, 94.27782611776196, 94.28709721876677, 95.997748929246, 96.02297277393949, 96.02297277393949, 96.02297277393949, 96.02297277393949, 96.02297277393949, 96.02297277393949, 96.02297277393949, 96.02297277393949, 96.59911061058312, 96.59911061058312, 96.49612648413259, 96.5891837226655, 96.5891837226655, 96.5891837226655, 96.5891837226655, 96.5891837226655, 96.5891837226655, 96.5891837226655, 96.5891837226655, 96.20513130229703, 96.1956716040372, 94.78102937456607, 94.81012115767675, 94.81012115767675, 94.81012115767675, 94.81012115767675, 94.81012115767675, 94.81012115767675, 94.81012115767675, 94.81012115767675, 94.57356895917955, 94.57356895917955, 95.88289419503614, 95.94179032169157, 95.94179032169157, 95.94179032169157, 95.94179032169157, 95.94179032169157, 95.94179032169157, 95.94179032169157, 95.94179032169157, 95.31785671779863, 95.30848334217488, 95.41009153337126, 95.6114494472651, 95.6114494472651, 95.6114494472651, 95.6114494472651, 95.6114494472651, 95.6114494472651, 95.6114494472651, 95.6114494472651, 96.18916213274706, 96.19862212115507, 94.78393650172634, 94.67570714955046, 94.67570714955046, 94.67570714955046, 94.67570714955046, 94.67570714955046, 94.67570714955046, 94.67570714955046, 94.67570714955046, 94.96001858243199, 94.96001858243199, 94.562696328949, 94.85429935727615, 94.85429935727615, 94.85429935727615, 94.85429935727615, 94.85429935727615, 94.85429935727615, 94.85429935727615, 94.85429935727615, 94.28630954076553, 94.28630954076553, 95.48486432306339, 95.48907089006295, 95.48907089006295, 95.48907089006295, 95.48907089006295, 95.48907089006295, 95.48907089006295, 95.48907089006295, 95.48907089006295, 96.35192394027436, 96.35192394027436, 95.5422439071628, 95.50017149362318, 95.50017149362318, 95.50017149362318, 95.50017149362318, 95.50017149362318, 95.50017149362318, 95.50017149362318, 95.50017149362318, 94.54992103100007, 94.55921888929792, 95.46169287657648, 95.19341252949438, 95.19341252949438, 95.19341252949438, 95.19341252949438, 95.19341252949438, 95.19341252949438, 95.19341252949438, 95.19341252949438, 95.38475607226724, 95.34723994401855, 95.54989082593994, 95.62547412784576, 95.62547412784576, 95.62547412784576, 95.62547412784576, 95.62547412784576, 95.62547412784576, 95.62547412784576, 95.62547412784576, 96.00912698292238, 96.00912698292238, 95.70401323191732, 95.92744344517129, 95.92744344517129, 95.92744344517129, 95.92744344517129, 95.92744344517129, 95.92744344517129, 95.92744344517129, 95.92744344517129, 96.0711908629213, 96.08064110794028, 96.69522943059233, 96.75916156976714, 96.75916156976714, 96.75916156976714, 96.75916156976714, 96.75916156976714, 96.75916156976714, 96.75916156976714, 96.75916156976714, 96.42134903560834, 96.46876781648551, 95.75418435117822, 95.87250895340397, 95.87250895340397, 95.87250895340397, 95.87250895340397, 95.87250895340397, 95.87250895340397, 95.87250895340397, 95.87250895340397, 97.83986274073608, 97.82062564621373, 98.65580708182708, 98.60793703869078, 98.60793703869078, 98.60793703869078, 98.60793703869078, 98.60793703869078, 98.60793703869078, 98.60793703869078, 98.60793703869078, 98.84974169057574, 98.84974169057574, 98.63919910976513, 98.72629774032562, 98.72629774032562, 98.72629774032562, 98.72629774032562, 98.72629774032562, 98.72629774032562, 98.72629774032562, 98.72629774032562, 98.67799720327068, 98.68770005451974, 97.54500036967794, 97.47614305008408, 97.47614305008408, 97.47614305008408, 97.47614305008408, 97.47614305008408, 97.47614305008408, 97.47614305008408, 97.47614305008408, 96.14019982668596, 96.11184267404806, 97.2377535040955, 97.31503536399806, 97.31503536399806, 97.31503536399806, 97.31503536399806, 97.31503536399806, 97.31503536399806, 97.31503536399806, 97.31503536399806, 97.21844475817772, 97.2375671902702, 97.13412296985503, 97.13841202019148, 97.13841202019148, 97.13841202019148, 97.13841202019148, 97.13841202019148, 97.13841202019148, 97.13841202019148, 97.13841202019148, 96.80062320541684, 96.77206844930905, 96.56660758211306, 96.54103041151788, 96.54103041151788, 96.54103041151788, 96.54103041151788, 96.54103041151788, 96.54103041151788, 96.54103041151788, 96.54103041151788, 96.49290427472252, 96.51188586305236, 96.61444897236484, 96.57607945331308, 96.57607945331308, 96.57607945331308, 96.57607945331308, 96.57607945331308, 96.57607945331308, 96.57607945331308, 96.57607945331308, 96.19073848791332, 96.18127927476671, 96.07917600589752, 96.13432322158371, 96.13432322158371, 96.13432322158371, 96.13432322158371, 96.13432322158371, 96.13432322158371, 96.13432322158371, 96.13432322158371, 96.71199566958522, 96.71199566958522, 96.91776587313751, 97.02057366898087, 97.02057366898087, 97.02057366898087, 97.02057366898087, 97.02057366898087, 97.02057366898087, 97.02057366898087, 97.02057366898087, 96.39276507878836, 96.38328506648713, 96.38328506648713, 96.29815962151784, 96.29815962151784, 96.29815962151784, 96.29815962151784, 96.29815962151784, 96.29815962151784, 96.29815962151784, 96.29815962151784, 96.05693176675453, 96.03803594069635, 96.24280787233963, 96.18758867813268, 96.18758867813268, 96.18758867813268, 96.18758867813268, 96.18758867813268, 96.18758867813268, 96.18758867813268, 96.18758867813268, 95.94603270455625, 95.97434929069631, 95.87214018602039, 95.85521808908526, 95.85521808908526, 95.85521808908526, 95.85521808908526, 95.85521808908526, 95.85521808908526, 95.85521808908526, 95.85521808908526, 95.03470514471748, 95.0066657942617, 94.70409679491692, 94.5997373635301, 94.5997373635301, 94.5997373635301, 94.5997373635301, 94.5997373635301, 94.5997373635301, 94.5997373635301, 94.5997373635301, 96.66565341565392, 96.69418238370575, 95.57809003719917, 95.55703017248098, 95.55703017248098, 95.55703017248098, 95.55703017248098, 95.55703017248098, 95.55703017248098, 95.55703017248098, 95.55703017248098, 94.79713331226243, 94.80645639775734, 96.21997118963017, 96.19029852570985, 96.19029852570985, 96.19029852570985, 96.19029852570985, 96.19029852570985, 96.19029852570985, 96.19029852570985, 96.19029852570985, 97.0095545752775, 97.01909430923122, 97.01909430923122, 97.01054674795118, 97.01054674795118, 97.01054674795118, 97.01054674795118, 97.01054674795118, 97.01054674795118, 97.01054674795118, 97.01054674795118, 97.15512282358151, 97.14556971415934, 97.14556971415934, 97.17553441795765, 97.17553441795765, 97.17553441795765, 97.17553441795765, 97.17553441795765, 97.17553441795765, 97.17553441795765, 97.17553441795765, 96.30789571779731, 96.30789571779731, 96.41056938060946, 96.11832629809564, 96.11832629809564, 96.11832629809564, 96.11832629809564, 96.11832629809564, 96.11832629809564, 96.11832629809564, 96.11832629809564, 95.39671724180361, 95.38733611118685, 95.28575215366696, 95.13946733371003, 95.13946733371003, 95.13946733371003, 95.13946733371003, 95.13946733371003, 95.13946733371003, 95.13946733371003, 95.13946733371003, 95.66722030429543, 95.65781164769587, 95.75979225712837, 95.66747343900143, 95.66747343900143, 95.66747343900143, 95.66747343900143, 95.66747343900143, 95.66747343900143, 95.66747343900143, 95.66747343900143, 93.5084783012105, 93.51767555490395, 93.61748097171815, 93.56827767057676, 93.56827767057676, 93.56827767057676, 93.56827767057676, 93.56827767057676, 93.56827767057676, 93.56827767057676, 93.56827767057676, 95.44060339102442, 95.44060339102442, 95.74715779163799, 95.61315197247546, 95.61315197247546, 95.61315197247546, 95.61315197247546, 95.61315197247546, 95.61315197247546, 95.61315197247546, 95.61315197247546, 94.89172476946382, 94.8823923811112, 94.37716132476875, 94.15889586462069, 94.15889586462069, 94.15889586462069, 94.15889586462069, 94.15889586462069, 94.15889586462069, 94.15889586462069, 94.15889586462069, 93.92027727398558, 93.94799054553293, 94.14851987433879, 94.15262829290546, 94.15262829290546, 94.15262829290546, 94.15262829290546, 94.15262829290546, 94.15262829290546, 94.15262829290546, 94.15262829290546, 95.01378038095032, 94.98575271712113, 94.88448858842482, 94.98396559900154, 94.98396559900154, 94.98396559900154, 94.98396559900154, 94.98396559900154, 94.98396559900154, 94.98396559900154, 94.98396559900154, 93.88394988461229, 93.87471570049853, 93.87471570049853, 93.79277198916779, 93.79277198916779, 93.79277198916779, 93.79277198916779, 93.79277198916779, 93.79277198916779, 93.79277198916779, 93.79277198916779, 95.70398486719466, 95.71339899122252, 96.12330648154898, 96.17367677315501, 96.17367677315501, 96.17367677315501, 96.17367677315501, 96.17367677315501, 96.17367677315501, 96.17367677315501, 96.17367677315501, 96.317721221642, 96.317721221642, 96.00934004377122, 95.9130082014728, 95.9130082014728, 95.9130082014728, 95.9130082014728, 95.9130082014728, 95.9130082014728, 95.9130082014728, 95.9130082014728, 96.24769965581493, 96.25716633228349, 96.15454675197186, 96.2091084764492, 96.2091084764492, 96.2091084764492, 96.2091084764492, 96.2091084764492, 96.2091084764492, 96.2091084764492, 96.2091084764492, 94.39294050719681, 94.39294050719681, 94.29241554393035, 94.26361391593335, 94.26361391593335, 94.26361391593335, 94.26361391593335, 94.26361391593335, 94.26361391593335, 94.26361391593335, 94.26361391593335, 94.45452756437068, 94.435948782395, 94.73862810541549, 94.8172390729237, 94.8172390729237, 94.8172390729237, 94.8172390729237, 94.8172390729237, 94.8172390729237, 94.8172390729237, 94.8172390729237, 95.77547291903711, 95.80373638733903, 95.29468359038188, 95.34048432964404, 95.34048432964404, 95.34048432964404, 95.34048432964404, 95.34048432964404, 95.34048432964404, 95.34048432964404, 95.34048432964404, 95.96050748936659, 95.941634344025, 96.45414307449524, 96.42043994522703, 96.42043994522703, 96.42043994522703, 96.42043994522703, 96.42043994522703, 96.42043994522703, 96.42043994522703, 96.42043994522703, 96.03705847427186, 96.06539634930115, 95.75847815010206, 95.69995884790202, 95.69995884790202, 95.69995884790202, 95.69995884790202, 95.69995884790202, 95.69995884790202, 95.69995884790202, 95.69995884790202, 95.55669543645308, 95.51911168210245, 95.82526268108356, 96.00126569995815, 96.00126569995815, 96.00126569995815, 96.00126569995815, 96.00126569995815, 96.00126569995815, 96.00126569995815, 96.00126569995815, 95.9053124109027, 95.92418026697412, 95.92418026697412, 96.2018433474364, 96.2018433474364, 96.2018433474364, 96.2018433474364, 96.2018433474364, 96.2018433474364, 96.2018433474364, 96.2018433474364, 95.23934366412037, 95.23934366412037, 95.1377008213625, 95.1377008213625, 95.1377008213625, 95.1377008213625, 95.1377008213625, 95.1377008213625, 95.1377008213625, 95.1377008213625, 95.1377008213625, 96.19532053741607, 96.18585994334275, 96.3916050983018, 96.44659416563009, 96.44659416563009, 96.44659416563009, 96.44659416563009, 96.44659416563009, 96.44659416563009, 96.44659416563009, 96.44659416563009, 96.25379737569378, 96.25379737569378, 95.84377054981222, 95.6884049633788, 95.6884049633788, 95.6884049633788, 95.6884049633788, 95.6884049633788, 95.6884049633788, 95.6884049633788, 95.6884049633788, 95.40090850379931, 95.38214172726664, 95.38214172726664, 95.63773435797141, 95.63773435797141, 95.63773435797141, 95.63773435797141, 95.63773435797141, 95.63773435797141, 95.63773435797141, 95.63773435797141, 96.45432977941061, 96.4827963794439, 96.073537434038, 96.40386168334837, 96.40386168334837, 96.40386168334837, 96.40386168334837, 96.40386168334837, 96.40386168334837, 96.40386168334837, 96.40386168334837, 97.22002983505001, 97.22002983505001, 97.6341726671482, 97.66000181335643, 97.66000181335643, 97.66000181335643, 97.66000181335643, 97.66000181335643, 97.66000181335643, 97.66000181335643, 97.66000181335643, 96.93659439251677, 96.93659439251677, 97.03993830977956, 96.94162889775806, 96.94162889775806, 96.94162889775806, 96.94162889775806, 96.94162889775806, 96.94162889775806, 96.94162889775806, 96.94162889775806, 98.09914088459696, 98.10878871513242, 98.00430651202788, 98.11234547766863, 98.11234547766863, 98.11234547766863, 98.11234547766863, 98.11234547766863, 98.11234547766863, 98.11234547766863, 98.11234547766863, 95.5558291009152, 95.5464323235427, 95.44478718277301, 95.36068744959583, 95.36068744959583, 95.36068744959583, 95.36068744959583, 95.36068744959583, 95.36068744959583, 95.36068744959583, 95.36068744959583, 95.93833926655452, 95.92890394601295, 96.13344318683602, 96.06149652013222, 96.06149652013222, 96.06149652013222, 96.06149652013222, 96.06149652013222, 96.06149652013222, 96.06149652013222, 96.06149652013222, 95.91689818116565, 95.93576646053637, 95.83359844513646, 95.91382572617529, 95.91382572617529, 95.91382572617529, 95.91382572617529, 95.91382572617529, 95.91382572617529, 95.91382572617529, 95.91382572617529, 95.48004460480064, 95.4612659550603, 95.56303702750706, 95.40749959865833, 95.40749959865833, 95.40749959865833, 95.40749959865833, 95.40749959865833, 95.40749959865833, 95.40749959865833, 95.40749959865833, 95.88911241843957, 95.88911241843957, 95.78699408785548, 95.72804047123662, 95.72804047123662, 95.72804047123662, 95.72804047123662, 95.72804047123662, 95.72804047123662, 95.72804047123662, 95.72804047123662, 97.07429116596019, 97.08383914384609, 97.18734003845574, 97.10196441581027, 97.10196441581027, 97.10196441581027, 97.10196441581027, 97.10196441581027, 97.10196441581027, 97.10196441581027, 97.10196441581027, 96.38055309028418, 96.3900319015637, 96.49290280007125, 96.1971326377905, 96.1971326377905, 96.1971326377905, 96.1971326377905, 96.1971326377905, 96.1971326377905, 96.1971326377905, 96.1971326377905, 96.1011275153975, 96.08222671344738, 95.9797936359277, 95.90420246176683, 95.90420246176683, 95.90420246176683, 95.90420246176683, 95.90420246176683, 95.90420246176683, 95.90420246176683, 95.90420246176683, 94.94611852108986, 94.9647958336739, 94.9647958336739, 95.11044736102617, 95.11044736102617, 95.11044736102617, 95.11044736102617, 95.11044736102617, 95.11044736102617, 95.11044736102617, 95.11044736102617, 95.01447314572746, 95.00512960426364, 94.90395268242736, 94.92891208087106, 94.92891208087106, 94.92891208087106, 94.92891208087106, 94.92891208087106, 94.92891208087106, 94.92891208087106, 94.92891208087106, 95.79190219069716, 95.77306035313013, 95.77306035313013, 95.45507203566235, 95.45507203566235, 95.45507203566235, 95.45507203566235, 95.45507203566235, 95.45507203566235, 95.45507203566235, 95.45507203566235, 95.12064485635824, 95.12064485635824, 95.12064485635824, 95.10817982623685, 95.10817982623685, 95.10817982623685, 95.10817982623685, 95.10817982623685, 95.10817982623685, 95.10817982623685, 95.10817982623685, 95.10817982623685, 95.09882430982664, 95.30181006075478, 95.3059731662091, 95.3059731662091, 95.3059731662091, 95.3059731662091, 95.3059731662091, 95.3059731662091, 95.3059731662091, 95.3059731662091, 95.6889203210708, 95.70774745738582, 95.70774745738582, 95.804003445471, 95.804003445471, 95.804003445471, 95.804003445471, 95.804003445471, 95.804003445471, 95.804003445471, 95.804003445471, 96.42704098663715, 96.42704098663715, 96.32424030328252, 96.43809874335733, 96.43809874335733, 96.43809874335733, 96.43809874335733, 96.43809874335733, 96.43809874335733, 96.43809874335733, 96.43809874335733, 96.91741334943761, 96.90788080165072, 96.70169382122168, 96.61709781577925, 96.61709781577925, 96.61709781577925, 96.61709781577925, 96.61709781577925, 96.61709781577925, 96.61709781577925, 96.61709781577925, 96.04370257651647, 96.06259765866807, 95.55432994618836, 95.53343644683424, 95.53343644683424, 95.53343644683424, 95.53343644683424, 95.53343644683424, 95.53343644683424, 95.53343644683424, 95.53343644683424, 93.91744796962412, 93.89897482879609, 94.49896827818134, 94.39576741294658, 94.39576741294658, 94.39576741294658, 94.39576741294658, 94.39576741294658, 94.39576741294658, 94.39576741294658, 94.39576741294658, 95.0645633359128, 95.05521210993052, 94.3518437327957, 94.50045531725407, 94.50045531725407, 94.50045531725407, 94.50045531725407, 94.50045531725407, 94.50045531725407, 94.50045531725407, 94.50045531725407, 94.83286897917405, 94.85152768433474, 95.15328227930083, 95.10750950171425, 95.10750950171425, 95.10750950171425, 95.10750950171425, 95.10750950171425, 95.10750950171425, 95.10750950171425, 95.10750950171425, 95.58376142711091, 95.59316280032102, 96.20528550768702, 96.2179086644629, 96.2179086644629, 96.2179086644629, 96.2179086644629, 96.2179086644629, 96.2179086644629, 96.2179086644629, 96.2179086644629, 96.64937910690442, 96.64937910690442, 96.1363781562308, 96.14899392695249, 96.14899392695249, 96.14899392695249, 96.14899392695249, 96.14899392695249, 96.14899392695249, 96.14899392695249, 96.14899392695249, 94.86128418685938, 94.8519547922698, 95.25644074021126, 95.5532027978047, 95.5532027978047, 95.5532027978047, 95.5532027978047, 95.5532027978047, 95.5532027978047, 95.5532027978047, 95.5532027978047, 96.27381518692842, 96.2643459418033, 95.65249628539355, 95.86702978777076, 95.86702978777076, 95.86702978777076, 95.86702978777076, 95.86702978777076, 95.86702978777076, 95.86702978777076, 95.86702978777076, 95.67567843090895, 95.69450111012023, 95.99958453555098, 95.8604669222683, 95.8604669222683, 95.8604669222683, 95.8604669222683, 95.8604669222683, 95.8604669222683, 95.8604669222683, 95.8604669222683, 95.09358318689016, 95.09358318689016, 94.59097439626177, 94.81998806848057, 94.81998806848057, 94.81998806848057, 94.81998806848057, 94.81998806848057, 94.81998806848057, 94.81998806848057, 94.81998806848057, 95.63245772430929, 95.64186296208706, 96.76706134987631, 96.80967686991414, 96.80967686991414, 96.80967686991414, 96.80967686991414, 96.80967686991414, 96.80967686991414, 96.80967686991414, 96.80967686991414, 97.97081242457577, 97.96117816236467, 96.31304056972763, 96.29183745230738, 96.29183745230738, 96.29183745230738, 96.29183745230738, 96.29183745230738, 96.29183745230738, 96.29183745230738, 96.29183745230738, 95.67366763162592, 95.68307692230564, 96.69990026898265, 96.65734243944785, 96.65734243944785, 96.65734243944785, 96.65734243944785, 96.65734243944785, 96.65734243944785, 96.65734243944785, 96.65734243944785, 95.88869558108246, 95.86040704860697, 94.95225582393594, 95.02334978337251, 95.02334978337251, 95.02334978337251, 95.02334978337251, 95.02334978337251, 95.02334978337251, 95.02334978337251, 95.02334978337251, 95.07095667204153, 95.07095667204153, 95.98024318643937, 95.86202531773657, 95.86202531773657, 95.86202531773657, 95.86202531773657, 95.86202531773657, 95.86202531773657, 95.86202531773657, 95.86202531773657, 95.91002833492122, 95.91946272684872, 95.81763739486694, 95.53187802717031, 95.53187802717031, 95.53187802717031, 95.53187802717031, 95.53187802717031, 95.53187802717031, 95.53187802717031, 95.53187802717031, 95.43625052163762, 95.4268636572212, 95.73174181587048, 95.53481465089558, 95.53481465089558, 95.53481465089558, 95.53481465089558, 95.53481465089558, 95.53481465089558, 95.53481465089558, 95.53481465089558, 95.77413031885875, 95.7647092948258, 95.25748096169646, 95.40780839088377, 95.40780839088377, 95.40780839088377, 95.40780839088377, 95.40780839088377, 95.40780839088377, 95.40780839088377, 95.40780839088377]
Discharging samples: []
====================================

====================================
TIME: 2026-08-14 15:50:42
FINISH CYCLE - DUT 2
Charging samples: []
Discharging samples: [0.3417180991734093, 0.3417180991734093, 0.3417180991734093, 0.3417180991734093, 0.3417180991734093, 0.3417180991734093, 0.3417180991734093, 0.3417180991734093, 1.793014967427536, 99.47335210597981, 51.545282454916794, 51.570972886762355, 51.570972886762355, 51.570972886762355, 51.570972886762355, 51.570972886762355, 51.570972886762355, 51.570972886762355, 51.570972886762355, 51.45534290271132, 56.17342685225461, 61.17897974007928, 61.03903776752614, 61.03903776752614, 61.03903776752614, 61.03903776752614, 61.03903776752614, 61.03903776752614, 61.03903776752614, 61.03903776752614, 61.17620414453181, 61.30795476365141, 60.11750904008536, 60.099577788631755, 60.099577788631755, 60.099577788631755, 60.099577788631755, 60.099577788631755, 60.099577788631755, 60.099577788631755, 60.099577788631755, 59.96482537206532, 60.00778011803385, 56.70459956107786, 56.69896236060454, 56.69896236060454, 56.69896236060454, 56.69896236060454, 56.69896236060454, 56.69896236060454, 56.69896236060454, 56.69896236060454, 56.69896236060454, 56.658376131284136, 58.81679046009497, 58.82263822212123, 58.82263822212123, 58.82263822212123, 58.82263822212123, 58.82263822212123, 58.82263822212123, 58.82263822212123, 58.82263822212123, 58.82263822212123, 58.86477478245226, 60.5960916878185, 60.5960916878185, 60.5960916878185, 60.5960916878185, 60.5960916878185, 60.5960916878185, 60.5960916878185, 60.5960916878185, 60.5960916878185, 60.5960916878185, 60.5960916878185, 56.1891032014317, 56.1891032014317, 56.1891032014317, 56.1891032014317, 56.1891032014317, 56.1891032014317, 56.1891032014317, 56.1891032014317, 56.1891032014317, 56.1891032014317, 56.14888193929753, 59.388240512718546, 59.388240512718546, 59.388240512718546, 59.388240512718546, 59.388240512718546, 59.388240512718546, 59.388240512718546, 59.388240512718546, 59.388240512718546, 59.52169723297184, 59.56433455190664, 57.89430648035785, 57.89430648035785, 57.89430648035785, 57.89430648035785, 57.89430648035785, 57.89430648035785, 57.89430648035785, 57.89430648035785, 57.89430648035785, 57.76449861829427, 57.847196540439285, 60.0936896099709, 60.0936896099709, 60.0936896099709, 60.0936896099709, 60.0936896099709, 60.0936896099709, 60.0936896099709, 60.0936896099709, 60.0936896099709, 60.0936896099709, 60.05073486400237, 62.477027181739864, 62.477027181739864, 62.477027181739864, 62.477027181739864, 62.477027181739864, 62.477027181739864, 62.477027181739864, 62.477027181739864, 62.477027181739864, 62.477027181739864, 62.52171747300005, 61.89650029827004, 61.89650029827004, 61.89650029827004, 61.89650029827004, 61.89650029827004, 61.89650029827004, 61.89650029827004, 61.89650029827004, 61.89650029827004, 61.89650029827004, 61.76377013322729, 61.15224765666068, 61.15224765666068, 61.15224765666068, 61.15224765666068, 61.15224765666068, 61.15224765666068, 61.15224765666068, 61.15224765666068, 61.15224765666068, 61.15224765666068, 61.19605299165829, 62.432336890479675, 62.432336890479675, 62.432336890479675, 62.432336890479675, 62.432336890479675, 62.432336890479675, 62.432336890479675, 62.432336890479675, 62.432336890479675, 62.432336890479675, 62.432336890479675, 62.432336890479675, 62.432336890479675, 62.432336890479675, 62.432336890479675, 62.432336890479675, 62.432336890479675, 62.432336890479675, 62.432336890479675, 62.432336890479675, 62.432336890479675, 62.52171747300005, 58.94904790311431, 58.94904790311431, 58.94904790311431, 58.94904790311431, 58.94904790311431, 58.94904790311431, 58.94904790311431, 58.94904790311431, 58.94904790311431, 58.94904790311431, 58.82263822212123, 59.388240512718546, 59.388240512718546, 59.388240512718546, 59.388240512718546, 59.388240512718546, 59.388240512718546, 59.388240512718546, 59.388240512718546, 59.388240512718546, 59.388240512718546, 59.55840739097849, 61.3274689966511, 61.3274689966511, 61.3274689966511, 61.3274689966511, 61.3274689966511, 61.3274689966511, 61.3274689966511, 61.3274689966511, 61.3274689966511, 61.3274689966511, 61.15224765666068, 60.5527158168895, 60.5527158168895, 60.5527158168895, 60.5527158168895, 60.5527158168895, 60.5527158168895, 60.5527158168895, 60.5527158168895, 60.5527158168895, 60.5527158168895, 60.5960916878185, 57.22964214960636, 57.22964214960636, 57.22964214960636, 57.22964214960636, 57.22964214960636, 57.22964214960636, 57.22964214960636, 57.22964214960636, 57.22964214960636, 57.22964214960636, 57.352540450571865, 55.8024717897456, 55.8024717897456, 55.8024717897456, 55.8024717897456, 55.8024717897456, 55.8024717897456, 55.8024717897456, 55.8024717897456, 55.8024717897456, 55.8024717897456, 55.64303615606061, 60.5527158168895, 60.5527158168895, 60.5527158168895, 60.5527158168895, 60.5527158168895, 60.5527158168895, 60.5527158168895, 60.5527158168895, 60.5527158168895, 60.5527158168895, 60.5527158168895, 60.5527158168895, 60.5527158168895, 60.5527158168895, 60.5527158168895, 60.5527158168895, 60.5527158168895, 60.5527158168895, 60.5527158168895, 60.5527158168895, 60.5527158168895, 60.68284342967652, 61.2836636616535, 61.2836636616535, 61.2836636616535, 61.2836636616535, 61.2836636616535, 61.2836636616535, 61.2836636616535, 61.2836636616535, 61.2836636616535, 61.421379759769565, 61.24576466395894, 58.9125926767605, 58.9125926767605, 58.9125926767605, 58.9125926767605, 58.9125926767605, 58.9125926767605, 58.9125926767605, 58.9125926767605, 58.9125926767605, 58.78050166179018, 58.82263822212123, 57.72314965722176, 57.72314965722176, 57.72314965722176, 57.72314965722176, 57.72314965722176, 57.72314965722176, 57.72314965722176, 57.72314965722176, 57.72314965722176, 57.72314965722176, 57.88854550151179, 58.43466385529964, 58.43466385529964, 58.43466385529964, 58.43466385529964, 58.43466385529964, 58.43466385529964, 58.43466385529964, 58.43466385529964, 58.43466385529964, 58.43466385529964, 58.26770767285593, 57.188676049284524, 57.194362504097015, 57.194362504097015, 57.194362504097015, 57.194362504097015, 57.194362504097015, 57.194362504097015, 57.194362504097015, 57.194362504097015, 57.3228891614096, 57.405013644448864, 56.87836214312364, 56.86705319349781, 56.86705319349781, 56.86705319349781, 56.86705319349781, 56.86705319349781, 56.86705319349781, 56.86705319349781, 56.86705319349781, 56.61204398635208, 56.57154896204138, 62.28584683699506, 62.29823340293661, 62.29823340293661, 62.29823340293661, 62.29823340293661, 62.29823340293661, 62.29823340293661, 62.29823340293661, 62.29823340293661, 62.57885607592281, 62.66844642105656, 56.40160177895089, 56.39599414306116, 56.39599414306116, 56.39599414306116, 56.39599414306116, 56.39599414306116, 56.39599414306116, 56.39599414306116, 56.39599414306116, 56.269545725700034, 56.34998824996836, 54.85397086280107, 54.84851763973091, 54.84851763973091, 54.84851763973091, 54.84851763973091, 54.84851763973091, 54.84851763973091, 54.84851763973091, 54.84851763973091, 54.84851763973091, 54.77021854245792, 60.67681073821317, 60.68284342967652, 60.68284342967652, 60.68284342967652, 60.68284342967652, 60.68284342967652, 60.68284342967652, 60.68284342967652, 60.68284342967652, 60.81920936996792, 60.81920936996792, 60.22873160909443, 60.22873160909443, 60.22873160909443, 60.22873160909443, 60.22873160909443, 60.22873160909443, 60.22873160909443, 60.22873160909443, 60.22873160909443, 60.22873160909443, 60.05652651514419, 57.27613176907271, 57.27613176907271, 57.27613176907271, 57.27613176907271, 57.27613176907271, 57.27613176907271, 57.27613176907271, 57.27613176907271, 57.27613176907271, 57.14770994896268, 57.22964214960636, 57.22964214960636, 57.23533267781056, 57.23533267781056, 57.23533267781056, 57.23533267781056, 57.23533267781056, 57.23533267781056, 57.23533267781056, 57.23533267781056, 57.23533267781056, 57.27630285152409, 56.234915526950935, 56.22932446356587, 56.22932446356587, 56.22932446356587, 56.22932446356587, 56.22932446356587, 56.22932446356587, 56.22932446356587, 56.22932446356587, 56.22932446356587, 56.22932446356587, 63.11454786726781, 63.11454786726781, 63.11454786726781, 63.11454786726781, 63.11454786726781, 63.11454786726781, 63.11454786726781, 63.11454786726781, 63.11454786726781, 63.25637831191335, 63.21113054488051, 60.142629062119326, 60.142629062119326, 60.142629062119326, 60.142629062119326, 60.142629062119326, 60.142629062119326, 60.142629062119326, 60.142629062119326, 60.142629062119326, 60.00778011803385, 59.96482537206532, 57.72314965722176, 57.72314965722176, 57.72314965722176, 57.72314965722176, 57.72314965722176, 57.72314965722176, 57.72314965722176, 57.72314965722176, 57.72314965722176, 57.593434714171835, 57.63469075623069, 57.63469075623069, 57.63469075623069, 57.63469075623069, 57.63469075623069, 57.63469075623069, 57.63469075623069, 57.63469075623069, 57.63469075623069, 57.63469075623069, 57.76449861829427, 57.681800696149246, 59.34569879315356, 59.34569879315356, 59.34569879315356, 59.34569879315356, 59.34569879315356, 59.34569879315356, 59.34569879315356, 59.34569879315356, 59.34569879315356, 59.34569879315356, 59.43078223228353, 63.069401552627426, 63.069401552627426, 63.069401552627426, 63.069401552627426, 63.069401552627426, 63.069401552627426, 63.069401552627426, 63.069401552627426, 63.069401552627426, 63.069401552627426, 63.02425523798703, 66.41265605723365, 66.41265605723365, 66.41265605723365, 66.41265605723365, 66.41265605723365, 66.41265605723365, 66.41265605723365, 66.41265605723365, 66.41265605723365, 66.41265605723365, 66.5553766648065, 58.94904790311431, 58.94904790311431, 58.94904790311431, 58.94904790311431, 58.94904790311431, 58.94904790311431, 58.94904790311431, 58.94904790311431, 58.94904790311431, 58.94904790311431, 58.82263822212123, 60.5527158168895, 60.54669606186246, 60.54669606186246, 60.54669606186246, 60.54669606186246, 60.54669606186246, 60.54669606186246, 60.54669606186246, 60.54669606186246, 60.41063607071222, 60.54045835453179, 57.71146497347891, 57.71720284034841, 57.71720284034841, 57.71720284034841, 57.71720284034841, 57.71720284034841, 57.71720284034841, 57.71720284034841, 57.71720284034841, 57.71720284034841, 57.71720284034841, 63.017762284870216, 63.017762284870216, 63.017762284870216, 63.017762284870216, 63.017762284870216, 63.017762284870216, 63.017762284870216, 63.017762284870216, 63.017762284870216, 63.15969418190821, 63.15969418190821, 60.68284342967652, 60.68887732083985, 60.68887732083985, 60.68887732083985, 60.68887732083985, 60.68887732083985, 60.68887732083985, 60.68887732083985, 60.68887732083985, 60.68887732083985, 60.55873676904392, 63.030521943290594, 63.02425523798703, 63.02425523798703, 63.02425523798703, 63.02425523798703, 63.02425523798703, 63.02425523798703, 63.02425523798703, 63.02425523798703, 63.02425523798703, 63.15969418190821, 60.0936896099709, 60.09966491966665, 60.09966491966665, 60.09966491966665, 60.09966491966665, 60.09966491966665, 60.09966491966665, 60.09966491966665, 60.09966491966665, 60.09966491966665, 59.970787868373584, 55.151706700379265, 55.146223333238645, 55.146223333238645, 55.146223333238645, 55.146223333238645, 55.146223333238645, 55.146223333238645, 55.146223333238645, 55.146223333238645, 55.146223333238645, 55.18572635854899, 62.432336890479675, 62.438544739429716, 62.438544739429716, 62.438544739429716, 62.438544739429716, 62.438544739429716, 62.438544739429716, 62.438544739429716, 62.438544739429716, 62.438544739429716, 62.483239474389926, 59.47923757658272, 59.47332395184851, 59.47332395184851, 59.47332395184851, 59.47332395184851, 59.47332395184851, 59.47332395184851, 59.47332395184851, 59.47332395184851, 59.33967603285559, 59.25478379246525, 61.01482687540975, 61.01482687540975, 61.01482687540975, 61.01482687540975, 61.01482687540975, 61.01482687540975, 61.01482687540975, 61.01482687540975, 61.01482687540975, 61.15224765666068, 61.19605299165829, 58.30944671846686, 58.30944671846686, 58.30944671846686, 58.30944671846686, 58.30944671846686, 58.30944671846686, 58.30944671846686, 58.30944671846686, 58.30944671846686, 58.178414253930974, 58.22005950393378, 59.33967603285559, 59.33967603285559, 59.33967603285559, 59.33967603285559, 59.33967603285559, 59.33967603285559, 59.33967603285559, 59.33967603285559, 59.33967603285559, 59.33967603285559, 59.38212215305077, 59.95864761084738, 59.95864761084738, 59.95864761084738, 59.95864761084738, 59.95864761084738, 59.95864761084738, 59.95864761084738, 59.95864761084738, 59.95864761084738, 59.95864761084738, 59.95864761084738, 61.757407039172804, 61.757407039172804, 61.757407039172804, 61.757407039172804, 61.757407039172804, 61.757407039172804, 61.757407039172804, 61.757407039172804, 61.757407039172804, 61.89650029827004, 61.76377013322729, 62.387646599219494, 62.387646599219494, 62.387646599219494, 62.387646599219494, 62.387646599219494, 62.387646599219494, 62.387646599219494, 62.387646599219494, 62.387646599219494, 62.387646599219494, 62.61109805552042, 62.61109805552042, 62.6173236792706, 62.6173236792706, 62.6173236792706, 62.6173236792706, 62.6173236792706, 62.6173236792706, 62.6173236792706, 62.6173236792706, 62.6173236792706, 62.483239474389926, 64.43584070796462, 64.43584070796462, 64.43584070796462, 64.43584070796462, 64.43584070796462, 64.43584070796462, 64.43584070796462, 64.43584070796462, 64.43584070796462, 64.43584070796462, 64.34365781710916, 62.393850004469485, 62.393850004469485, 62.393850004469485, 62.393850004469485, 62.393850004469485, 62.393850004469485, 62.393850004469485, 62.393850004469485, 62.393850004469485, 62.393850004469485, 62.438544739429716, 58.870627897176576, 58.870627897176576, 58.870627897176576, 58.870627897176576, 58.870627897176576, 58.870627897176576, 58.870627897176576, 58.870627897176576, 58.870627897176576, 58.73833435134023, 58.82242645492124, 61.15202750264089, 61.15202750264089, 61.15202750264089, 61.15202750264089, 61.15202750264089, 61.15202750264089, 61.15202750264089, 61.15202750264089, 61.15202750264089, 61.15202750264089, 61.10831626068046, 60.509215120869875, 60.50319909232336, 60.50319909232336, 60.50319909232336, 60.50319909232336, 60.50319909232336, 60.50319909232336, 60.50319909232336, 60.50319909232336, 60.639467558747505, 60.50933994596049, 61.10844232166306, 61.11451853149917, 61.11451853149917, 61.11451853149917, 61.11451853149917, 61.11451853149917, 61.11451853149917, 61.11451853149917, 61.11451853149917, 61.11451853149917, 61.24594760360993, 62.483239474389926, 62.483239474389926, 62.483239474389926, 62.483239474389926, 62.483239474389926, 62.483239474389926, 62.483239474389926, 62.483239474389926, 62.483239474389926, 62.34282770029017, 62.29823340293661, 57.6404215597264, 57.63469075623069, 57.63469075623069, 57.63469075623069, 57.63469075623069, 57.63469075623069, 57.63469075623069, 57.63469075623069, 57.63469075623069, 57.63469075623069, 57.675946798289544, 58.77453626111411, 58.78038040313073, 58.78038040313073, 58.78038040313073, 58.78038040313073, 58.78038040313073, 58.78038040313073, 58.78038040313073, 58.78038040313073, 58.91276864728192, 58.99705014749262, 59.56432947583391, 59.55840739097849, 59.55840739097849, 59.55840739097849, 59.55840739097849, 59.55840739097849, 59.55840739097849, 59.55840739097849, 59.55840739097849, 59.424568273245946, 59.29722991266042, 57.10103621219152, 57.10671395269189, 57.10671395269189, 57.10671395269189, 57.10671395269189, 57.10671395269189, 57.10671395269189, 57.10671395269189, 57.10671395269189, 57.10671395269189, 57.147592058599315, 57.68168170400679, 57.68168170400679, 57.68168170400679, 57.68168170400679, 57.68168170400679, 57.68168170400679, 57.68168170400679, 57.68168170400679, 57.68168170400679, 57.68168170400679, 57.6404215597264, 56.58279914578645, 56.57717349464847, 56.57717349464847, 56.57717349464847, 56.57717349464847, 56.57717349464847, 56.57717349464847, 56.57717349464847, 56.57717349464847, 56.70459956107786, 56.78578009015599, 60.68284342967652, 60.68284342967652, 60.68284342967652, 60.68284342967652, 60.68284342967652, 60.68284342967652, 60.68284342967652, 60.68284342967652, 60.68284342967652, 60.68284342967652, 60.76959517153452, 59.03332102377639, 59.03919089759798, 59.03919089759798, 59.03919089759798, 59.03919089759798, 59.03919089759798, 59.03919089759798, 59.03919089759798, 59.03919089759798, 59.03919089759798, 58.954909397387276, 63.817169966243966, 63.81082504976293, 63.81082504976293, 63.81082504976293, 63.81082504976293, 63.81082504976293, 63.81082504976293, 63.81082504976293, 63.81082504976293, 63.667429937291566, 63.53090221047821, 58.69045251825129, 58.69045251825129, 58.69045251825129, 58.69045251825129, 58.69045251825129, 58.69045251825129, 58.69045251825129, 58.69045251825129, 58.69045251825129, 58.82263822212123, 58.82263822212123, 58.82263822212123, 58.82848714707123, 58.82848714707123, 58.82848714707123, 58.82848714707123, 58.82848714707123, 58.82848714707123, 58.82848714707123, 58.82848714707123, 58.96068599459273, 59.045156891433116, 62.62365124848968, 62.62365124848968, 62.62365124848968, 62.62365124848968, 62.62365124848968, 62.62365124848968, 62.62365124848968, 62.62365124848968, 62.62365124848968, 62.483239474389926, 62.52793420935016, 60.68887732083985, 60.68887732083985, 60.68887732083985, 60.68887732083985, 60.68887732083985, 60.68887732083985, 60.68887732083985, 60.68887732083985, 60.68887732083985, 60.552497821242454, 60.509215120869875, 60.509215120869875, 60.50319909232336, 60.50319909232336, 60.50319909232336, 60.50319909232336, 60.50319909232336, 60.50319909232336, 60.50319909232336, 60.50319909232336, 60.50319909232336, 60.41664229819986, 59.25478379246525, 59.25478379246525, 59.25478379246525, 59.25478379246525, 59.25478379246525, 59.25478379246525, 59.25478379246525, 59.25478379246525, 59.25478379246525, 59.388240512718546, 59.388240512718546, 60.5527158168895, 60.55873676904392, 60.55873676904392, 60.55873676904392, 60.55873676904392, 60.55873676904392, 60.55873676904392, 60.55873676904392, 60.55873676904392, 60.422649720124724, 60.552497821242454, 63.02402834455847, 63.017762284870216, 63.017762284870216, 63.017762284870216, 63.017762284870216, 63.017762284870216, 63.017762284870216, 63.017762284870216, 63.017762284870216, 63.15969418190821, 63.15969418190821, 61.2836636616535, 61.28975729431351, 61.28975729431351, 61.28975729431351, 61.28975729431351, 61.28975729431351, 61.28975729431351, 61.28975729431351, 61.28975729431351, 61.28975729431351, 61.20213791290634, 62.438544739429716, 62.42613027581713, 62.42613027581713, 62.42613027581713, 62.42613027581713, 62.42613027581713, 62.42613027581713, 62.42613027581713, 62.42613027581713, 62.28584683699506, 62.28584683699506, 62.28584683699506, 62.292039504208944, 62.292039504208944, 62.292039504208944, 62.292039504208944, 62.292039504208944, 62.292039504208944, 62.292039504208944, 62.292039504208944, 62.432336890479675, 62.477027181739864, 63.11454786726781, 63.11454786726781, 63.11454786726781, 63.11454786726781, 63.11454786726781, 63.11454786726781, 63.11454786726781, 63.11454786726781, 63.11454786726781, 62.97271742262227, 63.017762284870216, 58.261704753936606, 58.26749790345973, 58.26749790345973, 58.26749790345973, 58.26749790345973, 58.26749790345973, 58.26749790345973, 58.26749790345973, 58.26749790345973, 58.39873100684589, 58.39873100684589, 63.16597435434351, 63.15969418190821, 63.15969418190821, 63.15969418190821, 63.15969418190821, 63.15969418190821, 63.15969418190821, 63.15969418190821, 63.15969418190821, 63.15969418190821, 63.2048404965486, 57.88854550151179, 57.89430154660492, 57.89430154660492, 57.89430154660492, 57.89430154660492, 57.89430154660492, 57.89430154660492, 57.89430154660492, 57.89430154660492, 57.89430154660492, 57.81159540153834, 59.47923757658272, 59.47332395184851, 59.47332395184851, 59.47332395184851, 59.47332395184851, 59.47332395184851, 59.47332395184851, 59.47332395184851, 59.47332395184851, 59.47332395184851, 59.388240512718546, 60.5527158168895, 60.55873676904392, 60.55873676904392, 60.55873676904392, 60.55873676904392, 60.55873676904392, 60.55873676904392, 60.55873676904392, 60.55873676904392, 60.55873676904392, 60.55873676904392, 61.15832822220276, 61.15224765666068, 61.15224765666068, 61.15224765666068, 61.15224765666068, 61.15224765666068, 61.15224765666068, 61.15224765666068, 61.15224765666068, 61.15224765666068, 61.2836636616535, 59.5158656714135, 59.5158656714135, 59.5158656714135, 59.5158656714135, 59.5158656714135, 59.5158656714135, 59.5158656714135, 59.5158656714135, 59.5158656714135, 59.38212215305077, 59.424568273245946, 58.303350003939414, 58.303350003939414, 58.303350003939414, 58.303350003939414, 58.303350003939414, 58.303350003939414, 58.303350003939414, 58.303350003939414, 58.303350003939414, 58.43466385529964, 58.47640290091057, 55.34373845979036, 55.34373845979036, 55.34373845979036, 55.34373845979036, 55.34373845979036, 55.34373845979036, 55.34373845979036, 55.34373845979036, 55.34373845979036, 55.34373845979036, 55.18572635854899, 54.21755572067971, 54.22294674739948, 54.22294674739948, 54.22294674739948, 54.22294674739948, 54.22294674739948, 54.22294674739948, 54.22294674739948, 54.22294674739948, 54.22294674739948, 54.4170159913057, 58.523960594423116, 58.518141946521496, 58.518141946521496, 58.518141946521496, 58.518141946521496, 58.518141946521496, 58.518141946521496, 58.518141946521496, 58.518141946521496, 58.386640503945046, 58.261704753936606, 59.38212215305077, 59.38802670929548, 59.38802670929548, 59.38802670929548, 59.38802670929548, 59.38802670929548, 59.38802670929548, 59.38802670929548, 59.38802670929548, 59.52178352620832, 59.43669162695711, 63.07567274697491, 63.069401552627426, 63.069401552627426, 63.069401552627426, 63.069401552627426, 63.069401552627426, 63.069401552627426, 63.069401552627426, 63.069401552627426, 63.069401552627426, 63.069401552627426, 65.06106686481566, 65.06753609687938, 65.06753609687938, 65.06753609687938, 65.06753609687938, 65.06753609687938, 65.06753609687938, 65.06753609687938, 65.06753609687938, 65.06753609687938, 65.16068933395437, 58.954909397387276, 58.94904790311431, 58.94904790311431, 58.94904790311431, 58.94904790311431, 58.94904790311431, 58.94904790311431, 58.94904790311431, 58.94904790311431, 58.94904790311431, 58.90691134278329, 61.23985832665589, 61.23985832665589, 61.23985832665589, 61.23985832665589, 61.23985832665589, 61.23985832665589, 61.23985832665589, 61.23985832665589, 61.23985832665589, 61.23985832665589, 61.19605299165829, 58.86477478245226, 58.86477478245226, 58.86477478245226, 58.86477478245226, 58.86477478245226, 58.86477478245226, 58.86477478245226, 58.86477478245226, 58.86477478245226, 58.7324943896827, 58.69045251825129, 61.62497514416386, 61.62497514416386, 61.62497514416386, 61.62497514416386, 61.62497514416386, 61.62497514416386, 61.62497514416386, 61.62497514416386, 61.62497514416386, 61.76377013322729, 61.89650029827004, 61.2836636616535, 61.28975729431351, 61.28975729431351, 61.28975729431351, 61.28975729431351, 61.28975729431351, 61.28975729431351, 61.28975729431351, 61.28975729431351, 61.28975729431351, 61.11451853149917, 64.29756637168143, 64.29117369258303, 64.29117369258303, 64.29117369258303, 64.29117369258303, 64.29117369258303, 64.29117369258303, 64.29117369258303, 64.29117369258303, 64.29117369258303, 64.47552114403129, 57.847196540439285, 57.847196540439285, 57.847196540439285, 57.847196540439285, 57.847196540439285, 57.847196540439285, 57.847196540439285, 57.847196540439285, 57.847196540439285, 57.847196540439285, 57.80584757936678, 58.35118576407778, 58.356987810986816, 58.356987810986816, 58.356987810986816, 58.356987810986816, 58.356987810986816, 58.356987810986816, 58.356987810986816, 58.356987810986816, 58.356987810986816, 58.39873100684589, 64.48193215339234, 64.48193215339234, 64.48193215339234, 64.48193215339234, 64.48193215339234, 64.48193215339234, 64.48193215339234, 64.48193215339234, 64.48193215339234, 64.48193215339234, 64.29756637168143, 61.11451853149917, 61.11451853149917, 61.11451853149917, 61.11451853149917, 61.11451853149917, 61.11451853149917, 61.11451853149917, 61.11451853149917, 61.11451853149917, 61.11451853149917, 61.15832822220276, 64.34365781710916, 64.34365781710916, 64.34365781710916, 64.34365781710916, 64.34365781710916, 64.34365781710916, 64.34365781710916, 64.34365781710916, 64.34365781710916, 64.34365781710916, 64.25147492625369, 61.681415929203546, 61.681415929203546, 61.681415929203546, 61.681415929203546, 61.681415929203546, 61.681415929203546, 61.681415929203546, 61.681415929203546, 61.681415929203546, 61.681415929203546, 61.90265486725664, 58.954909397387276, 58.954909397387276, 58.954909397387276, 58.954909397387276, 58.954909397387276, 58.954909397387276, 58.954909397387276, 58.954909397387276, 58.954909397387276, 58.954909397387276, 58.870627897176576, 59.43669162695711, 59.43078223228353, 59.43078223228353, 59.43078223228353, 59.43078223228353, 59.43078223228353, 59.43078223228353, 59.43078223228353, 59.43078223228353, 59.43078223228353, 59.43078223228353, 61.80801352157488, 61.80801352157488, 61.80801352157488, 61.80801352157488, 61.80801352157488, 61.80801352157488, 61.80801352157488, 61.80801352157488, 61.80801352157488, 61.80801352157488, 61.76377013322729, 60.5527158168895, 60.5527158168895, 60.5527158168895, 60.5527158168895, 60.5527158168895, 60.5527158168895, 60.5527158168895, 60.5527158168895, 60.5527158168895, 60.5527158168895, 60.639467558747505, 58.35118576407778, 58.356987810986816, 58.356987810986816, 58.356987810986816, 58.356987810986816, 58.356987810986816, 58.356987810986816, 58.356987810986816, 58.356987810986816, 58.356987810986816, 58.27350141926867, 61.15832822220276, 61.15832822220276, 61.15832822220276, 61.15832822220276, 61.15832822220276, 61.15832822220276, 61.15832822220276, 61.15832822220276, 61.15832822220276, 61.15832822220276, 61.33356698501709, 58.99705014749262, 58.99705014749262, 58.99705014749262, 58.99705014749262, 58.99705014749262, 58.99705014749262, 58.99705014749262, 58.99705014749262, 58.99705014749262, 58.99705014749262, 58.82848714707123, 62.393850004469485, 62.393850004469485, 62.393850004469485, 62.393850004469485, 62.393850004469485, 62.393850004469485, 62.393850004469485, 62.393850004469485, 62.393850004469485, 62.393850004469485, 62.438544739429716, 62.438544739429716, 62.432336890479675, 62.432336890479675, 62.432336890479675, 62.432336890479675, 62.432336890479675, 62.432336890479675, 62.432336890479675, 62.432336890479675, 62.432336890479675, 62.387646599219494, 59.388240512718546, 59.388240512718546, 59.388240512718546, 59.388240512718546, 59.388240512718546, 59.388240512718546, 59.388240512718546, 59.388240512718546, 59.388240512718546, 59.388240512718546, 59.47332395184851, 61.23985832665589, 61.24594760360993, 61.24594760360993, 61.24594760360993, 61.24594760360993, 61.24594760360993, 61.24594760360993, 61.24594760360993, 61.24594760360993, 61.24594760360993, 61.28975729431351, 62.52793420935016, 62.52171747300005, 62.52171747300005, 62.52171747300005, 62.52171747300005]
====================================

====================================
TIME: 2026-08-14 15:56:56
FINISH CYCLE - DUT 1
Charging samples: [95.87276633275667, 95.86333653376651, 95.76080890111011, 95.82768681217154, 95.82768681217154, 95.82768681217154, 95.82768681217154, 95.82768681217154, 95.82768681217154, 95.82768681217154, 95.82768681217154, 95.25243306442465, 95.26180277060845, 94.65439488896801, 94.882178381372, 94.882178381372, 94.882178381372, 94.882178381372, 94.882178381372, 94.882178381372, 94.882178381372, 94.882178381372, 96.79223733217967, 96.79223733217967, 97.20543791844301, 97.45702244367497, 97.45702244367497, 97.45702244367497, 97.45702244367497, 97.45702244367497, 97.45702244367497, 97.45702244367497, 97.45702244367497, 95.34152713656016, 95.32277204122495, 94.01835516066083, 93.98949367374576, 93.98949367374576, 93.98949367374576, 93.98949367374576, 93.98949367374576, 93.98949367374576, 93.98949367374576, 93.98949367374576, 95.36402484698763, 95.38278805895949, 95.88745889525028, 96.0475170300194, 96.0475170300194, 96.0475170300194, 96.0475170300194, 96.0475170300194, 96.0475170300194, 96.0475170300194, 96.0475170300194, 95.04503300535221, 95.03568462008562, 95.94948927989412, 95.84423534255333, 95.84423534255333, 95.84423534255333, 95.84423534255333, 95.84423534255333, 95.84423534255333, 95.84423534255333, 95.84423534255333, 96.37376150466687, 96.39272152070164, 95.9825397269965, 95.89417738714876, 95.89417738714876, 95.89417738714876, 95.89417738714876, 95.89417738714876, 95.89417738714876, 95.89417738714876, 95.89417738714876, 95.51098387111621, 95.49219728892282, 95.18840450857631, 95.58228178215144, 95.58228178215144, 95.58228178215144, 95.58228178215144, 95.58228178215144, 95.58228178215144, 95.58228178215144, 95.58228178215144, 94.81532265049927, 94.81532265049927, 95.32073481814587, 95.35011593411798, 95.35011593411798, 95.35011593411798, 95.35011593411798, 95.35011593411798, 95.35011593411798, 95.35011593411798, 95.35011593411798, 94.96447340253408, 94.96447340253408, 95.16738894399248, 95.19253888821659, 95.19253888821659, 95.19253888821659, 95.19253888821659, 95.19253888821659, 95.19253888821659, 95.19253888821659, 95.19253888821659, 96.06231843135765, 96.07176780362121, 95.96923656797168, 95.88055212493856, 95.88055212493856, 95.88055212493856, 95.88055212493856, 95.88055212493856, 95.88055212493856, 95.88055212493856, 95.88055212493856, 101.81279956526423, 101.84284170145939, 101.40992845299408, 101.72326745064181, 101.72326745064181, 101.72326745064181, 101.72326745064181, 101.72326745064181, 101.72326745064181, 101.72326745064181, 101.72326745064181, 96.90454327012822, 96.89501479979684, 97.30865413725597, 97.39893785806902, 97.39893785806902, 97.39893785806902, 97.39893785806902, 97.39893785806902, 97.39893785806902, 97.39893785806902, 97.39893785806902, 98.27073342318351, 98.27073342318351, 97.64546894753228, 97.82266826709358, 97.82266826709358, 97.82266826709358, 97.82266826709358, 97.82266826709358, 97.82266826709358, 97.82266826709358, 97.82266826709358, 97.29233344652285, 97.2540632789758, 97.6683510884709, 97.60354990011602, 97.60354990011602, 97.60354990011602, 97.60354990011602, 97.60354990011602, 97.60354990011602, 97.60354990011602, 97.60354990011602, 99.10291067657965, 99.15165780431037, 98.94092101832884, 99.11628599709228, 99.11628599709228, 99.11628599709228, 99.11628599709228, 99.11628599709228, 99.11628599709228, 99.11628599709228, 99.11628599709228, 97.95533389170907, 97.90717492716053, 98.11570991103092, 97.94211523673684, 97.94211523673684, 97.94211523673684, 97.94211523673684, 97.94211523673684, 97.94211523673684, 97.94211523673684, 97.94211523673684, 96.6845868435738, 96.69409836220079, 96.59123230011333, 96.62114861470565, 96.62114861470565, 96.62114861470565, 96.62114861470565, 96.62114861470565, 96.62114861470565, 96.62114861470565, 96.62114861470565, 96.42780964799289, 96.43729497256972, 96.43729497256972, 96.33073913528895, 96.33073913528895, 96.33073913528895, 96.33073913528895, 96.33073913528895, 96.33073913528895, 96.33073913528895, 96.33073913528895, 95.94445045705223, 95.94445045705223, 96.25163653108764, 96.21336550264584, 96.21336550264584, 96.21336550264584, 96.21336550264584, 96.21336550264584, 96.21336550264584, 96.21336550264584, 96.21336550264584, 96.26178692464012, 96.25231886258398, 96.04730859876591, 95.92441008352746, 95.92441008352746, 95.92441008352746, 95.92441008352746, 95.92441008352746, 95.92441008352746, 95.92441008352746, 95.92441008352746, 96.06916522952876, 96.06916522952876, 96.17158438222549, 96.18007185768064, 96.18007185768064, 96.18007185768064, 96.18007185768064, 96.18007185768064, 96.18007185768064, 96.18007185768064, 96.18007185768064, 96.27668669631217, 96.26721623726276, 96.06239237292814, 96.12601827859308, 96.12601827859308, 96.12601827859308, 96.12601827859308, 96.12601827859308, 96.12601827859308, 96.12601827859308, 96.12601827859308, 96.56010466319285, 96.5696039356634, 96.5696039356634, 96.4078386744972, 96.4078386744972, 96.4078386744972, 96.4078386744972, 96.4078386744972, 96.4078386744972, 96.4078386744972, 96.4078386744972, 96.02259256590781, 96.0414834949981, 95.93942028193223, 95.70316824658688, 95.70316824658688, 95.70316824658688, 95.70316824658688, 95.70316824658688, 95.70316824658688, 95.70316824658688, 95.70316824658688, 96.03913724243749, 96.02969200864102, 96.13185125545874, 96.18260501563584, 96.18260501563584, 96.18260501563584, 96.18260501563584, 96.18260501563584, 96.18260501563584, 96.18260501563584, 96.18260501563584, 96.37487409112937, 96.36539490611007, 96.46802045979071, 96.3662654168937, 96.3662654168937, 96.3662654168937, 96.3662654168937, 96.3662654168937, 96.3662654168937, 96.3662654168937, 96.3662654168937, 96.60658029324506, 96.61608320297292, 96.61608320297292, 96.59061211464662, 96.59061211464662, 96.59061211464662, 96.59061211464662, 96.59061211464662, 96.59061211464662, 96.59061211464662, 96.59061211464662, 96.0620067747157, 96.0620067747157, 96.0620067747157, 95.9439685867273, 95.9439685867273, 95.9439685867273, 95.9439685867273, 95.9439685867273, 95.9439685867273, 95.9439685867273, 95.9439685867273, 96.08795653358081, 96.07850556903537, 96.07850556903537, 95.8849431262475, 95.8849431262475, 95.8849431262475, 95.8849431262475, 95.8849431262475, 95.8849431262475, 95.8849431262475, 95.8849431262475, 96.02862685720591, 96.03807291532684, 96.34588725159392, 96.43880775133242, 96.43880775133242, 96.43880775133242, 96.43880775133242, 96.43880775133242, 96.43880775133242, 96.43880775133242, 96.43880775133242, 96.2945102833753, 96.28503900273368, 95.87531543250927, 95.96787135595984, 95.96787135595984, 95.96787135595984, 95.96787135595984, 95.96787135595984, 95.96787135595984, 95.96787135595984, 95.96787135595984, 96.01580735563816, 95.98747296432721, 95.17745209542994, 95.36995804435445, 95.36995804435445, 95.36995804435445, 95.36995804435445, 95.36995804435445, 95.36995804435445, 95.36995804435445, 95.36995804435445, 94.9414360161971, 94.96946162950503, 94.76952592081133, 94.91559485718743, 94.91559485718743, 94.91559485718743, 94.91559485718743, 94.91559485718743, 94.91559485718743, 94.91559485718743, 94.91559485718743, 95.05839665486623, 95.06774727424995, 94.96778118878808, 94.98451265129492, 94.98451265129492, 94.98451265129492, 94.98451265129492, 94.98451265129492, 94.98451265129492, 94.98451265129492, 94.98451265129492, 94.36618582882781, 94.34762259762316, 94.24851795203743, 94.09931185501573, 94.09931185501573, 94.09931185501573, 94.09931185501573, 94.09931185501573, 94.09931185501573, 94.09931185501573, 94.09931185501573, 94.66846091865493, 94.6870872759434, 94.29090699445409, 94.46538131350277, 94.46538131350277, 94.46538131350277, 94.46538131350277, 94.46538131350277, 94.46538131350277, 94.46538131350277, 94.46538131350277, 94.0867625507232, 94.07750841847663, 95.57714989167235, 95.19131848359712, 95.19131848359712, 95.19131848359712, 95.19131848359712, 95.19131848359712, 95.19131848359712, 95.19131848359712, 95.19131848359712, 94.90402074169492, 94.91335617556683, 95.11551454867772, 95.11968829542172, 95.11968829542172, 95.11968829542172, 95.11968829542172, 95.11968829542172, 95.11968829542172, 95.11968829542172, 95.11968829542172, 95.26366360565697, 95.25429371644623, 93.85496516237463, 93.97868100906697, 93.97868100906697, 93.97868100906697, 93.97868100906697, 93.97868100906697, 93.97868100906697, 93.97868100906697, 93.97868100906697, 93.74195889065624, 93.73273776544566, 95.43514860092917, 95.28860871319414, 95.28860871319414, 95.28860871319414, 95.28860871319414, 95.28860871319414, 95.28860871319414, 95.28860871319414, 95.28860871319414, 96.44362215214194, 96.44362215214194, 96.03322376000516, 95.99532089573994, 95.99532089573994, 95.99532089573994, 95.99532089573994, 95.99532089573994, 95.99532089573994, 95.99532089573994, 95.99532089573994, 101.98305298754009, 102.01315128158461, 102.01315128158461, 102.23283328970614, 102.23283328970614, 102.23283328970614, 102.23283328970614, 102.23283328970614, 102.23283328970614, 102.23283328970614, 102.23283328970614, 95.89430158738523, 95.8754396083161, 95.8754396083161, 95.74499683333882, 95.74499683333882, 95.74499683333882, 95.74499683333882, 95.74499683333882, 95.74499683333882, 95.74499683333882, 95.74499683333882, 95.60116358822114, 95.59175957842496, 95.59175957842496, 95.52468058393985, 95.52468058393985, 95.52468058393985, 95.52468058393985, 95.52468058393985, 95.52468058393985, 95.52468058393985, 95.52468058393985, 95.66839875934197, 95.67781030865424, 95.88181416858738, 95.70971214683307, 95.70971214683307, 95.70971214683307, 95.70971214683307, 95.70971214683307, 95.70971214683307, 95.70971214683307, 95.70971214683307, 94.89495746155708, 94.89495746155708, 94.69305329674526, 95.0927074388576, 95.0927074388576, 95.0927074388576, 95.0927074388576, 95.0927074388576, 95.0927074388576, 95.0927074388576, 95.0927074388576, 96.58153265633467, 96.58153265633467, 96.47889553342677, 96.38143782350237, 96.38143782350237, 96.38143782350237, 96.38143782350237, 96.38143782350237, 96.38143782350237, 96.38143782350237, 96.38143782350237, 96.0459479852306, 96.06484350913091, 96.26945446442193, 96.13856178510628, 96.13856178510628, 96.13856178510628, 96.13856178510628, 96.13856178510628, 96.13856178510628, 96.13856178510628, 96.13856178510628, 96.13856178510628, 96.11965176115167, 96.01739681246958, 96.22419442329158, 96.22419442329158, 96.22419442329158, 96.22419442329158, 96.22419442329158, 96.22419442329158, 96.22419442329158, 96.22419442329158, 95.50395344706935, 95.49455899955342, 95.90265540553442, 95.7763624569296, 95.7763624569296, 95.7763624569296, 95.7763624569296, 95.7763624569296, 95.7763624569296, 95.7763624569296, 95.7763624569296, 95.96897454834625, 95.97841566733773, 95.67177536169127, 95.82320134159986, 95.82320134159986, 95.82320134159986, 95.82320134159986, 95.82320134159986, 95.82320134159986, 95.82320134159986, 95.82320134159986, 96.49631966512338, 96.48682760141445, 96.58969202316435, 96.66193880090078, 96.66193880090078, 96.66193880090078, 96.66193880090078, 96.66193880090078, 96.66193880090078, 96.66193880090078, 96.66193880090078, 95.50604117697371, 95.53422790826058, 95.53422790826058, 95.61415878721857, 95.61415878721857, 95.61415878721857, 95.61415878721857, 95.61415878721857, 95.61415878721857, 95.61415878721857, 95.61415878721857, 96.57849725204177, 96.55950069475378, 96.55950069475378, 96.54249554339647, 96.54249554339647, 96.54249554339647, 96.54249554339647, 96.54249554339647, 96.54249554339647, 96.54249554339647, 96.54249554339647, 96.39789869535342, 96.39789869535342, 96.60387711136914, 96.87257663710939, 96.87257663710939, 96.87257663710939, 96.87257663710939, 96.87257663710939, 96.87257663710939, 96.87257663710939, 96.87257663710939, 97.30850323197637, 97.31807518783238, 97.11057396141906, 97.33403399531561, 97.33403399531561, 97.33403399531561, 97.33403399531561, 97.33403399531561, 97.33403399531561, 97.33403399531561, 97.33403399531561, 98.35146292209592, 98.35146292209592, 96.90511787912392, 96.67837419241721, 96.67837419241721, 96.67837419241721, 96.67837419241721, 96.67837419241721, 96.67837419241721, 96.67837419241721, 96.67837419241721, 95.53537863546252, 95.53537863546252, 96.14131126951408, 96.18802303735704, 96.18802303735704, 96.18802303735704, 96.18802303735704, 96.18802303735704, 96.18802303735704, 96.18802303735704, 96.18802303735704, 95.66057126596574, 95.66057126596574, 96.88961500814088, 96.75712953924884, 96.75712953924884, 96.75712953924884, 96.75712953924884, 96.75712953924884, 96.75712953924884, 96.75712953924884, 96.75712953924884, 97.38762712521886, 97.37804832841299, 96.44867140905377, 96.27456100363943, 96.27456100363943, 96.27456100363943, 96.27456100363943, 96.27456100363943, 96.27456100363943, 96.27456100363943, 96.27456100363943, 96.37045200065502, 96.37993168312609, 96.27783429786852, 96.00308085231548, 96.00308085231548, 96.00308085231548, 96.00308085231548, 96.00308085231548, 96.00308085231548, 96.00308085231548, 96.00308085231548, 95.33440267722472, 95.31564898337655, 95.41672602365587, 95.33719813304128, 95.33719813304128, 95.33719813304128, 95.33719813304128, 95.33719813304128, 95.33719813304128, 95.33719813304128, 95.33719813304128, 94.71626447786615, 94.70694659646153, 93.61493777826337, 93.76301061481949, 93.76301061481949, 93.76301061481949, 93.76301061481949, 93.76301061481949, 93.76301061481949, 93.76301061481949, 93.76301061481949, 94.2831281724408, 94.30168053925946, 94.89852661862184, 94.8485186123236, 94.8485186123236, 94.8485186123236, 94.8485186123236, 94.8485186123236, 94.8485186123236, 94.8485186123236, 94.8485186123236, 94.75338469195016, 94.74406407571055, 95.95873156386071, 95.6856082310389, 95.6856082310389, 95.6856082310389, 95.6856082310389, 95.6856082310389, 95.6856082310389, 95.6856082310389, 95.6856082310389, 95.30132867991021, 95.30132867991021, 94.996851591476, 94.93865037830018, 94.93865037830018, 94.93865037830018, 94.93865037830018, 94.93865037830018, 94.93865037830018, 94.93865037830018, 94.93865037830018, 94.60368538200578, 94.61299218824108, 94.9162389580752, 95.1076946472693, 95.1076946472693, 95.1076946472693, 95.1076946472693, 95.1076946472693, 95.1076946472693, 95.1076946472693, 95.1076946472693, 96.83954948151397, 96.84907530774666, 96.43695158303284, 96.37778521631377, 96.37778521631377, 96.37778521631377, 96.37778521631377, 96.37778521631377, 96.37778521631377, 96.37778521631377, 96.37778521631377, 97.14382821852989, 97.13427340115814, 97.23771778177704, 97.31448103426914, 97.31448103426914, 97.31448103426914, 97.31448103426914, 97.31448103426914, 97.31448103426914, 97.31448103426914, 97.31448103426914, 95.10823848741038, 95.08952744304929, 95.29249335007822, 95.09646975118756, 95.09646975118756, 95.09646975118756, 95.09646975118756, 95.09646975118756, 95.09646975118756, 95.09646975118756, 95.09646975118756, 94.52099943499279, 94.52099943499279, 94.52099943499279, 94.66601477625545, 94.66601477625545, 94.66601477625545, 94.66601477625545, 94.66601477625545, 94.66601477625545, 94.66601477625545, 94.66601477625545, 96.49113327523958, 96.49113327523958, 96.49113327523958, 96.53344837995176, 96.53344837995176, 96.53344837995176, 96.53344837995176, 96.53344837995176, 96.53344837995176, 96.53344837995176, 96.53344837995176, 97.25420583425702, 97.27334282871476, 97.16963990459031, 97.07598242034493, 97.07598242034493, 97.07598242034493, 97.07598242034493, 97.07598242034493, 97.07598242034493, 97.07598242034493, 97.07598242034493, 96.98005753653037, 96.98005753653037, 97.39538968872108, 97.73795426005975, 97.73795426005975, 97.73795426005975, 97.73795426005975, 97.73795426005975, 97.73795426005975, 97.73795426005975, 97.73795426005975, 96.867883450623, 96.867883450623, 96.45480079198492, 96.49298223142581, 96.49298223142581, 96.49298223142581, 96.49298223142581, 96.49298223142581, 96.49298223142581, 96.49298223142581, 96.49298223142581, 96.73373318509704, 96.74324860248689, 96.84649646652372, 96.9232301990881, 96.9232301990881, 96.9232301990881, 96.9232301990881, 96.9232301990881, 96.9232301990881, 96.9232301990881, 96.9232301990881, 96.10307344777675, 96.08416854496417, 95.87951642878745, 96.12068550501712, 96.12068550501712, 96.12068550501712, 96.12068550501712, 96.12068550501712, 96.12068550501712, 96.12068550501712, 96.12068550501712, 97.32701940944756, 97.34616884759993, 97.44994941140332, 97.38978185719124, 97.38978185719124, 97.38978185719124, 97.38978185719124, 97.38978185719124, 97.38978185719124, 97.38978185719124, 97.38978185719124, 96.90693712810253, 96.91646864547523, 96.71026339303802, 96.74866418587916, 96.74866418587916, 96.74866418587916, 96.74866418587916, 96.74866418587916, 96.74866418587916, 96.74866418587916, 96.74866418587916, 96.7004585734298, 96.69094830016333, 97.00052444199953, 96.70613094358306, 96.70613094358306, 96.70613094358306, 96.70613094358306, 96.70613094358306, 96.70613094358306, 96.70613094358306, 96.70613094358306, 95.64554526025364, 95.62673036003524, 95.52478288630384, 95.64257448892933, 95.64257448892933, 95.64257448892933, 95.64257448892933, 95.64257448892933, 95.64257448892933, 95.64257448892933, 95.64257448892933, 95.78719531728962, 95.78719531728962, 96.09453391189054, 96.09453391189054, 96.09453391189054, 96.09453391189054, 96.09453391189054, 96.09453391189054, 96.09453391189054, 96.09453391189054, 96.09453391189054, 96.52978846911601, 96.56777362935964, 96.36165244765343, 96.23027716284928, 96.23027716284928, 96.23027716284928, 96.23027716284928, 96.23027716284928, 96.23027716284928, 96.23027716284928, 96.23027716284928, 96.80881590330726, 96.78025592221671, 96.47138276501812, 96.28506282639725, 96.28506282639725, 96.28506282639725, 96.28506282639725, 96.28506282639725, 96.28506282639725, 96.28506282639725, 96.28506282639725, 96.38096428339567, 96.39044499992956, 96.49309723102638, 96.51427936590608, 96.51427936590608, 96.51427936590608, 96.51427936590608, 96.51427936590608, 96.51427936590608, 96.51427936590608, 96.51427936590608, 95.45790416886629, 95.45790416886629, 94.95230086288714, 94.81908706010701, 94.81908706010701, 94.81908706010701, 94.81908706010701, 94.81908706010701, 94.81908706010701, 94.81908706010701, 94.81908706010701, 94.81908706010701, 94.80976089830313, 94.01304021848543, 94.18647315603437, 94.18647315603437, 94.18647315603437, 94.18647315603437, 94.18647315603437, 94.18647315603437, 94.18647315603437, 94.18647315603437, 94.18647315603437, 94.18647315603437, 95.08538965487246, 95.12717257426202, 95.12717257426202, 95.12717257426202, 95.12717257426202, 95.12717257426202, 95.12717257426202, 95.12717257426202, 95.12717257426202, 95.50997809769972, 95.49118801741294, 94.6878972664778, 94.32315509272206, 94.32315509272206, 94.32315509272206, 94.32315509272206, 94.32315509272206, 94.32315509272206, 94.32315509272206, 94.32315509272206, 93.37803329820579, 93.39640756685952, 93.69196581865337, 93.4343006428818, 93.4343006428818, 93.4343006428818, 93.4343006428818, 93.4343006428818, 93.4343006428818, 93.4343006428818, 93.4343006428818, 93.95443085901121, 93.95443085901121, 93.55966434279686, 93.75201394360661, 93.75201394360661, 93.75201394360661, 93.75201394360661, 93.75201394360661, 93.75201394360661, 93.75201394360661, 93.75201394360661, 93.70483124912064, 93.70483124912064, 94.69957468063997, 94.80324823848792, 94.80324823848792, 94.80324823848792, 94.80324823848792, 94.80324823848792, 94.80324823848792, 94.80324823848792, 94.80324823848792, 94.6123051403238, 94.6123051403238, 94.21225311013217, 94.026966130107, 94.026966130107, 94.026966130107, 94.026966130107, 94.026966130107, 94.026966130107, 94.026966130107, 94.026966130107, 93.83720434175157, 93.84643483598154, 94.44545463280694, 94.56944761512652, 94.56944761512652, 94.56944761512652, 94.56944761512652, 94.56944761512652, 94.56944761512652, 94.56944761512652, 94.56944761512652, 95.6690923548373, 95.65027282255544, 96.26472853661897, 96.26472853661897, 96.26472853661897, 96.26472853661897, 96.26472853661897, 96.26472853661897, 96.26472853661897, 96.26472853661897, 96.26472853661897, 96.45716177707199, 96.46665092235254, 96.36347803366554, 96.46056757259905, 96.46056757259905, 96.46056757259905, 96.46056757259905, 96.46056757259905, 96.46056757259905, 96.46056757259905, 96.46056757259905, 96.70111761642099, 96.70111761642099, 97.01238730831933, 96.88082494747425, 96.88082494747425, 96.88082494747425, 96.88082494747425, 96.88082494747425, 96.88082494747425, 96.88082494747425, 96.88082494747425, 96.97722377826776, 96.9867631471226, 96.05915329768146, 95.97098711677012, 95.97098711677012, 95.97098711677012, 95.97098711677012, 95.97098711677012, 95.97098711677012, 95.97098711677012, 95.97098711677012, 95.16009905465029, 95.14137964891513, 95.44566977572404, 95.4081403498871, 95.4081403498871, 95.4081403498871, 95.4081403498871, 95.4081403498871, 95.4081403498871, 95.4081403498871, 95.4081403498871, 95.07337494515066, 95.06402193236707, 95.26715018435934, 95.2879654155655, 95.2879654155655, 95.2879654155655, 95.2879654155655, 95.2879654155655, 95.2879654155655, 95.2879654155655, 95.2879654155655, 94.85658126629986, 94.85658126629986, 94.95803215535472, 94.97878438057334, 94.97878438057334, 94.97878438057334, 94.97878438057334, 94.97878438057334, 94.97878438057334, 94.97878438057334, 94.97878438057334, 95.2667443130056, 95.28549022884837, 95.18368949142442, 95.20033363384913, 95.20033363384913, 95.20033363384913, 95.20033363384913, 95.20033363384913, 95.20033363384913, 95.20033363384913, 95.20033363384913, 94.72073497574408, 94.69278276199951, 94.5917232286356, 94.58758825209999, 94.58758825209999, 94.58758825209999, 94.58758825209999, 94.58758825209999, 94.58758825209999, 94.58758825209999, 94.58758825209999, 95.49754479731007, 95.51633797743352, 95.82313563688996, 95.90278911622235, 95.90278911622235, 95.90278911622235, 95.90278911622235, 95.90278911622235, 95.90278911622235, 95.90278911622235, 95.90278911622235, 96.38374593225154, 96.38374593225154, 96.48705112617681, 96.4195570144285, 96.4195570144285, 96.4195570144285, 96.4195570144285, 96.4195570144285, 96.4195570144285, 96.4195570144285, 96.4195570144285, 96.32332991161971, 96.33280589095186, 95.51382348167704, 95.5723209456406, 95.5723209456406, 95.5723209456406, 95.5723209456406, 95.5723209456406, 95.5723209456406, 95.5723209456406, 95.5723209456406, 95.62005936769138, 95.60124763065268, 96.0093639492467, 96.11027153561774, 96.11027153561774, 96.11027153561774, 96.11027153561774, 96.11027153561774, 96.11027153561774, 96.11027153561774, 96.11027153561774, 96.11027153561774, 96.13863938435908, 96.03614616539919, 95.93951341704829, 95.93951341704829, 95.93951341704829, 95.93951341704829, 95.93951341704829, 95.93951341704829, 95.93951341704829, 95.93951341704829, 95.93951341704829, 95.93007705298642, 94.91815640896759, 94.88494792251296, 94.88494792251296, 94.88494792251296, 94.88494792251296, 94.88494792251296, 94.88494792251296, 94.88494792251296, 94.88494792251296, 94.74283367200495, 94.74283367200495, 94.54337507480071, 94.70490272310829, 94.70490272310829, 94.70490272310829, 94.70490272310829, 94.70490272310829, 94.70490272310829, 94.70490272310829, 94.70490272310829, 94.65755027174674, 94.66686146103179, 96.18558116361518, 96.42636193332649, 96.42636193332649, 96.42636193332649, 96.42636193332649, 96.42636193332649, 96.42636193332649, 96.42636193332649, 96.42636193332649, 96.52283653255944, 96.51334279433453, 95.99997394968382, 95.99154254498069, 95.99154254498069, 95.99154254498069, 95.99154254498069, 95.99154254498069, 95.99154254498069, 95.99154254498069, 95.99154254498069, 96.37531682801908, 96.36583666700905, 96.67437189646589, 96.48793814982122, 96.48793814982122, 96.48793814982122, 96.48793814982122, 96.48793814982122, 96.48793814982122, 96.48793814982122, 96.48793814982122, 96.63202168115497, 96.68905976576754, 96.48311927638356, 96.61862927536725, 96.61862927536725, 96.61862927536725, 96.61862927536725, 96.61862927536725, 96.61862927536725, 96.61862927536725, 96.61862927536725, 96.9067564004429, 96.85911764496142, 97.16956353484912, 97.38755710104265, 97.38755710104265, 97.38755710104265, 97.38755710104265, 97.38755710104265, 97.38755710104265, 97.38755710104265, 97.38755710104265, 97.58059487527663, 97.60939103744715, 97.1940319266495, 97.39539485976033, 97.39539485976033, 97.39539485976033, 97.39539485976033, 97.39539485976033, 97.39539485976033, 97.39539485976033, 97.39539485976033, 97.44356271082849, 97.41481547037884, 97.62252296605128, 97.79063699420847, 97.79063699420847, 97.79063699420847, 97.79063699420847, 97.79063699420847, 97.79063699420847, 97.79063699420847, 97.79063699420847, 94.84193266566339, 94.85126199211092, 94.9524906601922, 94.99443636441985, 94.99443636441985, 94.99443636441985, 94.99443636441985, 94.99443636441985, 94.99443636441985, 94.99443636441985, 94.99443636441985, 96.73745354541839, 96.70890900320964, 96.50292623642962, 96.34969969629327, 96.34969969629327, 96.34969969629327, 96.34969969629327, 96.34969969629327, 96.34969969629327, 96.34969969629327, 96.34969969629327, 94.95123058158232, 94.96057249722396, 94.96057249722396, 95.12419635192889, 95.12419635192889, 95.12419635192889, 95.12419635192889, 95.12419635192889, 95.12419635192889, 95.12419635192889, 95.12419635192889, 95.51068369109366, 95.5294757587161, 95.32643755306526, 95.32643755306526, 95.32643755306526, 95.32643755306526, 95.32643755306526, 95.32643755306526, 95.32643755306526, 95.32643755306526, 95.32643755306526, 97.15871101134368, 97.14915473013868, 97.45986631243125, 97.25362023258835, 97.25362023258835, 97.25362023258835, 97.25362023258835, 97.25362023258835, 97.25362023258835, 97.25362023258835, 97.25362023258835, 97.30188505652512, 97.31145636137035, 97.72820778047688, 97.61201324923056, 97.61201324923056, 97.61201324923056, 97.61201324923056, 97.61201324923056, 97.61201324923056, 97.61201324923056, 97.61201324923056, 96.5468027871854, 96.5468027871854, 96.65028274730027, 96.38712708745516, 96.38712708745516, 96.38712708745516, 96.38712708745516, 96.38712708745516, 96.38712708745516, 96.38712708745516, 96.38712708745516, 96.33878850817358, 96.33878850817358, 95.7232051950223, 95.92541061901393, 95.92541061901393, 95.92541061901393, 95.92541061901393, 95.92541061901393, 95.92541061901393, 95.92541061901393, 95.92541061901393, 96.69550924917158, 96.6764878054322, 96.6764878054322, 96.544775969185, 96.544775969185, 96.544775969185, 96.544775969185, 96.544775969185, 96.544775969185, 96.544775969185, 96.544775969185, 96.64088823993582, 96.65990267933373, 96.86622050789155, 96.75990962889347, 96.75990962889347, 96.75990962889347, 96.75990962889347, 96.75990962889347, 96.75990962889347, 96.75990962889347, 96.75990962889347, 95.84571853841662, 95.84571853841662, 95.94811781035936, 95.99869001634718, 95.99869001634718, 95.99869001634718, 95.99869001634718, 95.99869001634718, 95.99869001634718, 95.99869001634718, 95.99869001634718, 95.90230578942311, 95.8740076761775, 95.26334520690249, 95.31358296310913, 95.31358296310913, 95.31358296310913, 95.31358296310913, 95.31358296310913, 95.31358296310913, 95.31358296310913, 95.31358296310913, 95.16989414457178, 95.17925757374776, 95.28040449996855, 95.12155505623588, 95.12155505623588, 95.12155505623588, 95.12155505623588, 95.12155505623588, 95.12155505623588, 95.12155505623588, 95.12155505623588, 95.07368311106413, 95.06433006796418, 94.36237826366485, 94.21357430302307, 94.21357430302307, 94.21357430302307, 94.21357430302307, 94.21357430302307, 94.21357430302307, 94.21357430302307, 94.21357430302307, 94.21357430302307, 94.20430496277285, 94.10503804500385, 94.04324608340892, 94.04324608340892, 94.04324608340892, 94.04324608340892, 94.04324608340892, 94.04324608340892, 94.04324608340892, 94.04324608340892, 93.47500894695327, 93.53019442896465, 93.92608943183856, 94.01663250288846, 94.01663250288846, 94.01663250288846, 94.01663250288846, 94.01663250288846, 94.01663250288846, 94.01663250288846, 94.01663250288846, 94.30239734332278, 94.2653032741544, 95.4777187503493, 95.21487862444708, 95.21487862444708, 95.21487862444708, 95.21487862444708, 95.21487862444708, 95.21487862444708, 95.21487862444708, 95.21487862444708, 95.88811513997348, 95.89754830427647, 93.98362664694324, 94.29678178856135, 94.29678178856135, 94.29678178856135, 94.29678178856135, 94.29678178856135, 94.29678178856135, 94.29678178856135, 94.29678178856135, 95.52632859222362, 95.52632859222362, 96.2339310262401, 96.26347393989607, 96.26347393989607, 96.26347393989607, 96.26347393989607, 96.26347393989607, 96.26347393989607, 96.26347393989607, 96.26347393989607, 95.69161171847095, 95.69161171847095, 95.28827510427296, 95.2381541565544, 95.2381541565544, 95.2381541565544, 95.2381541565544, 95.2381541565544, 95.2381541565544, 95.2381541565544, 95.2381541565544, 95.28558351619412, 95.29495648329194, 96.41248795591049, 96.44630799904158, 96.44630799904158, 96.44630799904158, 96.44630799904158, 96.44630799904158, 96.44630799904158, 96.44630799904158, 96.44630799904158, 95.58217980392821, 95.57277858628251, 95.77699392514208, 95.58838227897203, 95.58838227897203, 95.58838227897203, 95.58838227897203, 95.58838227897203, 95.58838227897203, 95.58838227897203, 95.58838227897203]
Discharging samples: []
====================================

====================================
TIME: 2026-08-14 15:56:56
FINISH CYCLE - DUT 2
Charging samples: []
Discharging samples: [61.73180190930787, 61.73180190930787, 61.73180190930787, 61.73180190930787, 61.87052505966587, 62.003579952267295, 59.05102852596885, 59.045156891433116, 59.045156891433116, 59.045156891433116, 59.045156891433116, 59.045156891433116, 59.045156891433116, 59.045156891433116, 59.045156891433116, 59.17754513558431, 59.13521498884927, 64.01234612195024, 64.01234612195024, 64.01234612195024, 64.01234612195024, 64.01234612195024, 64.01234612195024, 64.01234612195024, 64.01234612195024, 64.01234612195024, 64.01234612195024, 64.1956312933803, 56.608874867798995, 56.61450423085267, 56.61450423085267, 56.61450423085267, 56.61450423085267, 56.61450423085267, 56.61450423085267, 56.61450423085267, 56.61450423085267, 56.741158602733776, 56.700658132639035, 59.40068947228851, 59.39478306983528, 59.39478306983528, 59.39478306983528, 59.39478306983528, 59.39478306983528, 59.39478306983528, 59.39478306983528, 59.39478306983528, 59.26220542905439, 59.00822454864415, 60.15401531657899, 60.15999721945454, 60.15999721945454, 60.15999721945454, 60.15999721945454, 60.15999721945454, 60.15999721945454, 60.15999721945454, 60.15999721945454, 60.025411095921086, 60.15459060330113, 60.74434149156879, 60.74434149156879, 60.74434149156879, 60.74434149156879, 60.74434149156879, 60.74434149156879, 60.74434149156879, 60.74434149156879, 60.74434149156879, 60.74434149156879, 60.87478746470744, 60.87478746470744, 60.87478746470744, 60.87478746470744, 60.87478746470744, 60.87478746470744, 60.87478746470744, 60.87478746470744, 60.87478746470744, 60.87478746470744, 60.87478746470744, 60.831305473661224, 59.66147267609081, 59.66147267609081, 59.66147267609081, 59.66147267609081, 59.66147267609081, 59.66147267609081, 59.66147267609081, 59.66147267609081, 59.66147267609081, 59.92901291230647, 59.80050180527508, 60.381089201442805, 60.37508531467722, 60.37508531467722, 60.37508531467722, 60.37508531467722, 60.37508531467722, 60.37508531467722, 60.37508531467722, 60.37508531467722, 60.24031949924268, 60.45607995590184, 58.196039583718594, 58.196039583718594, 58.196039583718594, 58.196039583718594, 58.196039583718594, 58.196039583718594, 58.196039583718594, 58.196039583718594, 58.196039583718594, 57.93565461913821, 57.72888925647176, 58.82848714707123, 58.83433723529189, 58.83433723529189, 58.83433723529189, 58.83433723529189, 58.83433723529189, 58.83433723529189, 58.83433723529189, 58.83433723529189, 59.23097321665342, 59.188544152744626, 58.6301616607376, 58.6301616607376, 58.6301616607376, 58.6301616607376, 58.6301616607376, 58.6301616607376, 58.6301616607376, 58.6301616607376, 58.6301616607376, 58.36841986760931, 58.53578451239099, 59.66147267609081, 59.65554034312114, 59.65554034312114, 59.65554034312114, 59.65554034312114, 59.65554034312114, 59.65554034312114, 59.65554034312114, 59.65554034312114, 59.78929716003396, 59.8747714947874, 58.196039583718594, 58.196039583718594, 58.196039583718594, 58.196039583718594, 58.196039583718594, 58.196039583718594, 58.196039583718594, 58.196039583718594, 58.196039583718594, 58.0658471014284, 57.81717109671136, 60.06249812959336, 60.06249812959336, 60.06249812959336, 60.06249812959336, 60.06249812959336, 60.06249812959336, 60.06249812959336, 60.06249812959336, 60.06249812959336, 60.331836686228314, 60.37508531467722, 58.66635648501656, 58.67219045045857, 58.67219045045857, 58.67219045045857, 58.67219045045857, 58.67219045045857, 58.67219045045857, 58.67219045045857, 58.67219045045857, 58.41026102880473, 58.49394335119557, 63.26895913496664, 63.26895913496664, 63.26895913496664, 63.26895913496664, 63.26895913496664, 63.26895913496664, 63.26895913496664, 63.26895913496664, 63.26895913496664, 63.26895913496664, 63.17844560258471, 62.54027948538688, 62.53406090335593, 62.53406090335593, 62.53406090335593, 62.53406090335593, 62.53406090335593, 62.53406090335593, 62.53406090335593, 62.53406090335593, 62.393850004469485, 62.52793420935016, 62.52793420935016, 62.52793420935016, 62.52793420935016, 62.52793420935016, 62.52793420935016, 62.52793420935016, 62.52793420935016, 62.52793420935016, 62.52793420935016, 62.66844642105656, 62.758036766190294, 58.61363811181924, 58.61946683478182, 58.61946683478182, 58.61946683478182, 58.61946683478182, 58.61946683478182, 58.61946683478182, 58.61946683478182, 58.61946683478182, 58.61946683478182, 58.49394335119557, 58.49394335119557, 58.48812710943847, 58.48812710943847, 58.48812710943847, 58.48812710943847, 58.48812710943847, 58.48812710943847, 58.48812710943847, 58.48812710943847, 58.48812710943847, 58.404453107851296, 61.2957626676459, 61.301858109438626, 61.301858109438626, 61.301858109438626, 61.301858109438626, 61.301858109438626, 61.301858109438626, 61.301858109438626, 61.301858109438626, 61.43930622179163, 61.527328150476144, 58.077197599982156, 58.07142279660143, 58.07142279660143, 58.07142279660143, 58.07142279660143, 58.07142279660143, 58.07142279660143, 58.07142279660143, 58.07142279660143, 57.94150909906989, 57.81717109671136, 57.81717109671136, 57.81717109671136, 57.81717109671136, 57.81717109671136, 57.81717109671136, 57.81717109671136, 57.81717109671136, 57.81717109671136, 57.81717109671136, 57.68753618393847, 57.81159540153834, 60.056705902568964, 60.05073486400237, 60.05073486400237, 60.05073486400237, 60.05073486400237, 60.05073486400237, 60.05073486400237, 60.05073486400237, 60.05073486400237, 60.185680335606875, 60.22873160909443, 62.662215714512406, 62.66844642105656, 62.66844642105656, 62.66844642105656, 62.66844642105656, 62.66844642105656, 62.66844642105656, 62.66844642105656, 62.66844642105656, 62.94947084446937, 62.94947084446937, 61.70294666933135, 61.70294666933135, 61.70294666933135, 61.70294666933135, 61.70294666933135, 61.70294666933135, 61.70294666933135, 61.70294666933135, 61.70294666933135, 61.28975729431351, 61.24594760360993, 57.81159540153834, 57.81159540153834, 57.81159540153834, 57.81159540153834, 57.81159540153834, 57.81159540153834, 57.81159540153834, 57.81159540153834, 57.81159540153834, 57.94150909906989, 57.982955099856056, 62.04176195684599, 62.04793158313445, 62.04793158313445, 62.04793158313445, 62.04793158313445, 62.04793158313445, 62.04793158313445, 62.04793158313445, 62.04793158313445, 62.18705250596659, 62.18705250596659, 58.11874065978186, 58.11874065978186, 58.11874065978186, 58.11874065978186, 58.11874065978186, 58.11874065978186, 58.11874065978186, 58.11874065978186, 58.11874065978186, 57.98872110573312, 57.86437073881589, 60.11153076750778, 60.11153076750778, 60.11153076750778, 60.11153076750778, 60.11153076750778, 60.11153076750778, 60.11153076750778, 60.11153076750778, 60.11153076750778, 60.381089201442805, 60.46759505989758, 65.55960306494161, 65.55308426181294, 65.55308426181294, 65.55308426181294, 65.55308426181294, 65.55308426181294, 65.55308426181294, 65.55308426181294, 65.55308426181294, 65.26043656421557, 65.40048041950358, 53.56073827459345, 53.55541308685486, 53.55541308685486, 53.55541308685486, 53.55541308685486, 53.55541308685486, 53.55541308685486, 53.55541308685486, 53.55541308685486, 53.915651291474965, 53.877167600331866, 61.87872714493561, 61.88487994668016, 61.88487994668016, 61.88487994668016, 61.88487994668016, 61.88487994668016, 61.88487994668016, 61.88487994668016, 61.88487994668016, 61.7470517062644, 61.70294666933135, 57.70368160743025, 57.709419841480305, 57.709419841480305, 57.709419841480305, 57.709419841480305, 57.709419841480305, 57.709419841480305, 57.709419841480305, 57.709419841480305, 57.451788502902254, 57.24645687851733, 63.08793207020278, 63.08793207020278, 63.08793207020278, 63.08793207020278, 63.08793207020278, 63.08793207020278, 63.08793207020278, 63.08793207020278, 63.08793207020278, 63.08793207020278, 63.22370236877568, 58.45210219000015, 58.45210219000015, 58.45210219000015, 58.45210219000015, 58.45210219000015, 58.45210219000015, 58.45210219000015, 58.45210219000015, 58.45210219000015, 58.18998513982078, 58.14833160715091, 55.52903739061258, 55.52903739061258, 55.52903739061258, 55.52903739061258, 55.52903739061258, 55.52903739061258, 55.52903739061258, 55.52903739061258, 55.52903739061258, 55.779168189669385, 55.89903746228329, 56.40721053012222, 56.40160177895089, 56.40160177895089, 56.40160177895089, 56.40160177895089, 56.40160177895089, 56.40160177895089, 56.40160177895089, 56.40160177895089, 56.275140788415136, 56.15446500402253, 61.15832822220276, 61.164409997085635, 61.164409997085635, 61.164409997085635, 61.164409997085635, 61.164409997085635, 61.164409997085635, 61.164409997085635, 61.164409997085635, 61.43930622179163, 61.43930622179163, 60.8369600823623, 60.8369600823623, 60.8369600823623, 60.8369600823623, 60.8369600823623, 60.8369600823623, 60.8369600823623, 60.8369600823623, 60.8369600823623, 60.70085950052256, 60.87478746470744, 60.87478746470744, 60.86873448792861, 60.86873448792861, 60.86873448792861, 60.86873448792861, 60.86873448792861, 60.86873448792861, 60.86873448792861, 60.86873448792861, 61.00521147108541, 61.048786622136184, 58.74505882507444, 58.750900616922586, 58.750900616922586, 58.750900616922586, 58.750900616922586, 58.750900616922586, 58.750900616922586, 58.750900616922586, 58.750900616922586, 58.61946683478182, 58.41026102880473, 55.779168189669385, 55.779168189669385, 55.779168189669385, 55.779168189669385, 55.779168189669385, 55.779168189669385, 55.779168189669385, 55.779168189669385, 55.779168189669385, 55.779168189669385, 55.89903746228329, 56.92470787443526, 56.92470787443526, 56.92470787443526, 56.92470787443526, 56.92470787443526, 56.92470787443526, 56.92470787443526, 56.92470787443526, 56.92470787443526, 57.05234174859319, 56.929999343128024, 60.24630998447529, 60.24031949924268, 60.24031949924268, 60.24031949924268, 60.24031949924268, 60.24031949924268, 60.24031949924268, 60.24031949924268, 60.24031949924268, 60.24031949924268, 60.283471590574514, 57.4925701280479, 57.4925701280479, 57.4925701280479, 57.4925701280479, 57.4925701280479, 57.4925701280479, 57.4925701280479, 57.4925701280479, 57.4925701280479, 57.10671395269189, 57.147592058599315, 58.78038040313073, 58.78038040313073, 58.78038040313073, 58.78038040313073, 58.78038040313073, 58.78038040313073, 58.78038040313073, 58.78038040313073, 58.78038040313073, 59.045156891433116, 58.79174420091194, 58.237105104676935, 58.237105104676935, 58.237105104676935, 58.237105104676935, 58.237105104676935, 58.237105104676935, 58.237105104676935, 58.237105104676935, 58.237105104676935, 58.237105104676935, 58.44629010864488, 63.21741583179956, 63.21113054488051, 63.21113054488051, 63.21113054488051, 63.21113054488051, 63.21113054488051, 63.21113054488051, 63.21113054488051, 63.21113054488051, 63.35285953713361, 63.44355797598419, 60.95557531025933, 60.96769853526136, 60.96769853526136, 60.96769853526136, 60.96769853526136, 60.96769853526136, 60.96769853526136, 60.96769853526136, 60.96769853526136, 60.831305473661224, 60.831305473661224, 60.831305473661224, 60.82525682043725, 60.82525682043725, 60.82525682043725, 60.82525682043725, 60.82525682043725, 60.82525682043725, 60.82525682043725, 60.82525682043725, 61.09801581963203, 61.185361088852375, 56.73551664602675, 56.741158602733776, 56.741158602733776, 56.741158602733776, 56.741158602733776, 56.741158602733776, 56.741158602733776, 56.741158602733776, 56.741158602733776, 56.36119548709048, 56.2002784407319, 60.0197148396166, 60.0197148396166, 60.0197148396166, 60.0197148396166, 60.0197148396166, 60.0197148396166, 60.0197148396166, 60.0197148396166, 60.0197148396166, 60.4243421306702, 60.3378362722154, 63.41629730651211, 63.41629730651211, 63.41629730651211, 63.41629730651211, 63.41629730651211, 63.41629730651211, 63.41629730651211, 63.41629730651211, 63.41629730651211, 63.55785154157129, 63.876779828876664, 59.05589078518785, 59.05001866718198, 59.05001866718198, 59.05001866718198, 59.05001866718198, 59.05001866718198, 59.05001866718198, 59.05001866718198, 59.05001866718198, 58.918504148992255, 58.708381095679165, 57.621188853166586, 57.621188853166586, 57.621188853166586, 57.621188853166586, 57.621188853166586, 57.621188853166586, 57.621188853166586, 57.621188853166586, 57.621188853166586, 57.621188853166586, 57.70368160743025, 56.14412264506726, 56.14412264506726, 56.14412264506726, 56.14412264506726, 56.14412264506726, 56.14412264506726, 56.14412264506726, 56.14412264506726, 56.14412264506726, 55.89347924040179, 55.85352678919349, 62.62365124848968, 62.629878739663944, 62.629878739663944, 62.629878739663944, 62.629878739663944, 62.629878739663944, 62.629878739663944, 62.629878739663944, 62.629878739663944, 62.629878739663944, 62.629878739663944, 59.05102852596885, 59.05102852596885, 59.05102852596885, 59.05102852596885, 59.05102852596885, 59.05102852596885, 59.05102852596885, 59.05102852596885, 59.05102852596885, 58.918627116717815, 58.960772057430766, 60.694912412061086, 60.694912412061086, 60.694912412061086, 60.694912412061086, 60.694912412061086, 60.694912412061086, 60.694912412061086, 60.694912412061086, 60.694912412061086, 60.831305473661224, 60.74434149156879, 63.22370236877568, 63.22370236877568, 63.22370236877568, 63.22370236877568, 63.22370236877568, 63.22370236877568, 63.22370236877568, 63.22370236877568, 63.22370236877568, 63.081945188576626, 63.172255775818684, 60.10564141776923, 60.10564141776923, 60.10564141776923, 60.10564141776923, 60.10564141776923, 60.10564141776923, 60.10564141776923, 60.10564141776923, 60.10564141776923, 60.10564141776923, 60.062678128692916, 60.651527914268335, 60.64549713690788, 60.64549713690788, 60.64549713690788, 60.64549713690788, 60.64549713690788, 60.64549713690788, 60.64549713690788, 60.64549713690788, 60.78177915294586, 60.73830148545449, 61.953067515163575, 61.95922832140016, 61.95922832140016, 61.95922832140016, 61.95922832140016, 61.95922832140016, 61.95922832140016, 61.95922832140016, 61.95922832140016, 61.68138424821004, 61.725536992840105, 60.51523234592167, 60.51523234592167, 60.51523234592167, 60.51523234592167, 60.51523234592167, 60.51523234592167, 60.51523234592167, 60.51523234592167, 60.51523234592167, 60.924119050961664, 60.8369600823623, 62.05369928400955, 62.05369928400955, 62.05369928400955, 62.05369928400955, 62.05369928400955, 62.05369928400955, 62.05369928400955, 62.05369928400955, 62.05369928400955, 62.05369928400955, 62.32040572792362, 57.70407937770705, 57.70407937770705, 57.70407937770705, 57.70407937770705, 57.70407937770705, 57.70407937770705, 57.70407937770705, 57.70407937770705, 57.70407937770705, 57.57498747753321, 57.3285895282713, 59.53353527935866, 59.53353527935866, 59.53353527935866, 59.53353527935866, 59.53353527935866, 59.53353527935866, 59.53353527935866, 59.53353527935866, 59.53353527935866, 59.80050180527508, 59.92901291230647, 63.59813615183544, 63.59813615183544, 63.59813615183544, 63.59813615183544, 63.59813615183544, 63.59813615183544, 63.59813615183544, 63.59813615183544, 63.59813615183544, 63.3142159011576, 63.35947266734856, 62.09228321400159, 62.09228321400159, 62.09228321400159, 62.09228321400159, 62.09228321400159, 62.09228321400159, 62.09228321400159, 62.09228321400159, 62.09228321400159, 62.509944311853616, 62.33134447096261, 61.10916124604178, 61.10308496472071, 61.10308496472071, 61.10308496472071, 61.10308496472071, 61.10308496472071, 61.10308496472071, 61.10308496472071, 61.10308496472071, 60.422649720124724, 60.4659324204973, 58.184199121610604, 58.18998513982078, 58.18998513982078, 58.18998513982078, 58.18998513982078, 58.18998513982078, 58.18998513982078, 58.18998513982078, 58.18998513982078, 58.058926614731085, 58.22516548835952, 57.68100506323466, 57.6752696545578, 57.6752696545578, 57.6752696545578, 57.6752696545578, 57.6752696545578, 57.6752696545578, 57.6752696545578, 57.6752696545578, 58.196039583718594, 57.946806009484256, 60.787335715831524, 60.7933805980626, 60.7933805980626, 60.7933805980626, 60.7933805980626, 60.7933805980626, 60.7933805980626, 60.7933805980626, 60.7933805980626, 60.24936824371753, 60.29255775500335, 59.70719311660526, 59.70719311660526, 59.70719311660526, 59.70719311660526, 59.70719311660526, 59.70719311660526, 59.70719311660526, 59.70719311660526, 59.70719311660526, 60.5158684184103, 60.689266322187976, 61.28425912926825, 61.27816543739899, 61.27816543739899, 61.27816543739899, 61.27816543739899, 61.27816543739899, 61.27816543739899, 61.27816543739899, 61.27816543739899, 60.59578052161504, 60.509215120869875, 59.92174701290026, 59.92174701290026, 59.92174701290026, 59.92174701290026, 59.92174701290026, 59.92174701290026, 59.92174701290026, 59.92174701290026, 59.92174701290026, 60.46158257157504, 60.37508531467722, 61.57063155853222, 61.576754334144645, 61.576754334144645, 61.576754334144645, 61.576754334144645, 61.576754334144645, 61.576754334144645, 61.576754334144645, 61.576754334144645, 61.026961884732636, 61.158108650960564, 57.19415716432423, 57.19415716432423, 57.19415716432423, 57.19415716432423, 57.19415716432423, 57.19415716432423, 57.19415716432423, 57.19415716432423, 57.19415716432423, 57.83823551076932, 57.67286528772209, 64.21308712447407, 64.21308712447407, 64.21308712447407, 64.21308712447407, 64.21308712447407, 64.21308712447407, 64.21308712447407, 64.21308712447407, 64.21308712447407, 63.641032896193686, 63.68665370830566, 60.56475891868283, 60.56475891868283, 60.56475891868283, 60.56475891868283, 60.56475891868283, 60.56475891868283, 60.56475891868283, 60.56475891868283, 60.56475891868283, 60.56475891868283, 60.651527914268335, 59.485152377455485, 59.47923757658272, 59.47923757658272, 59.47923757658272, 59.47923757658272, 59.47923757658272, 59.47923757658272, 59.47923757658272, 59.47923757658272, 59.21191516050818, 59.25426989238265, 57.59293522250276, 57.59866244358693, 57.59866244358693, 57.59866244358693, 57.59866244358693, 57.59866244358693, 57.59866244358693, 57.59866244358693, 57.59866244358693, 58.248760213830586, 58.12385222194961, 62.820729169177866, 62.81448270112884, 62.81448270112884, 62.81448270112884, 62.81448270112884, 62.81448270112884, 62.81448270112884, 62.81448270112884, 62.81448270112884, 62.954693600015275, 63.04488657078894, 58.88154500479344, 58.88740036925294, 58.88740036925294, 58.88740036925294, 58.88740036925294, 58.88740036925294, 58.88740036925294, 58.88740036925294, 58.88740036925294, 58.49394335119557, 58.53578451239099, 62.674678366802475, 62.68091155211991, 62.68091155211991, 62.68091155211991, 62.68091155211991, 62.68091155211991, 62.68091155211991, 62.68091155211991, 62.68091155211991, 62.68091155211991, 62.54649930433123, 62.54649930433123, 62.54649930433123, 62.54649930433123, 62.54649930433123, 62.54649930433123, 62.54649930433123, 62.54649930433123, 62.54649930433123, 62.54649930433123, 62.54649930433123, 62.68091155211991, 62.68091155211991, 62.674678366802475, 62.674678366802475, 62.674678366802475, 62.674678366802475, 62.674678366802475, 62.674678366802475, 62.674678366802475, 62.674678366802475, 62.81520455148139, 62.81520455148139, 65.46005526943851, 65.46005526943851, 65.46005526943851, 65.46005526943851, 65.46005526943851, 65.46005526943851, 65.46005526943851, 65.46005526943851, 65.46005526943851, 65.1671691161077, 65.26033161663108, 54.86488056265445, 54.85942517033442, 54.85942517033442, 54.85942517033442, 54.85942517033442, 54.85942517033442, 54.85942517033442, 54.85942517033442, 54.85942517033442, 55.22926399170747, 55.26868530790425, 63.084458987809896, 63.09073230314281, 63.09073230314281, 63.09073230314281, 63.09073230314281, 63.09073230314281, 63.09073230314281, 63.09073230314281, 63.09073230314281, 62.80907724821806, 62.54027948538688, 59.53353527935866, 59.52761566761766, 59.52761566761766, 59.52761566761766, 59.52761566761766, 59.52761566761766, 59.52761566761766, 59.52761566761766, 59.52761566761766, 59.52761566761766, 59.61289878461997, 59.045156891433116, 59.045156891433116, 59.045156891433116, 59.045156891433116, 59.045156891433116, 59.045156891433116, 59.045156891433116, 59.045156891433116, 59.045156891433116, 58.64799215897952, 58.68994351245519, 57.59293522250276, 57.59866244358693, 57.59866244358693, 57.59866244358693, 57.59866244358693, 57.59866244358693, 57.59866244358693, 57.59866244358693, 57.59866244358693, 57.4686428895382, 57.4686428895382, 62.11257362808675, 62.11257362808675, 62.11257362808675, 62.11257362808675, 62.11257362808675, 62.11257362808675, 62.11257362808675, 62.11257362808675, 62.11257362808675, 62.674678366802475, 62.58507911252542, 56.32657120127287, 56.32657120127287, 56.32657120127287, 56.32657120127287, 56.32657120127287, 56.32657120127287, 56.32657120127287, 56.32657120127287, 56.32657120127287, 56.07398568019093, 56.154263397700156, 58.27329220516053, 58.27329220516053, 58.27329220516053, 58.27329220516053, 58.27329220516053, 58.27329220516053, 58.27329220516053, 58.27329220516053, 58.27329220516053, 58.92952297323666, 58.88740036925294, 60.60256737029914, 60.60256737029914, 60.60256737029914, 60.60256737029914, 60.60256737029914, 60.60256737029914, 60.60256737029914, 60.60256737029914, 60.60256737029914, 60.062678128692916, 60.234531284998184, 57.982773106119744, 57.9770076916715, 57.9770076916715, 57.9770076916715, 57.9770076916715, 57.9770076916715, 57.9770076916715, 57.9770076916715, 57.9770076916715, 57.9770076916715, 57.68753618393847, 59.92782885127589, 59.93378826146395, 59.93378826146395, 59.93378826146395, 59.93378826146395, 59.93378826146395, 59.93378826146395, 59.93378826146395, 59.93378826146395, 59.93378826146395, 59.93378826146395, 58.792192294578925, 58.792192294578925, 58.792192294578925, 58.792192294578925, 58.792192294578925, 58.792192294578925, 58.792192294578925, 58.792192294578925, 58.792192294578925, 58.792192294578925, 58.960772057430766, 60.10564141776923, 60.10564141776923, 60.10564141776923, 60.10564141776923, 60.10564141776923, 60.10564141776923, 60.10564141776923, 60.10564141776923, 60.10564141776923, 59.970572560650645, 59.84197233357278, 58.14833160715091, 58.14254973068604, 58.14254973068604, 58.14254973068604, 58.14254973068604, 58.14254973068604, 58.14254973068604, 58.14254973068604, 58.14254973068604, 58.404453107851296, 58.57180111102564, 63.353172630293045, 63.353172630293045, 63.353172630293045, 63.353172630293045, 63.353172630293045, 63.353172630293045, 63.353172630293045, 63.353172630293045, 63.353172630293045, 63.49522010255827, 63.40451264526891, 62.136422392363535, 62.14260143198091, 62.14260143198091, 62.14260143198091, 62.14260143198091, 62.14260143198091, 62.14260143198091, 62.14260143198091, 62.14260143198091, 62.003579952267295, 62.09228321400159, 58.5776256735864, 58.5776256735864, 58.5776256735864, 58.5776256735864, 58.5776256735864, 58.5776256735864, 58.5776256735864, 58.5776256735864, 58.5776256735864, 58.31494573783041, 57.98171747647138, 63.3614644588244, 63.3614644588244, 63.3614644588244, 63.3614644588244, 63.3614644588244, 63.3614644588244, 63.3614644588244, 63.3614644588244, 63.3614644588244, 63.21875845779101, 63.445837331561805, 60.33574726628916, 60.33574726628916, 60.33574726628916, 60.33574726628916, 60.33574726628916, 60.33574726628916, 60.33574726628916, 60.33574726628916, 60.33574726628916, 60.47194534138238, 60.55851935046095, 63.68009251285584, 63.68009251285584, 63.68009251285584, 63.68009251285584, 63.68009251285584, 63.68009251285584, 63.68009251285584, 63.68009251285584, 63.68009251285584, 63.96693977642727, 63.829769784054655, 55.779168189669385, 55.779168189669385, 55.779168189669385, 55.779168189669385, 55.779168189669385, 55.779168189669385, 55.779168189669385, 55.779168189669385, 55.779168189669385, 55.779168189669385, 55.779168189669385, 58.96654922907906, 58.96654922907906, 58.96654922907906, 58.96654922907906, 58.96654922907906, 58.96654922907906, 58.96654922907906, 58.96654922907906, 58.96654922907906, 58.56991324771753, 58.56991324771753, 61.49840891010342, 61.49840891010342, 61.49840891010342, 61.49840891010342, 61.49840891010342, 61.49840891010342, 61.49840891010342, 61.49840891010342, 61.49840891010342, 61.63723150357996, 61.63723150357996, 62.25982980159592, 62.25982980159592, 62.25982980159592, 62.25982980159592, 62.25982980159592, 62.25982980159592, 62.25982980159592, 62.25982980159592, 62.25982980159592, 62.54027948538688, 62.719477993941, 56.44753019454689, 56.44753019454689, 56.44753019454689, 56.44753019454689, 56.44753019454689, 56.44753019454689, 56.44753019454689, 56.44753019454689, 56.44753019454689, 56.57409416359296, 56.412453894554126, 59.667018542316875, 59.667018542316875, 59.667018542316875, 59.667018542316875, 59.667018542316875, 59.667018542316875, 59.667018542316875, 59.667018542316875, 59.667018542316875, 59.53353527935866, 59.49088948044795, 61.25794560362957, 61.25794560362957, 61.25794560362957, 61.25794560362957, 61.25794560362957, 61.25794560362957, 61.25794560362957, 61.25794560362957, 61.25794560362957, 61.395295257449355, 61.43930622179163, 63.97288585980366, 63.97288585980366, 63.97288585980366, 63.97288585980366, 63.97288585980366, 63.97288585980366, 63.97288585980366, 63.97288585980366, 63.97288585980366, 63.68665370830566, 63.91475776886549, 61.99731503579953, 61.99731503579953, 61.99731503579953, 61.99731503579953, 61.99731503579953, 61.99731503579953, 61.99731503579953, 61.99731503579953, 61.99731503579953, 61.99731503579953, 61.908810660302315, 58.960772057430766, 58.960772057430766, 58.960772057430766, 58.960772057430766, 58.960772057430766, 58.960772057430766, 58.960772057430766, 58.960772057430766, 58.960772057430766, 58.82827594044778, 58.82827594044778, 57.72868199763567, 57.72868199763567, 57.72868199763567, 57.72868199763567, 57.72868199763567, 57.72868199763567, 57.72868199763567, 57.72868199763567, 57.72868199763567, 57.4686428895382, 57.4686428895382, 61.49144789180588, 61.49144789180588, 61.49144789180588, 61.49144789180588, 61.49144789180588, 61.49144789180588, 61.49144789180588, 61.49144789180588, 61.49144789180588, 61.63056881463802, 61.586515513126486, 56.50139037901511, 56.50139037901511, 56.50139037901511, 56.50139037901511, 56.50139037901511, 56.50139037901511, 56.50139037901511, 56.50139037901511, 56.50139037901511, 56.7564756628933, 56.675278988125214, 63.036789894955604, 63.036789894955604, 63.036789894955604, 63.036789894955604, 63.036789894955604, 63.036789894955604, 63.036789894955604, 63.036789894955604, 63.036789894955604, 63.32010131021383, 63.50153426525741, 54.11435093908893, 54.11435093908893, 54.11435093908893, 54.11435093908893, 54.11435093908893, 54.11435093908893, 54.11435093908893, 54.11435093908893, 54.11435093908893, 53.87222856352254, 53.67982774722424, 59.93378826146395, 59.92782885127589, 59.92782885127589, 59.92782885127589, 59.92782885127589, 59.92782885127589, 59.92782885127589, 59.92782885127589, 59.92782885127589, 60.197167407910825, 60.45607995590184, 55.59800210230258, 55.59800210230258, 55.59800210230258, 55.59800210230258, 55.59800210230258, 55.59800210230258, 55.59800210230258, 55.59800210230258, 55.59800210230258, 55.3492414664981, 55.309734513274336, 59.56432947583391, 59.5702527385105, 59.5702527385105, 59.5702527385105, 59.5702527385105, 59.5702527385105, 59.5702527385105, 59.5702527385105, 59.5702527385105, 59.70411847500152, 59.53353527935866, 57.86437073881589, 57.86437073881589, 57.86437073881589, 57.86437073881589, 57.86437073881589, 57.86437073881589, 57.86437073881589, 57.86437073881589, 57.86437073881589, 57.73462999724905, 57.81734436687261, 57.81734436687261, 57.81734436687261, 57.81734436687261, 57.81734436687261, 57.81734436687261, 57.81734436687261, 57.81734436687261, 57.81734436687261, 57.81734436687261, 57.81734436687261, 57.8587015516844, 60.10564141776923, 60.10564141776923, 60.10564141776923, 60.10564141776923, 60.10564141776923, 60.10564141776923, 60.10564141776923, 60.10564141776923, 60.10564141776923, 60.24071027488781, 60.06847093171444, 59.49088948044795, 59.49680602838235, 59.49680602838235, 59.49680602838235, 59.49680602838235, 59.49680602838235, 59.49680602838235, 59.49680602838235, 59.49680602838235, 59.36340511800482, 59.44851394254677, 58.88233761928442, 58.87648217600485, 58.87648217600485, 58.87648217600485, 58.87648217600485, 58.87648217600485, 58.87648217600485, 58.87648217600485, 58.87648217600485, 58.87648217600485, 58.83433723529189, 61.164409997085635, 61.164409997085635, 61.164409997085635, 61.164409997085635, 61.164409997085635, 61.164409997085635, 61.164409997085635, 61.164409997085635, 61.164409997085635, 61.164409997085635, 61.03296785525808, 58.707902413153015, 58.707902413153015, 58.707902413153015, 58.707902413153015, 58.707902413153015, 58.707902413153015, 58.707902413153015, 58.707902413153015, 58.707902413153015, 58.707902413153015, 58.960772057430766, 61.295852138913176, 61.295852138913176, 61.295852138913176, 61.295852138913176, 61.295852138913176, 61.295852138913176, 61.295852138913176, 61.295852138913176, 61.295852138913176, 61.295852138913176, 61.295852138913176, 61.295852138913176, 61.295852138913176, 61.295852138913176, 61.295852138913176, 61.295852138913176, 61.295852138913176, 61.295852138913176, 61.295852138913176, 61.295852138913176, 61.295852138913176, 61.25203809163733, 59.485152377455485, 59.485152377455485, 59.485152377455485, 59.485152377455485, 59.485152377455485, 59.485152377455485, 59.485152377455485, 59.485152377455485, 59.485152377455485, 59.351477877730865, 59.22411419129796, 57.56362500836437, 57.557901271165576, 57.557901271165576, 57.557901271165576, 57.557901271165576, 57.557901271165576, 57.557901271165576, 57.557901271165576, 57.557901271165576, 57.81717109671136, 57.858617097497536, 57.858617097497536, 57.86437073881589, 57.86437073881589, 57.86437073881589, 57.86437073881589]
====================================

====================================
TIME: 2026-08-14 16:03:08
FINISH CYCLE - DUT 1
Charging samples: [95.5123733062355, 95.50297803048238, 95.50297803048238, 95.36490143573951, 95.36490143573951, 95.36490143573951, 95.36490143573951, 95.36490143573951, 95.36490143573951, 95.36490143573951, 95.36490143573951, 95.46040959942079, 95.43223633539733, 95.94147985906541, 95.87427335857309, 95.87427335857309, 95.87427335857309, 95.87427335857309, 95.87427335857309, 95.87427335857309, 95.87427335857309, 95.87427335857309, 95.87427335857309, 95.89314253262515, 95.7909110373878, 95.84546167009702, 95.84546167009702, 95.84546167009702, 95.84546167009702, 95.84546167009702, 95.84546167009702, 95.84546167009702, 95.84546167009702, 95.65367485334846, 95.66308587999677, 95.86749418315917, 95.73329646601738, 95.73329646601738, 95.73329646601738, 95.73329646601738, 95.73329646601738, 95.73329646601738, 95.73329646601738, 95.73329646601738, 97.07692167957552, 97.08647179484159, 95.95875142552451, 96.15223361039233, 96.15223361039233, 96.15223361039233, 96.15223361039233, 96.15223361039233, 96.15223361039233, 96.15223361039233, 96.15223361039233, 95.7244678652151, 95.71505172633402, 96.73655708093737, 96.56724482561063, 96.56724482561063, 96.56724482561063, 96.56724482561063, 96.56724482561063, 96.56724482561063, 96.56724482561063, 96.56724482561063, 95.8480250280018, 95.85745424836854, 95.6532850167426, 95.77481602508809, 95.77481602508809, 95.77481602508809, 95.77481602508809, 95.77481602508809, 95.77481602508809, 95.77481602508809, 95.77481602508809, 95.87063875247689, 95.88006926976516, 96.0847225659653, 96.01321217792481, 96.01321217792481, 96.01321217792481, 96.01321217792481, 96.01321217792481, 96.01321217792481, 96.01321217792481, 96.01321217792481, 96.63698617008522, 96.64649113577522, 94.82488187876581, 95.21672023363675, 95.21672023363675, 95.21672023363675, 95.21672023363675, 95.21672023363675, 95.21672023363675, 95.21672023363675, 95.21672023363675, 93.23106866967808, 93.21273053658018, 94.90208706016426, 95.07763042564152, 95.07763042564152, 95.07763042564152, 95.07763042564152, 95.07763042564152, 95.07763042564152, 95.07763042564152, 95.07763042564152, 96.8615413413356, 96.8615413413356, 97.06851044676583, 96.88077354744019, 96.88077354744019, 96.88077354744019, 96.88077354744019, 96.88077354744019, 96.88077354744019, 96.88077354744019, 96.88077354744019, 96.49498649498649, 96.48549456241764, 96.27976856121845, 96.07284243904206, 96.07284243904206, 96.07284243904206, 96.07284243904206, 96.07284243904206, 96.07284243904206, 96.07284243904206, 96.07284243904206, 95.88079277899399, 95.88079277899399, 96.18843168630629, 96.45072146791999, 96.45072146791999, 96.45072146791999, 96.45072146791999, 96.45072146791999, 96.45072146791999, 96.45072146791999, 96.45072146791999, 97.07859296470667, 97.08814324438838, 97.29626359432272, 97.27914978866878, 97.27914978866878, 97.27914978866878, 97.27914978866878, 97.27914978866878, 97.27914978866878, 97.27914978866878, 97.27914978866878, 98.2471015278595, 98.23743724480543, 98.34284222038998, 98.39909252613025, 98.39909252613025, 98.39909252613025, 98.39909252613025, 98.39909252613025, 98.39909252613025, 98.39909252613025, 98.39909252613025, 97.8174230136605, 97.82704597706568, 97.5131624070858, 97.39317785147854, 97.39317785147854, 97.39317785147854, 97.39317785147854, 97.39317785147854, 97.39317785147854, 97.39317785147854, 97.39317785147854, 98.5032091153953, 98.493519639779, 98.07395193098336, 98.19909579537367, 98.19909579537367, 98.19909579537367, 98.19909579537367, 98.19909579537367, 98.19909579537367, 98.19909579537367, 98.19909579537367, 96.94815189989119, 96.94815189989119, 97.1550849882581, 97.18501833310485, 97.18501833310485, 97.18501833310485, 97.18501833310485, 97.18501833310485, 97.18501833310485, 97.18501833310485, 97.18501833310485, 96.65447977148493, 96.65447977148493, 96.5514366160782, 96.73878285047172, 96.73878285047172, 96.73878285047172, 96.73878285047172, 96.73878285047172, 96.73878285047172, 96.73878285047172, 96.73878285047172, 96.06296301019897, 96.07241337547296, 96.38066710822851, 96.33818246258437, 96.33818246258437, 96.33818246258437, 96.33818246258437, 96.33818246258437, 96.33818246258437, 96.33818246258437, 96.33818246258437, 96.77388278527945, 96.75484405169983, 96.75484405169983, 96.4699332904172, 96.4699332904172, 96.4699332904172, 96.4699332904172, 96.4699332904172, 96.4699332904172, 96.4699332904172, 96.4699332904172, 97.33859702189672, 97.3577506222552, 97.25373593141946, 97.10862569217481, 97.10862569217481, 97.10862569217481, 97.10862569217481, 97.10862569217481, 97.10862569217481, 97.10862569217481, 97.10862569217481, 96.24201425813456, 96.24201425813456, 96.55147411105457, 96.1128146681491, 96.1128146681491, 96.1128146681491, 96.1128146681491, 96.1128146681491, 96.1128146681491, 96.1128146681491, 96.1128146681491, 95.68009064012843, 95.68009064012843, 95.57764942959295, 95.58600083414795, 95.58600083414795, 95.58600083414795, 95.58600083414795, 95.58600083414795, 95.58600083414795, 95.58600083414795, 95.58600083414795, 95.58600083414795, 95.576598315868, 95.67903839980785, 95.80041600757662, 95.80041600757662, 95.80041600757662, 95.80041600757662, 95.80041600757662, 95.80041600757662, 95.80041600757662, 95.80041600757662, 95.46342961961027, 95.46342961961027, 95.36122038018884, 95.28619188264345, 95.28619188264345, 95.28619188264345, 95.28619188264345, 95.28619188264345, 95.28619188264345, 95.28619188264345, 95.28619188264345, 94.90177961080222, 94.91111574258882, 94.50637750914494, 94.52703644708687, 94.52703644708687, 94.52703644708687, 94.52703644708687, 94.52703644708687, 94.52703644708687, 94.52703644708687, 94.52703644708687, 95.5321340498154, 95.54153126937568, 95.54153126937568, 95.70890573837995, 95.70890573837995, 95.70890573837995, 95.70890573837995, 95.70890573837995, 95.70890573837995, 95.70890573837995, 95.70890573837995, 95.7568560919563, 95.74743769359965, 95.74743769359965, 95.81037973783683, 95.81037973783683, 95.81037973783683, 95.81037973783683, 95.81037973783683, 95.81037973783683, 95.81037973783683, 95.81037973783683, 95.42656249301827, 95.41717565822651, 95.31555992270124, 95.42010469513433, 95.42010469513433, 95.42010469513433, 95.42010469513433, 95.42010469513433, 95.42010469513433, 95.42010469513433, 95.42010469513433, 96.18768723667388, 96.18768723667388, 96.5991853638896, 96.36243301672441, 96.36243301672441, 96.36243301672441, 96.36243301672441, 96.36243301672441, 96.36243301672441, 96.36243301672441, 96.36243301672441, 96.4585551444219, 96.48702299148863, 95.9737941457892, 95.98219558091381, 95.98219558091381, 95.98219558091381, 95.98219558091381, 95.98219558091381, 95.98219558091381, 95.98219558091381, 95.98219558091381, 96.1256667252799, 96.07839800639452, 96.79924343623884, 96.55412856528046, 96.55412856528046, 96.55412856528046, 96.55412856528046, 96.55412856528046, 96.55412856528046, 96.55412856528046, 96.55412856528046, 95.4492803279663, 95.4586721689904, 94.2464985541461, 94.22592969806706, 94.22592969806706, 94.22592969806706, 94.22592969806706, 94.22592969806706, 94.22592969806706, 94.22592969806706, 94.22592969806706, 94.36819330606613, 94.37747785873302, 95.38686264866598, 95.40768492822255, 95.40768492822255, 95.40768492822255, 95.40768492822255, 95.40768492822255, 95.40768492822255, 95.40768492822255, 95.40768492822255, 94.8323622050373, 94.84169150776283, 93.9374804658456, 94.28737905653787, 94.28737905653787, 94.28737905653787, 94.28737905653787, 94.28737905653787, 94.28737905653787, 94.28737905653787, 94.28737905653787, 94.66872336010323, 94.65941107175382, 94.16067866357807, 94.11943438908679, 94.11943438908679, 94.11943438908679, 94.11943438908679, 94.11943438908679, 94.11943438908679, 94.11943438908679, 94.11943438908679, 95.73074394056158, 95.74016162319222, 96.8629140516092, 97.12668340645808, 97.12668340645808, 97.12668340645808, 97.12668340645808, 97.12668340645808, 97.12668340645808, 97.12668340645808, 97.12668340645808, 96.6458582410796, 96.6363514676937, 95.11531760408889, 94.98182242148665, 94.98182242148665, 94.98182242148665, 94.98182242148665, 94.98182242148665, 94.98182242148665, 94.98182242148665, 94.98182242148665, 95.07633169752795, 95.0856850011873, 97.12396335062323, 97.07712789418306, 97.07712789418306, 97.07712789418306, 97.07712789418306, 97.07712789418306, 97.07712789418306, 97.07712789418306, 97.07712789418306, 95.77440301687543, 95.75556091516053, 95.34678584188345, 95.4388315344773, 95.4388315344773, 95.4388315344773, 95.4388315344773, 95.4388315344773, 95.4388315344773, 95.4388315344773, 95.4388315344773, 96.06387174100033, 96.07332312546914, 96.07332312546914, 96.17038393684952, 96.17038393684952, 96.17038393684952, 96.17038393684952, 96.17038393684952, 96.17038393684952, 96.17038393684952, 96.17038393684952, 96.55545053919926, 96.57444816842488, 95.45385857997269, 95.08215027047292, 95.08215027047292, 95.08215027047292, 95.08215027047292, 95.08215027047292, 95.08215027047292, 95.08215027047292, 95.08215027047292, 96.21972335446662, 96.20079550488376, 97.1228478579657, 97.17812309753113, 97.17812309753113, 97.17812309753113, 97.17812309753113, 97.17812309753113, 97.17812309753113, 97.17812309753113, 97.17812309753113, 95.93347718593712, 95.92403955906195, 96.33440978177454, 96.42728256946951, 96.42728256946951, 96.42728256946951, 96.42728256946951, 96.42728256946951, 96.42728256946951, 96.42728256946951, 96.42728256946951, 96.18669553711055, 96.17723206844299, 95.86962898080401, 96.32974916744958, 96.32974916744958, 96.32974916744958, 96.32974916744958, 96.32974916744958, 96.32974916744958, 96.32974916744958, 96.32974916744958, 95.94423741490353, 95.97255904358056, 95.87035184545108, 95.86190995298023, 95.86190995298023, 95.86190995298023, 95.86190995298023, 95.86190995298023, 95.86190995298023, 95.86190995298023, 95.86190995298023, 96.05450043003292, 96.03560322357413, 96.03560322357413, 96.00601478948238, 96.00601478948238, 96.00601478948238, 96.00601478948238, 96.00601478948238, 96.00601478948238, 96.00601478948238, 96.00601478948238, 96.391001314954, 96.40048488454421, 95.99157508651858, 95.94090207485931, 95.94090207485931, 95.94090207485931, 95.94090207485931, 95.94090207485931, 95.94090207485931, 95.94090207485931, 95.94090207485931, 95.17452442473562, 95.19325035182362, 95.49705859762732, 95.5643218894728, 95.5643218894728, 95.5643218894728, 95.5643218894728, 95.5643218894728, 95.5643218894728, 95.5643218894728, 95.5643218894728, 95.46813233548238, 95.47752233571208, 95.57920233819954, 95.57920233819954, 95.57920233819954, 95.57920233819954, 95.57920233819954, 95.57920233819954, 95.57920233819954, 95.57920233819954, 95.57920233819954, 96.54221697133, 96.52322755021054, 95.30526884295234, 95.35984174058521, 95.35984174058521, 95.35984174058521, 95.35984174058521, 95.35984174058521, 95.35984174058521, 95.35984174058521, 95.35984174058521, 96.45374516204828, 96.45374516204828, 97.0661498932359, 97.006330106358, 97.006330106358, 97.006330106358, 97.006330106358, 97.006330106358, 97.006330106358, 97.006330106358, 97.006330106358, 96.91066311414266, 96.92972875709253, 96.82726604170448, 96.88270801045633, 96.88270801045633, 96.88270801045633, 96.88270801045633, 96.88270801045633, 96.88270801045633, 96.88270801045633, 96.88270801045633, 96.21323223940678, 96.18484517245966, 96.69592298952908, 96.50464792097532, 96.50464792097532, 96.50464792097532, 96.50464792097532, 96.50464792097532, 96.50464792097532, 96.50464792097532, 96.50464792097532, 97.22411597207604, 97.25280975937719, 97.04654717240078, 97.30318223037357, 97.30318223037357, 97.30318223037357, 97.30318223037357, 97.30318223037357, 97.30318223037357, 97.30318223037357, 97.30318223037357, 96.82314679756463, 96.79457977943001, 96.28405984388448, 96.48392517436159, 96.48392517436159, 96.48392517436159, 96.48392517436159, 96.48392517436159, 96.48392517436159, 96.48392517436159, 96.48392517436159, 96.81877270843222, 96.81877270843222, 96.31080433115821, 96.23005302793713, 96.23005302793713, 96.23005302793713, 96.23005302793713, 96.23005302793713, 96.23005302793713, 96.23005302793713, 96.23005302793713, 96.0398750575262, 96.05877124543719, 96.15967331607314, 96.24886735934335, 96.24886735934335, 96.24886735934335, 96.24886735934335, 96.24886735934335, 96.24886735934335, 96.24886735934335, 96.24886735934335, 96.63005099244967, 96.62054670888594, 97.54269402636207, 97.3835424772605, 97.3835424772605, 97.3835424772605, 97.3835424772605, 97.3835424772605, 97.3835424772605, 97.3835424772605, 97.3835424772605, 95.7028600380573, 95.7028600380573, 96.52170803838291, 96.45365413063101, 96.45365413063101, 96.45365413063101, 96.45365413063101, 96.45365413063101, 96.45365413063101, 96.45365413063101, 96.45365413063101, 96.88922005495397, 96.87968934277073, 96.98341492022551, 96.825544865142, 96.825544865142, 96.825544865142, 96.825544865142, 96.825544865142, 96.825544865142, 96.825544865142, 96.825544865142, 97.11573131328926, 97.12528524652225, 96.91775258573908, 96.92201664278453, 96.92201664278453, 96.92201664278453, 96.92201664278453, 96.92201664278453, 96.92201664278453, 96.92201664278453, 96.92201664278453, 96.92201664278453, 96.91248270449584, 96.91248270449584, 96.88264511745629, 96.88264511745629, 96.88264511745629, 96.88264511745629, 96.88264511745629, 96.88264511745629, 96.88264511745629, 96.88264511745629, 96.0141751911046, 96.0141751911046, 96.11686414852821, 96.07460754774192, 96.07460754774192, 96.07460754774192, 96.07460754774192, 96.07460754774192, 96.07460754774192, 96.07460754774192, 96.07460754774192, 96.07460754774192, 96.07460754774192, 95.9719637362593, 96.14526699603407, 96.14526699603407, 96.14526699603407, 96.14526699603407, 96.14526699603407, 96.14526699603407, 96.14526699603407, 96.14526699603407, 96.72503745028152, 96.72503745028152, 96.31344154623778, 96.36437184626662, 96.36437184626662, 96.36437184626662, 96.36437184626662, 96.36437184626662, 96.36437184626662, 96.36437184626662, 96.36437184626662, 95.78676322381148, 95.78676322381148, 95.6849707017883, 95.81586091852803, 95.81586091852803, 95.81586091852803, 95.81586091852803, 95.81586091852803, 95.81586091852803, 95.81586091852803, 95.81586091852803, 96.68253704743933, 96.67302573046466, 96.87893206854872, 96.66139913430418, 96.66139913430418, 96.66139913430418, 96.66139913430418, 96.66139913430418, 96.66139913430418, 96.66139913430418, 96.66139913430418, 96.5169846933665, 96.52648065801559, 96.52648065801559, 96.52223101107282, 96.52223101107282, 96.52223101107282, 96.52223101107282, 96.52223101107282, 96.52223101107282, 96.52223101107282, 96.52223101107282, 95.89640108431774, 95.9058350637653, 96.00808009048569, 95.91939877612897, 95.91939877612897, 95.91939877612897, 95.91939877612897, 95.91939877612897, 95.91939877612897, 95.91939877612897, 95.91939877612897, 96.25646493648684, 96.24699646659344, 96.76278958806502, 96.66924556332813, 96.66924556332813, 96.66924556332813, 96.66924556332813, 96.66924556332813, 96.66924556332813, 96.66924556332813, 96.66924556332813, 96.13729873931781, 96.12784106113392, 95.92222001073578, 95.8969362906609, 95.8969362906609, 95.8969362906609, 95.8969362906609, 95.8969362906609, 95.8969362906609, 95.8969362906609, 95.8969362906609, 96.76521840999283, 96.78425918496528, 96.47471464599415, 96.43658569676643, 96.43658569676643, 96.43658569676643, 96.43658569676643, 96.43658569676643, 96.43658569676643, 96.43658569676643, 96.43658569676643, 95.76354870785582, 95.76354870785582, 96.1736709721293, 96.11458068012499, 96.11458068012499, 96.11458068012499, 96.11458068012499, 96.11458068012499, 96.11458068012499, 96.11458068012499, 96.11458068012499, 96.21108126313716, 96.18268924623874, 94.86233553958499, 94.94984307511456, 94.94984307511456, 94.94984307511456, 94.94984307511456, 94.94984307511456, 94.94984307511456, 94.94984307511456, 94.94984307511456, 96.18790522153029, 96.22576329698892, 96.12425932726637, 96.17495554806922, 96.17495554806922, 96.17495554806922, 96.17495554806922, 96.17495554806922, 96.17495554806922, 96.17495554806922, 96.17495554806922, 95.31795099368048, 95.32732622245926, 95.52886391003317, 95.50367944747066, 95.50367944747066, 95.50367944747066, 95.50367944747066, 95.50367944747066, 95.50367944747066, 95.50367944747066, 95.50367944747066, 96.12383321011656, 96.1049260832066, 96.41066815982342, 96.2584073985269, 96.2584073985269, 96.2584073985269, 96.2584073985269, 96.2584073985269, 96.2584073985269, 96.2584073985269, 96.2584073985269, 96.1150946331693, 96.09618550575772, 96.91839885767864, 96.68088494861428, 96.68088494861428, 96.68088494861428, 96.68088494861428, 96.68088494861428, 96.68088494861428, 96.68088494861428, 96.68088494861428, 96.00815513286844, 96.03649284099504, 95.22176119441184, 95.16345790743513, 95.16345790743513, 95.16345790743513, 95.16345790743513, 95.16345790743513, 95.16345790743513, 95.16345790743513, 95.16345790743513, 95.63975149055541, 95.62093773005762, 96.74951102944671, 96.54683235230218, 96.54683235230218, 96.54683235230218, 96.54683235230218, 96.54683235230218, 96.54683235230218, 96.54683235230218, 96.54683235230218, 97.41229200486265, 97.42187511278246, 96.38767261689306, 96.59424171933478, 96.59424171933478, 96.59424171933478, 96.59424171933478, 96.59424171933478, 96.59424171933478, 96.59424171933478, 96.59424171933478, 95.68837271999253, 95.67896013168642, 96.70555841636119, 96.78175118759002, 96.78175118759002, 96.78175118759002, 96.78175118759002, 96.78175118759002, 96.78175118759002, 96.78175118759002, 96.78175118759002, 96.2995302050908, 96.2995302050908, 94.67422167842261, 94.86107049976944, 94.86107049976944, 94.86107049976944, 94.86107049976944, 94.86107049976944, 94.86107049976944, 94.86107049976944, 94.86107049976944, 94.76606692390588, 94.75674414309682, 95.15825577082182, 95.2543414623983, 95.2543414623983, 95.2543414623983, 95.2543414623983, 95.2543414623983, 95.2543414623983, 95.2543414623983, 95.2543414623983, 94.58588994336394, 94.58588994336394, 95.08954217948407, 95.17729014212279, 95.17729014212279, 95.17729014212279, 95.17729014212279, 95.17729014212279, 95.17729014212279, 95.17729014212279, 95.17729014212279, 95.51360565499249, 95.4948111635216, 95.19068756109002, 94.93621162361842, 94.93621162361842, 94.93621162361842, 94.93621162361842, 94.93621162361842, 94.93621162361842, 94.93621162361842, 94.93621162361842, 94.74519308916447, 94.7638400470643, 95.26951688829733, 95.12777158923369, 95.12777158923369, 95.12777158923369, 95.12777158923369, 95.12777158923369, 95.12777158923369, 95.12777158923369, 95.12777158923369, 95.17571905475246, 95.16635505248419, 95.06489838398473, 94.93611230480352, 94.93611230480352, 94.93611230480352, 94.93611230480352, 94.93611230480352, 94.93611230480352, 94.93611230480352, 94.93611230480352, 95.36655311626107, 95.37593681724663, 95.78439907342329, 95.73837704189503, 95.73837704189503, 95.73837704189503, 95.73837704189503, 95.73837704189503, 95.73837704189503, 95.73837704189503, 95.73837704189503, 96.3145357803618, 96.3240118267786, 96.5307157148189, 96.5307157148189, 96.5307157148189, 96.5307157148189, 96.5307157148189, 96.5307157148189, 96.5307157148189, 96.5307157148189, 96.5307157148189, 97.20440964303798, 97.20440964303798, 95.86720612413905, 95.83790301759922, 95.83790301759922, 95.83790301759922, 95.83790301759922, 95.83790301759922, 95.83790301759922, 95.83790301759922, 95.83790301759922, 95.83790301759922, 95.84733124219512, 96.56260983355477, 96.51203804819264, 96.51203804819264, 96.51203804819264, 96.51203804819264, 96.51203804819264, 96.51203804819264, 96.51203804819264, 96.51203804819264, 94.79202152852189, 94.79202152852189, 94.59033637633352, 94.8760452368644, 94.8760452368644, 94.8760452368644, 94.8760452368644, 94.8760452368644, 94.8760452368644, 94.8760452368644, 94.8760452368644, 94.97168641149834, 94.95300223160231, 93.75611564885104, 93.92468999177093, 93.92468999177093, 93.92468999177093, 93.92468999177093, 93.92468999177093, 93.92468999177093, 93.92468999177093, 93.92468999177093, 94.3976239796449, 94.3976239796449, 95.70451334251541, 95.72130434446154, 95.72130434446154, 95.72130434446154, 95.72130434446154, 95.72130434446154, 95.72130434446154, 95.72130434446154, 95.72130434446154, 95.86517404037004, 95.87460587567507, 95.87460587567507, 95.95878393957226, 95.95878393957226, 95.95878393957226, 95.95878393957226, 95.95878393957226, 95.95878393957226, 95.95878393957226, 95.95878393957226, 96.29480769523859, 96.31375404205517, 96.933135096988, 96.80988619669806, 96.80988619669806, 96.80988619669806, 96.80988619669806, 96.80988619669806, 96.80988619669806, 96.80988619669806, 96.80988619669806, 96.32728457059288, 96.29886105788394, 96.09287418931093, 95.64417519135084, 95.64417519135084, 95.64417519135084, 95.64417519135084, 95.64417519135084, 95.64417519135084, 95.64417519135084, 95.64417519135084, 94.87748841626986, 94.89615773709164, 94.89615773709164, 94.84235234409694, 94.84235234409694, 94.84235234409694, 94.84235234409694, 94.84235234409694, 94.84235234409694, 94.84235234409694, 94.84235234409694, 95.89615625903134, 95.87729020428827, 96.28922270785127, 96.44907375472319, 96.44907375472319, 96.44907375472319, 96.44907375472319, 96.44907375472319, 96.44907375472319, 96.44907375472319, 96.44907375472319, 96.54542647575688, 96.56442400162774, 96.56442400162774, 96.33295556318407, 96.33295556318407, 96.33295556318407, 96.33295556318407, 96.33295556318407, 96.33295556318407, 96.33295556318407, 96.33295556318407, 95.70804118078819, 95.67979761168112, 95.16868758170423, 95.51001778253962, 95.51001778253962, 95.51001778253962, 95.51001778253962, 95.51001778253962, 95.51001778253962, 95.51001778253962, 95.51001778253962, 95.74987217174741, 95.76871500795164, 96.0766529983309, 96.41401560377646, 96.41401560377646, 96.41401560377646, 96.41401560377646, 96.41401560377646, 96.41401560377646, 96.41401560377646, 96.41401560377646, 96.41401560377646, 96.38556090167991, 95.56612999071983, 95.58710771703268, 95.58710771703268, 95.58710771703268, 95.58710771703268, 95.58710771703268, 95.58710771703268, 95.58710771703268, 95.58710771703268, 95.63499704955623, 95.66323017208612, 95.5616768491858, 95.62044786815824, 95.62044786815824, 95.62044786815824, 95.62044786815824, 95.62044786815824, 95.62044786815824, 95.62044786815824, 95.62044786815824, 96.81749904327289, 96.81749904327289, 97.64677098368635, 97.73693420712468, 97.73693420712468, 97.73693420712468, 97.73693420712468, 97.73693420712468, 97.73693420712468, 97.73693420712468, 97.73693420712468, 98.51032241054406, 98.53939579640061, 98.22390146620936, 98.15916122005446, 98.15916122005446, 98.15916122005446, 98.15916122005446, 98.15916122005446, 98.15916122005446, 98.15916122005446, 98.15916122005446, 97.05137873327267, 97.02274437684075, 97.4387046957125, 97.4387046957125, 97.4387046957125, 97.4387046957125, 97.4387046957125, 97.4387046957125, 97.4387046957125, 97.4387046957125, 97.4387046957125, 96.4232144730773, 96.4232144730773, 96.4232144730773, 96.19074716075455, 96.19074716075455, 96.19074716075455, 96.19074716075455, 96.19074716075455, 96.19074716075455, 96.19074716075455, 96.19074716075455, 96.33546744234043, 96.35442178910725, 96.14831607405033, 96.24112740104911, 96.24112740104911, 96.24112740104911, 96.24112740104911, 96.24112740104911, 96.24112740104911, 96.24112740104911, 96.24112740104911, 96.48209166594907, 96.47260193528457, 96.7831360616857, 96.76190796551495, 96.76190796551495, 96.76190796551495, 96.76190796551495, 96.76190796551495, 96.76190796551495, 96.76190796551495, 96.76190796551495, 96.37524699462378, 96.35628668634234, 95.63797570997981, 95.70935046686422, 95.70935046686422, 95.70935046686422, 95.70935046686422, 95.70935046686422, 95.70935046686422, 95.70935046686422, 95.70935046686422, 96.18933717933595, 96.19880090790535, 94.68624114520244, 94.80694008995897, 94.80694008995897, 94.80694008995897, 94.80694008995897, 94.80694008995897, 94.80694008995897, 94.80694008995897, 94.80694008995897, 94.52308697591718, 94.53238585314058, 95.03044900305176, 94.88863741307176, 94.88863741307176, 94.88863741307176, 94.88863741307176, 94.88863741307176, 94.88863741307176, 94.88863741307176, 94.88863741307176, 94.46121111841829, 94.46121111841829, 95.26428198871302, 95.2016053700091, 95.2016053700091, 95.2016053700091, 95.2016053700091, 95.2016053700091, 95.2016053700091, 95.2016053700091, 95.2016053700091, 95.96743024980807, 95.96743024980807, 96.5832640268122, 96.47324585092186, 96.47324585092186, 96.47324585092186, 96.47324585092186, 96.47324585092186, 96.47324585092186, 96.47324585092186, 96.47324585092186, 96.6175948472075, 96.59858686081223, 96.18709128313039, 96.2461250509601, 96.2461250509601, 96.2461250509601, 96.2461250509601, 96.2461250509601, 96.2461250509601, 96.2461250509601, 96.2461250509601, 95.3833609817782, 95.39274541320106, 96.00620358306085, 95.42888622306859, 95.42888622306859, 95.42888622306859, 95.42888622306859, 95.42888622306859, 95.42888622306859, 95.42888622306859, 95.42888622306859, 94.94934408124412, 94.95868489227031, 95.06057189322769, 95.19746309904356, 95.19746309904356, 95.19746309904356, 95.19746309904356, 95.19746309904356, 95.19746309904356, 95.19746309904356, 95.19746309904356, 96.06289458176214, 96.05344515282434, 95.74525228067627, 95.67427729751785, 95.67427729751785, 95.67427729751785, 95.67427729751785, 95.67427729751785, 95.67427729751785, 95.67427729751785, 95.67427729751785, 96.39255265260431, 96.38306986336154, 96.0748084458881, 96.26790676320847, 96.26790676320847, 96.26790676320847, 96.26790676320847, 96.26790676320847, 96.26790676320847, 96.26790676320847, 96.26790676320847, 95.26362159578305, 95.26362159578305, 95.26362159578305, 95.26778412403593, 95.26778412403593, 95.26778412403593, 95.26778412403593, 95.26778412403593, 95.26778412403593, 95.26778412403593, 95.26778412403593, 95.26778412403593, 95.26778412403593, 95.47134776532661, 95.62594708552957, 95.62594708552957, 95.62594708552957, 95.62594708552957, 95.62594708552957, 95.62594708552957, 95.62594708552957, 95.62594708552957, 94.6178422216761, 94.6178422216761, 94.6178422216761, 94.63855178265968, 94.63855178265968, 94.63855178265968, 94.63855178265968, 94.63855178265968, 94.63855178265968, 94.63855178265968, 94.63855178265968, 96.22306330413493, 96.21359625737144, 95.90620457603795, 95.93140105679181, 95.93140105679181, 95.93140105679181, 95.93140105679181, 95.93140105679181, 95.93140105679181, 95.93140105679181, 95.93140105679181, 96.12288089922053, 96.15125526138698, 96.56259752988488, 96.22552589176678, 96.22552589176678, 96.22552589176678, 96.22552589176678, 96.22552589176678, 96.22552589176678, 96.22552589176678, 96.22552589176678, 95.98592049861001, 95.97647864139002, 96.07923718383262, 96.19256291901077, 96.19256291901077, 96.19256291901077, 96.19256291901077, 96.19256291901077, 96.19256291901077, 96.19256291901077, 96.19256291901077, 95.90441744845954, 95.89498268038787, 95.99776401230685, 96.38936819044287, 96.38936819044287, 96.38936819044287, 96.38936819044287, 96.38936819044287, 96.38936819044287, 96.38936819044287, 96.38936819044287, 96.43763527516519, 96.45661159064632, 96.25028728777862, 96.06488265417988, 96.06488265417988, 96.06488265417988, 96.06488265417988, 96.06488265417988, 96.06488265417988, 96.06488265417988, 96.06488265417988, 97.36305674410123, 97.38221138835543, 97.69567344218059, 97.96157035848505, 97.96157035848505, 97.96157035848505, 97.96157035848505, 97.96157035848505, 97.96157035848505, 97.96157035848505, 97.96157035848505, 98.63883553627211, 98.5903309948007, 98.27399838198318, 98.23518728955094, 98.23518728955094, 98.23518728955094, 98.23518728955094, 98.23518728955094, 98.23518728955094, 98.23518728955094, 98.23518728955094, 95.53721255280995, 95.55601353924168, 95.14895916846748, 95.54726493743745, 95.54726493743745, 95.54726493743745, 95.54726493743745, 95.54726493743745, 95.54726493743745, 95.54726493743745, 95.54726493743745, 96.17364640197941, 96.17364640197941, 95.06005681206176, 94.93455946545193, 94.93455946545193, 94.93455946545193, 94.93455946545193, 94.93455946545193, 94.93455946545193, 94.93455946545193, 94.93455946545193, 94.93455946545193, 94.94389882201517, 96.46706297424001, 96.04440672216221, 96.04440672216221, 96.04440672216221, 96.04440672216221, 96.04440672216221, 96.04440672216221, 96.04440672216221, 96.04440672216221, 96.52559112457783, 96.51609618152014, 95.09225493121318, 95.18400256775764, 95.18400256775764, 95.18400256775764, 95.18400256775764, 95.18400256775764, 95.18400256775764, 95.18400256775764, 95.18400256775764, 94.85185500146936, 94.86118622183348, 96.48795897590566, 96.43720700309464, 96.43720700309464, 96.43720700309464, 96.43720700309464, 96.43720700309464, 96.43720700309464, 96.43720700309464, 96.43720700309464, 95.32762433122312, 95.29949302362981, 94.89266487838488, 94.37968683126134, 94.37968683126134, 94.37968683126134, 94.37968683126134, 94.37968683126134, 94.37968683126134, 94.37968683126134, 94.37968683126134, 96.00362881115146, 96.01307519792812, 96.42470681721183, 96.5509832797802, 96.5509832797802, 96.5509832797802, 96.5509832797802, 96.5509832797802, 96.5509832797802, 96.5509832797802, 96.5509832797802]
Discharging samples: []
====================================

====================================
TIME: 2026-08-14 16:03:08
FINISH CYCLE - DUT 2
Charging samples: []
Discharging samples: [61.687549721559265, 61.687549721559265, 61.687549721559265, 61.687549721559265, 61.687549721559265, 61.687549721559265, 61.07678190253393, 61.082856172240795, 61.082856172240795, 61.082856172240795, 61.082856172240795, 61.082856172240795, 61.082856172240795, 61.082856172240795, 61.082856172240795, 61.082856172240795, 61.126674576955466, 59.36340511800482, 59.35750183587295, 59.35750183587295, 59.35750183587295, 59.35750183587295, 59.35750183587295, 59.35750183587295, 59.35750183587295, 59.35750183587295, 59.35750183587295, 59.40005201640047, 56.160049179142256, 56.160049179142256, 56.160049179142256, 56.160049179142256, 56.160049179142256, 56.160049179142256, 56.160049179142256, 56.160049179142256, 56.160049179142256, 56.160049179142256, 56.320966225500825, 59.5702527385105, 59.5702527385105, 59.5702527385105, 59.5702527385105, 59.5702527385105, 59.5702527385105, 59.5702527385105, 59.5702527385105, 59.5702527385105, 59.70411847500152, 59.44824368153723, 60.61389551843012, 60.61389551843012, 60.61389551843012, 60.61389551843012, 60.61389551843012, 60.61389551843012, 60.61389551843012, 60.61389551843012, 60.61389551843012, 60.47798992309732, 60.52137442089007, 59.93378826146395, 59.93378826146395, 59.93378826146395, 59.93378826146395, 59.93378826146395, 59.93378826146395, 59.93378826146395, 59.93378826146395, 59.93378826146395, 59.93378826146395, 60.0197148396166, 57.241024337782484, 57.241024337782484, 57.241024337782484, 57.241024337782484, 57.241024337782484, 57.241024337782484, 57.241024337782484, 57.241024337782484, 57.241024337782484, 57.241024337782484, 57.32297283361325, 62.53415218212355, 62.53415218212355, 62.53415218212355, 62.53415218212355, 62.53415218212355, 62.53415218212355, 62.53415218212355, 62.53415218212355, 62.53415218212355, 62.53415218212355, 62.40005464349141, 61.164409997085635, 61.164409997085635, 61.164409997085635, 61.164409997085635, 61.164409997085635, 61.164409997085635, 61.164409997085635, 61.164409997085635, 61.164409997085635, 61.301858109438626, 61.301858109438626, 60.11153076750778, 60.11153076750778, 60.11153076750778, 60.11153076750778, 60.11153076750778, 60.11153076750778, 60.11153076750778, 60.11153076750778, 60.11153076750778, 59.97675155054027, 59.97675155054027, 56.675278988125214, 56.675278988125214, 56.675278988125214, 56.675278988125214, 56.675278988125214, 56.675278988125214, 56.675278988125214, 56.675278988125214, 56.675278988125214, 56.675278988125214, 56.79707400027735, 58.960772057430766, 58.960772057430766, 58.960772057430766, 58.960772057430766, 58.960772057430766, 58.960772057430766, 58.960772057430766, 58.960772057430766, 58.960772057430766, 58.960772057430766, 58.750047353865966, 61.687549721559265, 61.687549721559265, 61.687549721559265, 61.687549721559265, 61.687549721559265, 61.687549721559265, 61.687549721559265, 61.687549721559265, 61.687549721559265, 61.687549721559265, 61.77605409705649, 57.73462999724905, 57.73462999724905, 57.73462999724905, 57.73462999724905, 57.73462999724905, 57.73462999724905, 57.73462999724905, 57.73462999724905, 57.73462999724905, 57.73462999724905, 57.81734436687261, 58.362791011843115, 58.368595366990995, 58.368595366990995, 58.368595366990995, 58.368595366990995, 58.368595366990995, 58.368595366990995, 58.368595366990995, 58.368595366990995, 58.368595366990995, 58.243340870495295, 61.126674576955466, 61.120595949809776, 61.120595949809776, 61.120595949809776, 61.120595949809776, 61.120595949809776, 61.120595949809776, 61.120595949809776, 61.120595949809776, 61.120595949809776, 61.295852138913176, 65.86043687266205, 65.86698689124708, 65.86698689124708, 65.86698689124708, 65.86698689124708, 65.86698689124708, 65.86698689124708, 65.86698689124708, 65.86698689124708, 66.0150025921263, 65.87344075668928, 54.797375496714984, 54.79192627480799, 54.79192627480799, 54.79192627480799, 54.79192627480799, 54.79192627480799, 54.79192627480799, 54.79192627480799, 54.79192627480799, 54.66907442217389, 54.66907442217389, 57.73462999724905, 57.73462999724905, 57.73462999724905, 57.73462999724905, 57.73462999724905, 57.73462999724905, 57.73462999724905, 57.73462999724905, 57.73462999724905, 57.73462999724905, 57.81734436687261, 57.28199858569787, 57.28199858569787, 57.28199858569787, 57.28199858569787, 57.28199858569787, 57.28199858569787, 57.28199858569787, 57.28199858569787, 57.28199858569787, 57.28199858569787, 57.36394708152862, 63.21741106943971, 63.22369823115721, 63.22369823115721, 63.22369823115721, 63.22369823115721, 63.22369823115721, 63.22369823115721, 63.22369823115721, 63.22369823115721, 63.22369823115721, 62.99789930890307, 58.243340870495295, 58.23754897104516, 58.23754897104516, 58.23754897104516, 58.23754897104516, 58.23754897104516, 58.23754897104516, 58.23754897104516, 58.23754897104516, 58.36841986760931, 58.41026102880473, 61.91487669053301, 61.92103431128791, 61.92103431128791, 61.92103431128791, 61.92103431128791, 61.92103431128791, 61.92103431128791, 61.92103431128791, 61.92103431128791, 61.78219791148683, 61.82645450024864, 58.88233761928442, 58.87648217600485, 58.87648217600485, 58.87648217600485, 58.87648217600485, 58.87648217600485, 58.87648217600485, 58.87648217600485, 58.87648217600485, 58.87648217600485, 58.792192294578925, 56.119819917552604, 56.119819917552604, 56.119819917552604, 56.119819917552604, 56.119819917552604, 56.119819917552604, 56.119819917552604, 56.119819917552604, 56.119819917552604, 56.119819917552604, 56.119819917552604, 59.35750183587295, 59.36340511800482, 59.36340511800482, 59.36340511800482, 59.36340511800482, 59.36340511800482, 59.36340511800482, 59.36340511800482, 59.36340511800482, 59.36340511800482, 59.61873159163065, 54.87033704008485, 54.86488056265445, 54.86488056265445, 54.86488056265445, 54.86488056265445, 54.86488056265445, 54.86488056265445, 54.86488056265445, 54.86488056265445, 54.86488056265445, 54.78655810646222, 63.172255775818684, 63.172255775818684, 63.172255775818684, 63.172255775818684, 63.172255775818684, 63.172255775818684, 63.172255775818684, 63.172255775818684, 63.172255775818684, 63.172255775818684, 63.036789894955604, 55.65410279014098, 55.65410279014098, 55.65410279014098, 55.65410279014098, 55.65410279014098, 55.65410279014098, 55.65410279014098, 55.65410279014098, 55.65410279014098, 55.65410279014098, 55.65410279014098, 59.40005201640047, 59.40005201640047, 59.40005201640047, 59.40005201640047, 59.40005201640047, 59.40005201640047, 59.40005201640047, 59.40005201640047, 59.40005201640047, 59.40005201640047, 59.314951655345446, 62.3106562844033, 62.3106562844033, 62.3106562844033, 62.3106562844033, 62.3106562844033, 62.3106562844033, 62.3106562844033, 62.3106562844033, 62.3106562844033, 62.3106562844033, 62.53415218212355, 58.40453835877576, 58.40453835877576, 58.40453835877576, 58.40453835877576, 58.40453835877576, 58.40453835877576, 58.40453835877576, 58.40453835877576, 58.40453835877576, 58.40453835877576, 58.44628570570841, 57.36394708152862, 57.36394708152862, 57.36394708152862, 57.36394708152862, 57.36394708152862, 57.36394708152862, 57.36394708152862, 57.36394708152862, 57.36394708152862, 57.36394708152862, 57.32297283361325, 61.295852138913176, 61.295852138913176, 61.295852138913176, 61.295852138913176, 61.295852138913176, 61.295852138913176, 61.295852138913176, 61.295852138913176, 61.295852138913176, 61.295852138913176, 61.25203809163733, 62.489453002579495, 62.489453002579495, 62.489453002579495, 62.489453002579495, 62.489453002579495, 62.489453002579495, 62.489453002579495, 62.489453002579495, 62.489453002579495, 62.489453002579495, 62.53415218212355, 59.527702557982984, 59.527702557982984, 59.527702557982984, 59.527702557982984, 59.527702557982984, 59.527702557982984, 59.527702557982984, 59.527702557982984, 59.527702557982984, 59.527702557982984, 59.612802919037996, 56.87827067504543, 56.8839273901797, 56.8839273901797, 56.8839273901797, 56.8839273901797, 56.8839273901797, 56.8839273901797, 56.8839273901797, 56.8839273901797, 56.8839273901797, 56.762120265147196, 62.49566776667722, 62.489453002579495, 62.489453002579495, 62.489453002579495, 62.489453002579495, 62.489453002579495, 62.489453002579495, 62.489453002579495, 62.489453002579495, 62.489453002579495, 62.35535546394735, 58.792192294578925, 58.792192294578925, 58.792192294578925, 58.792192294578925, 58.792192294578925, 58.792192294578925, 58.792192294578925, 58.792192294578925, 58.792192294578925, 58.792192294578925, 59.08720687956964, 60.825065905439345, 60.825065905439345, 60.825065905439345, 60.825065905439345, 60.825065905439345, 60.825065905439345, 60.825065905439345, 60.825065905439345, 60.825065905439345, 60.825065905439345, 60.781681407646595, 62.623550541211635, 62.623550541211635, 62.623550541211635, 62.623550541211635, 62.623550541211635, 62.623550541211635, 62.623550541211635, 62.623550541211635, 62.623550541211635, 62.623550541211635, 62.35535546394735, 62.99163460133457, 62.99163460133457, 62.99163460133457, 62.99163460133457, 62.99163460133457, 62.99163460133457, 62.99163460133457, 62.99163460133457, 62.99163460133457, 62.99163460133457, 63.172255775818684, 57.32297283361325, 57.32297283361325, 57.32297283361325, 57.32297283361325, 57.32297283361325, 57.32297283361325, 57.32297283361325, 57.32297283361325, 57.32297283361325, 57.32297283361325, 57.07712734612098, 57.07712734612098, 57.07712734612098, 57.07712734612098, 57.07712734612098, 57.07712734612098, 57.07712734612098, 57.07712734612098, 57.07712734612098, 57.07712734612098, 57.07712734612098, 57.241024337782484, 62.44475382303545, 62.44475382303545, 62.44475382303545, 62.44475382303545, 62.44475382303545, 62.44475382303545, 62.44475382303545, 62.44475382303545, 62.44475382303545, 62.44475382303545, 62.44475382303545, 60.60814341647558, 60.60814341647558, 60.60814341647558, 60.60814341647558, 60.60814341647558, 60.60814341647558, 60.60814341647558, 60.60814341647558, 60.60814341647558, 60.60814341647558, 60.781681407646595, 56.36119548709048, 56.36119548709048, 56.36119548709048, 56.36119548709048, 56.36119548709048, 56.36119548709048, 56.36119548709048, 56.36119548709048, 56.36119548709048, 56.36119548709048, 56.160049179142256, 60.56475891868283, 60.56475891868283, 60.56475891868283, 60.56475891868283, 60.56475891868283, 60.56475891868283, 60.56475891868283, 60.56475891868283, 60.56475891868283, 60.56475891868283, 60.825065905439345, 57.982773106119744, 57.982773106119744, 57.982773106119744, 57.982773106119744, 57.982773106119744, 57.982773106119744, 57.982773106119744, 57.982773106119744, 57.982773106119744, 57.982773106119744, 57.73462999724905, 55.65410279014098, 55.65410279014098, 55.65410279014098, 55.65410279014098, 55.65410279014098, 55.65410279014098, 55.65410279014098, 55.65410279014098, 55.65410279014098, 55.65410279014098, 55.73383646176009, 58.918627116717815, 58.918627116717815, 58.918627116717815, 58.918627116717815, 58.918627116717815, 58.918627116717815, 58.918627116717815, 58.918627116717815, 58.918627116717815, 58.918627116717815, 58.83433723529189, 59.97675155054027, 59.97675155054027, 59.97675155054027, 59.97675155054027, 59.97675155054027, 59.97675155054027, 59.97675155054027, 59.97675155054027, 59.97675155054027, 59.97675155054027, 60.10564141776923, 55.77370329756965, 55.77370329756965, 55.77370329756965, 55.77370329756965, 55.77370329756965, 55.77370329756965, 55.77370329756965, 55.77370329756965, 55.77370329756965, 55.89903746228329, 55.73921176546474, 59.49088948044795, 59.48497410911649, 59.48497410911649, 59.48497410911649, 59.48497410911649, 59.48497410911649, 59.48497410911649, 59.48497410911649, 59.48497410911649, 59.35159972770593, 59.39414567733152, 58.82848714707123, 58.82848714707123, 58.82848714707123, 58.82848714707123, 58.82848714707123, 58.82848714707123, 58.82848714707123, 58.82848714707123, 58.82848714707123, 58.82848714707123, 58.91276864728192, 57.27630285152409, 57.28199858569787, 57.28199858569787, 57.28199858569787, 57.28199858569787, 57.28199858569787, 57.28199858569787, 57.28199858569787, 57.28199858569787, 57.28199858569787, 57.32297283361325, 57.32297283361325, 57.31727302523764, 57.31727302523764, 57.31727302523764, 57.31727302523764, 57.31727302523764, 57.31727302523764, 57.31727302523764, 57.31727302523764, 57.31727302523764, 57.23533267781056, 58.870627897176576, 58.87648217600485, 58.87648217600485, 58.87648217600485, 58.87648217600485, 58.87648217600485, 58.87648217600485, 58.87648217600485, 58.87648217600485, 58.87648217600485, 58.792192294578925, 58.792192294578925, 58.792192294578925, 58.792192294578925, 58.792192294578925, 58.792192294578925, 58.792192294578925, 58.792192294578925, 58.792192294578925, 58.792192294578925, 58.792192294578925, 58.792192294578925, 58.792192294578925, 58.792192294578925, 58.792192294578925, 58.792192294578925, 58.792192294578925, 58.792192294578925, 58.792192294578925, 58.792192294578925, 58.792192294578925, 58.792192294578925, 58.83433723529189, 63.036789894955604, 63.030521943290594, 63.030521943290594, 63.030521943290594, 63.030521943290594, 63.030521943290594, 63.030521943290594, 63.030521943290594, 63.030521943290594, 63.030521943290594, 62.985371139606286, 62.985371139606286, 62.985371139606286, 62.985371139606286, 62.985371139606286, 62.985371139606286, 62.985371139606286, 62.985371139606286, 62.985371139606286, 62.985371139606286, 62.985371139606286, 63.16597435434351, 60.09966491966665, 60.09966491966665, 60.09966491966665, 60.09966491966665, 60.09966491966665, 60.09966491966665, 60.09966491966665, 60.09966491966665, 60.09966491966665, 60.09966491966665, 60.09966491966665, 58.39873100684589, 58.40453835877576, 58.40453835877576, 58.40453835877576, 58.40453835877576, 58.40453835877576, 58.40453835877576, 58.40453835877576, 58.40453835877576, 58.40453835877576, 58.27929631797781, 62.40005464349141, 62.40626051665337, 62.40626051665337, 62.40626051665337, 62.40626051665337, 62.40626051665337, 62.40626051665337, 62.40626051665337, 62.40626051665337, 62.40626051665337, 62.49566776667722, 59.491068354817735, 59.485152377455485, 59.485152377455485, 59.485152377455485, 59.485152377455485, 59.485152377455485, 59.485152377455485, 59.485152377455485, 59.485152377455485, 59.485152377455485, 59.485152377455485, 55.73383646176009, 55.73383646176009, 55.73383646176009, 55.73383646176009, 55.73383646176009, 55.73383646176009, 55.73383646176009, 55.73383646176009, 55.73383646176009, 55.73383646176009, 55.77370329756965, 56.28073696391118, 56.28073696391118, 56.28073696391118, 56.28073696391118, 56.28073696391118, 56.28073696391118, 56.28073696391118, 56.28073696391118, 56.28073696391118, 56.40721053012222, 56.36689086569754, 59.05102852596885, 59.05102852596885, 59.05102852596885, 59.05102852596885, 59.05102852596885, 59.05102852596885, 59.05102852596885, 59.05102852596885, 59.05102852596885, 58.918627116717815, 58.918627116717815, 60.651527914268335, 60.64549713690788, 60.64549713690788, 60.64549713690788, 60.64549713690788, 60.64549713690788, 60.64549713690788, 60.64549713690788, 60.64549713690788, 60.64549713690788, 60.515356585111924, 57.68753618393847, 57.69327281243726, 57.69327281243726, 57.69327281243726, 57.69327281243726, 57.69327281243726, 57.69327281243726, 57.69327281243726, 57.69327281243726, 57.69327281243726, 57.77598718206083, 54.22833884632027, 54.22833884632027, 54.22833884632027, 54.22833884632027, 54.22833884632027, 54.22833884632027, 54.22833884632027, 54.22833884632027, 54.22833884632027, 54.22833884632027, 54.22833884632027, 56.2002784407319, 56.2002784407319, 56.2002784407319, 56.2002784407319, 56.2002784407319, 56.2002784407319, 56.2002784407319, 56.2002784407319, 56.2002784407319, 56.2002784407319, 55.99913213278368, 60.989153807982234, 60.989153807982234, 60.989153807982234, 60.989153807982234, 60.989153807982234, 60.989153807982234, 60.989153807982234, 60.989153807982234, 60.989153807982234, 60.989153807982234, 61.295852138913176, 61.908810660302315, 61.908810660302315, 61.908810660302315, 61.908810660302315, 61.908810660302315, 61.908810660302315, 61.908810660302315, 61.908810660302315, 61.908810660302315, 61.908810660302315, 61.73180190930787, 60.52137442089007, 60.515356585111924, 60.515356585111924, 60.515356585111924, 60.515356585111924, 60.515356585111924, 60.515356585111924, 60.515356585111924, 60.515356585111924, 60.515356585111924, 60.55873676904392, 58.27350141926867, 58.27929631797781, 58.27929631797781, 58.27929631797781, 58.27929631797781, 58.27929631797781, 58.27929631797781, 58.27929631797781, 58.27929631797781, 58.27929631797781, 58.27929631797781, 56.675278988125214, 56.675278988125214, 56.675278988125214, 56.675278988125214, 56.675278988125214, 56.675278988125214, 56.675278988125214, 56.675278988125214, 56.675278988125214, 56.675278988125214, 56.79707400027735, 58.40453835877576, 58.40453835877576, 58.40453835877576, 58.40453835877576, 58.40453835877576, 58.40453835877576, 58.40453835877576, 58.40453835877576, 58.40453835877576, 58.40453835877576, 58.362791011843115, 60.062678128692916, 60.062678128692916, 60.062678128692916, 60.062678128692916, 60.062678128692916, 60.062678128692916, 60.062678128692916, 60.062678128692916, 60.062678128692916, 60.062678128692916, 60.10564141776923, 58.960772057430766, 58.960772057430766, 58.960772057430766, 58.960772057430766, 58.960772057430766, 58.960772057430766, 58.960772057430766, 58.960772057430766, 58.960772057430766, 58.960772057430766, 58.750047353865966, 61.07678190253393, 61.07678190253393, 61.07678190253393, 61.07678190253393, 61.07678190253393, 61.07678190253393, 61.07678190253393, 61.07678190253393, 61.07678190253393, 61.21403309782052, 61.301858109438626, 58.41026102880473, 58.41026102880473, 58.41026102880473, 58.41026102880473, 58.41026102880473, 58.41026102880473, 58.41026102880473, 58.41026102880473, 58.41026102880473, 58.27929631797781, 58.48803305264105, 60.781681407646595, 60.781681407646595, 60.781681407646595, 60.781681407646595, 60.781681407646595, 60.781681407646595, 60.781681407646595, 60.781681407646595, 60.781681407646595, 60.781681407646595, 60.52137442089007, 58.23754897104516, 58.23754897104516, 58.23754897104516, 58.23754897104516, 58.23754897104516, 58.23754897104516, 58.23754897104516, 58.23754897104516, 58.23754897104516, 58.23754897104516, 58.44628570570841, 59.5702527385105, 59.57617717935968, 59.57617717935968, 59.57617717935968, 59.57617717935968, 59.57617717935968, 59.57617717935968, 59.57617717935968, 59.57617717935968, 59.57617717935968, 59.57617717935968, 59.00878501574673, 59.00291699814373, 59.00291699814373, 59.00291699814373, 59.00291699814373, 59.00291699814373, 59.00291699814373, 59.00291699814373, 59.00291699814373, 59.00291699814373, 58.918627116717815, 56.24050770232154, 56.234915526950935, 56.234915526950935, 56.234915526950935, 56.234915526950935, 56.234915526950935, 56.234915526950935, 56.234915526950935, 56.234915526950935, 56.234915526950935, 56.15446500402253, 63.68032113858225, 63.68665370830566, 63.68665370830566, 63.68665370830566, 63.68665370830566, 63.68665370830566, 63.68665370830566, 63.68665370830566, 63.68665370830566, 63.68665370830566, 63.82351614464156, 59.527702557982984, 59.527702557982984, 59.527702557982984, 59.527702557982984, 59.527702557982984, 59.527702557982984, 59.527702557982984, 59.527702557982984, 59.527702557982984, 59.527702557982984, 59.35750183587295, 63.641032896193686, 63.63470486269501, 63.63470486269501, 63.63470486269501, 63.63470486269501, 63.63470486269501, 63.63470486269501, 63.63470486269501, 63.63470486269501, 63.63470486269501, 63.68032113858225, 58.27350141926867, 58.27929631797781, 58.27929631797781, 58.27929631797781, 58.27929631797781, 58.27929631797781, 58.27929631797781, 58.27929631797781, 58.27929631797781, 58.27929631797781, 58.27929631797781, 57.20005008986712, 57.20005008986712, 57.20005008986712, 57.20005008986712, 57.20005008986712, 57.20005008986712, 57.20005008986712, 57.20005008986712, 57.20005008986712, 57.3285895282713, 57.451788502902254, 60.831305473661224, 60.831305473661224, 60.831305473661224, 60.831305473661224, 60.831305473661224, 60.831305473661224, 60.831305473661224, 60.831305473661224, 60.831305473661224, 60.694912412061086, 60.52137442089007, 55.11768027616773, 55.11768027616773, 55.11768027616773, 55.11768027616773, 55.11768027616773, 55.11768027616773, 55.11768027616773, 55.11768027616773, 55.11768027616773, 55.11768027616773, 55.27572380384134, 58.40453835877576, 58.39873100684589, 58.39873100684589, 58.39873100684589, 58.39873100684589, 58.39873100684589, 58.39873100684589, 58.39873100684589, 58.39873100684589, 58.39873100684589, 58.23175822340959, 57.15339233038348, 57.15907584195173, 57.15907584195173, 57.15907584195173, 57.15907584195173, 57.15907584195173, 57.15907584195173, 57.15907584195173, 57.15907584195173, 57.15907584195173, 57.241024337782484, 58.87648217600485, 58.870627897176576, 58.870627897176576, 58.870627897176576, 58.870627897176576, 58.870627897176576, 58.870627897176576, 58.870627897176576, 58.870627897176576, 58.870627897176576, 58.91276864728192, 58.91276864728192, 58.918627116717815, 58.918627116717815, 58.918627116717815, 58.918627116717815, 58.918627116717815, 58.918627116717815, 58.918627116717815, 58.918627116717815, 58.918627116717815, 58.87648217600485, 58.32104366491046, 58.32104366491046, 58.32104366491046, 58.32104366491046, 58.32104366491046, 58.32104366491046, 58.32104366491046, 58.32104366491046, 58.32104366491046, 58.32104366491046, 58.40453835877576, 59.527702557982984, 59.527702557982984, 59.527702557982984, 59.527702557982984, 59.527702557982984, 59.527702557982984, 59.527702557982984, 59.527702557982984, 59.527702557982984, 59.527702557982984, 59.527702557982984, 57.32297283361325, 57.32297283361325, 57.32297283361325, 57.32297283361325, 57.32297283361325, 57.32297283361325, 57.32297283361325, 57.32297283361325, 57.32297283361325, 57.32297283361325, 57.15907584195173, 57.15907584195173, 57.15907584195173, 57.15907584195173, 57.15907584195173, 57.15907584195173, 57.15907584195173, 57.15907584195173, 57.15907584195173, 57.15907584195173, 57.15907584195173, 57.32297283361325, 63.82351614464156, 63.817169966243966, 63.817169966243966, 63.817169966243966, 63.817169966243966, 63.817169966243966, 63.817169966243966, 63.817169966243966, 63.817169966243966, 63.817169966243966, 63.817169966243966, 60.09966491966665, 60.10564141776923, 60.10564141776923, 60.10564141776923, 60.10564141776923, 60.10564141776923, 60.10564141776923, 60.10564141776923, 60.10564141776923, 60.10564141776923, 60.10564141776923, 58.40453835877576, 58.40453835877576, 58.40453835877576, 58.40453835877576, 58.40453835877576, 58.40453835877576, 58.40453835877576, 58.40453835877576, 58.40453835877576, 58.40453835877576, 58.44628570570841, 51.200878386818935, 51.200878386818935, 51.200878386818935, 51.200878386818935, 51.200878386818935, 51.200878386818935, 51.200878386818935, 51.200878386818935, 51.200878386818935, 51.200878386818935, 51.018018106866016, 58.792192294578925, 58.792192294578925, 58.792192294578925, 58.792192294578925, 58.792192294578925, 58.792192294578925, 58.792192294578925, 58.792192294578925, 58.792192294578925, 58.92430958063416, 59.00878887752397, 59.576181078269386, 59.576181078269386, 59.576181078269386, 59.576181078269386, 59.576181078269386, 59.576181078269386, 59.576181078269386, 59.576181078269386, 59.576181078269386, 59.44260219692797, 59.485152377455485, 62.489453002579495, 62.49566776667722, 62.49566776667722, 62.49566776667722, 62.49566776667722, 62.49566776667722, 62.49566776667722, 62.49566776667722, 62.49566776667722, 62.49566776667722, 62.49566776667722, 61.258129791099456, 61.25203809163733, 61.25203809163733, 61.25203809163733, 61.25203809163733, 61.25203809163733, 61.25203809163733, 61.25203809163733, 61.25203809163733, 61.25203809163733, 61.295852138913176, 54.78655810646222, 54.78655810646222, 54.78655810646222, 54.78655810646222, 54.78655810646222, 54.78655810646222, 54.78655810646222, 54.78655810646222, 54.78655810646222, 54.909673967375625, 54.909673967375625, 59.66147267609081, 59.66147267609081, 59.66147267609081, 59.66147267609081, 59.66147267609081, 59.66147267609081, 59.66147267609081, 59.66147267609081, 59.66147267609081, 59.527702557982984, 59.5702527385105, 57.900058736496185, 57.89430154660492, 57.89430154660492, 57.89430154660492, 57.89430154660492, 57.89430154660492, 57.89430154660492, 57.89430154660492, 57.89430154660492, 57.89430154660492, 57.77024232900505, 60.60211695297589, 60.60814341647558, 60.60814341647558, 60.60814341647558, 60.60814341647558, 60.60814341647558, 60.60814341647558, 60.60814341647558, 60.60814341647558, 60.60814341647558, 60.60814341647558, 57.77598718206083, 57.77598718206083, 57.77598718206083, 57.77598718206083, 57.77598718206083, 57.77598718206083, 57.77598718206083, 57.77598718206083, 57.77598718206083, 57.90582086112164, 57.86437073881589, 57.3285895282713, 57.3285895282713, 57.3285895282713, 57.3285895282713, 57.3285895282713, 57.3285895282713, 57.3285895282713, 57.3285895282713, 57.3285895282713, 57.20005008986712, 57.28199858569787, 60.651527914268335, 60.651527914268335, 60.651527914268335, 60.651527914268335, 60.651527914268335, 60.651527914268335, 60.651527914268335, 60.651527914268335, 60.651527914268335, 60.651527914268335, 60.52137442089007, 58.792192294578925, 58.792192294578925, 58.792192294578925, 58.792192294578925, 58.792192294578925, 58.792192294578925, 58.792192294578925, 58.792192294578925, 58.792192294578925, 58.92430958063416, 58.96654922907906, 58.96654922907906, 58.96654922907906, 58.96654922907906, 58.96654922907906, 58.96654922907906, 58.96654922907906, 58.96654922907906, 58.96654922907906, 58.96654922907906, 58.83433723529189, 58.918627116717815, 59.485152377455485, 59.485152377455485, 59.485152377455485, 59.485152377455485, 59.485152377455485, 59.485152377455485, 59.485152377455485, 59.485152377455485, 59.485152377455485, 59.485152377455485, 59.314951655345446, 60.47798992309732, 60.47798992309732, 60.47798992309732, 60.47798992309732, 60.47798992309732, 60.47798992309732, 60.47798992309732, 60.47798992309732, 60.47798992309732, 60.47798992309732, 60.781681407646595, 57.94141592130796, 57.94141592130796, 57.94141592130796, 57.94141592130796, 57.94141592130796, 57.94141592130796, 57.94141592130796, 57.94141592130796, 57.94141592130796, 57.94141592130796, 57.73462999724905, 55.65410279014098, 55.65410279014098, 55.65410279014098, 55.65410279014098, 55.65410279014098, 55.65410279014098, 55.65410279014098, 55.65410279014098, 55.65410279014098, 55.65410279014098, 55.73383646176009, 57.28199858569787, 57.28199858569787, 57.28199858569787, 57.28199858569787, 57.28199858569787, 57.28199858569787, 57.28199858569787, 57.28199858569787, 57.28199858569787, 57.28199858569787, 57.15907584195173, 58.23754897104516, 58.23754897104516, 58.23754897104516, 58.23754897104516, 58.23754897104516, 58.23754897104516, 58.23754897104516, 58.23754897104516, 58.23754897104516, 58.23754897104516, 58.23754897104516, 57.15907584195173, 57.15907584195173, 57.15907584195173, 57.15907584195173, 57.15907584195173, 57.15907584195173, 57.15907584195173, 57.15907584195173, 57.15907584195173, 57.15907584195173, 57.32297283361325, 58.40453835877576, 58.40453835877576, 58.40453835877576, 58.40453835877576, 58.40453835877576, 58.40453835877576, 58.40453835877576, 58.40453835877576, 58.40453835877576, 58.40453835877576, 58.23754897104516, 62.99163460133457, 62.99163460133457, 62.99163460133457, 62.99163460133457, 62.99163460133457, 62.99163460133457, 62.99163460133457, 62.99163460133457, 62.99163460133457, 63.13318883639375, 63.17844560258471, 56.80263916562661, 56.808288358979745, 56.808288358979745, 56.808288358979745, 56.808288358979745, 56.808288358979745, 56.808288358979745, 56.808288358979745, 56.808288358979745, 56.68091551512553, 56.762120265147196, 56.762120265147196, 56.7564756628933, 56.7564756628933, 56.7564756628933, 56.7564756628933, 56.7564756628933, 56.7564756628933, 56.7564756628933, 56.7564756628933, 56.7564756628933, 56.79707400027735, 61.908810660302315, 61.908810660302315, 61.908810660302315, 61.908810660302315, 61.908810660302315, 61.908810660302315, 61.908810660302315, 61.908810660302315, 61.908810660302315, 62.04793158313445, 61.91487669053301, 60.11153076750778, 60.11750904008536, 60.11750904008536, 60.11750904008536, 60.11750904008536, 60.11750904008536, 60.11750904008536, 60.11750904008536, 60.11750904008536, 60.11750904008536, 60.24670139475603, 58.54160607226293, 58.54160607226293, 58.54160607226293, 58.54160607226293, 58.54160607226293, 58.54160607226293, 58.54160607226293, 58.54160607226293, 58.54160607226293, 58.41034686582288, 58.201589371663395, 62.3168532666295, 62.3106562844033, 62.3106562844033, 62.3106562844033, 62.3106562844033, 62.3106562844033, 62.3106562844033, 62.3106562844033, 62.3106562844033, 62.45068023110982, 62.629878739663944, 59.6188268771801, 59.6188268771801, 59.6188268771801, 59.6188268771801, 59.6188268771801, 59.6188268771801, 59.6188268771801, 59.6188268771801, 59.6188268771801, 59.485152377455485, 59.527702557982984, 63.82351614464156, 63.82351614464156, 63.82351614464156, 63.82351614464156, 63.82351614464156, 63.82351614464156, 63.82351614464156, 63.82351614464156, 63.82351614464156, 63.82351614464156, 63.68665370830566, 59.97675155054027, 59.97675155054027, 59.97675155054027, 59.97675155054027, 59.97675155054027, 59.97675155054027, 59.97675155054027, 59.97675155054027, 59.97675155054027, 59.97675155054027, 59.93378826146395, 61.120595949809776, 61.126674576955466, 61.126674576955466, 61.126674576955466, 61.126674576955466, 61.126674576955466, 61.126674576955466, 61.126674576955466, 61.126674576955466, 61.126674576955466, 61.21431138638479, 62.45096414166529, 62.45096414166529, 62.45096414166529, 62.45096414166529, 62.45096414166529]
====================================

====================================
TIME: 2026-08-14 17:26:13
FINISH CYCLE - DUT 1
Charging samples: [94.32364709208319, 96.6147609654231, 96.6147609654231, 96.6147609654231, 96.6147609654231, 96.6147609654231, 96.6147609654231, 96.6147609654231, 96.6147609654231, 109.62591788626806, 109.78787876170331, 96.22937570151481, 96.1627579267128, 96.1627579267128, 96.1627579267128, 96.1627579267128, 96.1627579267128, 96.1627579267128, 96.1627579267128, 96.1627579267128, 97.27980006424531, 97.31806906505737, 96.68407512978011, 96.41708424229711, 96.41708424229711, 96.41708424229711, 96.41708424229711, 96.41708424229711, 96.41708424229711, 96.41708424229711, 96.41708424229711, 96.03199354137928, 96.01311190678602, 95.59792007151347, 95.676356850084, 95.676356850084, 95.676356850084, 95.676356850084, 95.676356850084, 95.676356850084, 95.676356850084, 95.676356850084, 95.91614721812934, 95.92557850104163, 96.44691316680817, 96.28475462164928, 96.28475462164928, 96.28475462164928, 96.28475462164928, 96.28475462164928, 96.28475462164928, 96.28475462164928, 96.28475462164928, 95.8996156031627, 95.8807581426174, 95.3624837742789, 95.32960582779583, 95.32960582779583, 95.32960582779583, 95.32960582779583, 95.32960582779583, 95.32960582779583, 95.32960582779583, 95.32960582779583, 95.32960582779583, 95.35772942082201, 94.94714716282063, 94.91851289328721, 94.91851289328721, 94.91851289328721, 94.91851289328721, 94.91851289328721, 94.91851289328721, 94.91851289328721, 94.91851289328721, 96.0621094341702, 96.04322187824526, 96.45854391879983, 96.5084384197277, 96.5084384197277, 96.5084384197277, 96.5084384197277, 96.5084384197277, 96.5084384197277, 96.5084384197277, 96.5084384197277, 96.89140841345677, 96.90093559225848, 96.5876782573697, 96.46708919806785, 96.46708919806785, 96.46708919806785, 96.46708919806785, 96.46708919806785, 96.46708919806785, 96.46708919806785, 96.46708919806785, 95.5615186967026, 95.5615186967026, 95.5615186967026, 95.69747602013402, 95.69747602013402, 95.69747602013402, 95.69747602013402, 95.69747602013402, 95.69747602013402, 95.69747602013402, 95.69747602013402, 96.89071138198106, 96.89071138198106, 97.20495152700369, 97.12957612841299, 97.12957612841299, 97.12957612841299, 97.12957612841299, 97.12957612841299, 97.12957612841299, 97.12957612841299, 97.12957612841299, 95.50277534596667, 95.49338563253183, 95.49338563253183, 95.21855501236945, 95.21855501236945, 95.21855501236945, 95.21855501236945, 95.21855501236945, 95.21855501236945, 95.21855501236945, 95.21855501236945, 95.07544095172962, 95.08478956932565, 95.08478956932565, 95.03580204249961, 95.03580204249961, 95.03580204249961, 95.03580204249961, 95.03580204249961, 95.03580204249961, 95.03580204249961, 95.03580204249961, 94.94043244687242, 94.93109802228813, 94.93109802228813, 95.06578679801949, 95.06578679801949, 95.06578679801949, 95.06578679801949, 95.06578679801949, 95.06578679801949, 95.06578679801949, 95.06578679801949, 95.92524644762489, 95.90638209237463, 96.01017687818887, 96.06386922523423, 96.06386922523423, 96.06386922523423, 96.06386922523423, 96.06386922523423, 96.06386922523423, 96.06386922523423, 96.06386922523423, 95.63351839246812, 95.6617344187444, 95.35214951771287, 95.2251607891375, 95.2251607891375, 95.2251607891375, 95.2251607891375, 95.2251607891375, 95.2251607891375, 95.2251607891375, 95.2251607891375, 95.03471046755924, 95.01602307979647, 95.53129435463266, 95.5928956535459, 95.5928956535459, 95.5928956535459, 95.5928956535459, 95.5928956535459, 95.5928956535459, 95.5928956535459, 95.5928956535459, 95.1618655629237, 95.18058163442785, 94.97456305946154, 95.03175696357515, 95.03175696357515, 95.03175696357515, 95.03175696357515, 95.03175696357515, 95.03175696357515, 95.03175696357515, 95.03175696357515, 94.93610345883074, 94.94543745779434, 95.25470598371548, 95.20965667953986, 95.20965667953986, 95.20965667953986, 95.20965667953986, 95.20965667953986, 95.20965667953986, 95.20965667953986, 95.20965667953986, 94.82594017906816, 94.81661792777253, 94.71377994737365, 94.75044334606295, 94.75044334606295, 94.75044334606295, 94.75044334606295, 94.75044334606295, 94.75044334606295, 94.75044334606295, 94.75044334606295, 95.27763347090193, 95.27763347090193, 95.3810836701103, 95.45087570826259, 95.45087570826259, 95.45087570826259, 95.45087570826259, 95.45087570826259, 95.45087570826259, 95.45087570826259, 95.45087570826259, 96.0750514548458, 96.0939434126582, 96.0939434126582, 96.14774277804858, 96.14774277804858, 96.14774277804858, 96.14774277804858, 96.14774277804858, 96.14774277804858, 96.14774277804858, 96.14774277804858, 95.9555433921854, 95.94611101792096, 95.53120891622184, 95.57236842027882, 95.57236842027882, 95.57236842027882, 95.57236842027882, 95.57236842027882, 95.57236842027882, 95.57236842027882, 95.57236842027882, 96.62524378595039, 96.62524378595039, 96.72981656061049, 96.77985353788128, 96.77985353788128, 96.77985353788128, 96.77985353788128, 96.77985353788128, 96.77985353788128, 96.77985353788128, 96.77985353788128, 95.34181708115199, 95.35119004783319, 95.55802560108228, 95.56214501417884, 95.56214501417884, 95.56214501417884, 95.56214501417884, 95.56214501417884, 95.56214501417884, 95.56214501417884, 95.56214501417884, 95.94650758839373, 95.93707610234355, 95.8331356081915, 95.87860116894755, 95.87860116894755, 95.87860116894755, 95.87860116894755, 95.87860116894755, 95.87860116894755, 95.87860116894755, 95.87860116894755, 96.50274829723816, 96.50274829723816, 96.39830809345327, 96.2488662240465, 96.2488662240465, 96.2488662240465, 96.2488662240465, 96.2488662240465, 96.2488662240465, 96.2488662240465, 96.2488662240465, 96.77560131283481, 96.77560131283481, 95.84207461206792, 95.97846636946143, 95.97846636946143, 95.97846636946143, 95.97846636946143, 95.97846636946143, 95.97846636946143, 95.97846636946143, 95.97846636946143, 94.83869239971028, 94.84801590466503, 95.97960828530638, 95.83908782362181, 95.83908782362181, 95.83908782362181, 95.83908782362181, 95.83908782362181, 95.83908782362181, 95.83908782362181, 95.83908782362181, 95.74310476120456, 95.72428177786412, 95.82821693723204, 95.76636035516567, 95.76636035516567, 95.76636035516567, 95.76636035516567, 95.76636035516567, 95.76636035516567, 95.76636035516567, 95.76636035516567, 96.24639223664519, 96.25585506156278, 94.91610547291147, 95.05108635981541, 95.05108635981541, 95.05108635981541, 95.05108635981541, 95.05108635981541, 95.05108635981541, 95.05108635981541, 95.05108635981541, 95.09849338543128, 95.09849338543128, 96.33621781127204, 96.35282678809394, 96.35282678809394, 96.35282678809394, 96.35282678809394, 96.35282678809394, 96.35282678809394, 96.35282678809394, 96.35282678809394, 96.16069752231509, 96.17015099238218, 95.34288087631867, 95.41279240905234, 95.41279240905234, 95.41279240905234, 95.41279240905234, 95.41279240905234, 95.41279240905234, 95.41279240905234, 95.41279240905234, 95.74640357132176, 95.74640357132176, 96.68203617951056, 96.93289771604276, 96.93289771604276, 96.93289771604276, 96.93289771604276, 96.93289771604276, 96.93289771604276, 96.93289771604276, 96.93289771604276, 96.59515242783357, 96.55717143798677, 96.24367412812317, 96.15219565102913, 96.15219565102913, 96.15219565102913, 96.15219565102913, 96.15219565102913, 96.15219565102913, 96.15219565102913, 96.15219565102913, 96.00811144176186, 96.02699394966662, 96.02699394966662, 95.90683072099175, 95.90683072099175, 95.90683072099175, 95.90683072099175, 95.90683072099175, 95.90683072099175, 95.90683072099175, 95.90683072099175, 95.52301148849153, 95.50422808243736, 95.29795545158977, 95.30618036467409, 95.30618036467409, 95.30618036467409, 95.30618036467409, 95.30618036467409, 95.30618036467409, 95.30618036467409, 95.30618036467409, 95.73699685050134, 95.76524062968824, 95.86877061955819, 96.15092064778278, 96.15092064778278, 96.15092064778278, 96.15092064778278, 96.15092064778278, 96.15092064778278, 96.15092064778278, 96.15092064778278, 96.1028451874589, 96.11229297011594, 95.59556021221208, 95.6535194969105, 95.6535194969105, 95.6535194969105, 95.6535194969105, 95.6535194969105, 95.6535194969105, 95.6535194969105, 95.6535194969105, 96.03632497763853, 96.0080040324962, 95.69929662403158, 95.73661114052133, 95.73661114052133, 95.73661114052133, 95.73661114052133, 95.73661114052133, 95.73661114052133, 95.73661114052133, 95.73661114052133, 94.78258412367508, 94.81054358801835, 95.21876982521111, 95.30547873489974, 95.30547873489974, 95.30547873489974, 95.30547873489974, 95.30547873489974, 95.30547873489974, 95.30547873489974, 95.30547873489974, 96.07291087368101, 96.0823547851008, 95.46578352444774, 95.19745887128295, 95.19745887128295, 95.19745887128295, 95.19745887128295, 95.19745887128295, 95.19745887128295, 95.19745887128295, 95.19745887128295, 94.86476680333537, 94.83679409836093, 95.86205673726214, 95.86620212349942, 95.86620212349942, 95.86620212349942, 95.86620212349942, 95.86620212349942, 95.86620212349942, 95.86620212349942, 95.86620212349942, 95.19379389217228, 95.203153226937, 95.10034204634637, 95.18266218661587, 95.18266218661587, 95.18266218661587, 95.18266218661587, 95.18266218661587, 95.18266218661587, 95.18266218661587, 95.18266218661587, 95.80696824535754, 95.80696824535754, 94.78338952478748, 94.77518565673671, 94.77518565673671, 94.77518565673671, 94.77518565673671, 94.77518565673671, 94.77518565673671, 94.77518565673671, 94.77518565673671, 95.01271745036263, 95.02205806356065, 96.25611076568481, 96.32697927512685, 96.32697927512685, 96.32697927512685, 96.32697927512685, 96.32697927512685, 96.32697927512685, 96.32697927512685, 96.32697927512685, 95.17105552382533, 95.16170026426336, 95.47167322929351, 95.29420891645647, 95.29420891645647, 95.29420891645647, 95.29420891645647, 95.29420891645647, 95.29420891645647, 95.29420891645647, 95.29420891645647, 96.210499386807, 96.210499386807, 96.00202593201436, 96.2183122865252, 96.2183122865252, 96.2183122865252, 96.2183122865252, 96.2183122865252, 96.2183122865252, 96.2183122865252, 96.2183122865252, 96.26654201699465, 96.26654201699465, 96.26654201699465, 96.3040939794666, 96.3040939794666, 96.3040939794666, 96.3040939794666, 96.3040939794666, 96.3040939794666, 96.3040939794666, 96.3040939794666, 98.08929011034849, 98.10857624682319, 97.79072988749223, 97.88406594204864, 97.88406594204864, 97.88406594204864, 97.88406594204864, 97.88406594204864, 97.88406594204864, 97.88406594204864, 97.88406594204864, 97.8359183444382, 97.80706953816403, 96.96932161920758, 96.94829162102515, 96.94829162102515, 96.94829162102515, 96.94829162102515, 96.94829162102515, 96.94829162102515, 96.94829162102515, 96.94829162102515, 96.47118388666972, 96.50912359127561, 96.09757082542795, 96.17265682945875, 96.17265682945875, 96.17265682945875, 96.17265682945875, 96.17265682945875, 96.17265682945875, 96.17265682945875, 96.17265682945875, 95.88727802581052, 95.86843040359415, 96.2790018400121, 96.1913160459866, 96.1913160459866, 96.1913160459866, 96.1913160459866, 96.1913160459866, 96.1913160459866, 96.1913160459866, 96.1913160459866, 95.33246500986172, 95.33246500986172, 96.3642016441676, 96.36838103444578, 96.36838103444578, 96.36838103444578, 96.36838103444578, 96.36838103444578, 96.36838103444578, 96.36838103444578, 96.36838103444578, 96.4648458803261, 96.4648458803261, 95.2281170869886, 95.08378207494789, 95.08378207494789, 95.08378207494789, 95.08378207494789, 95.08378207494789, 95.08378207494789, 95.08378207494789, 95.08378207494789, 94.37065370938578, 94.37065370938578, 95.59624661470244, 95.64595003581928, 95.64595003581928, 95.64595003581928, 95.64595003581928, 95.64595003581928, 95.64595003581928, 95.64595003581928, 95.64595003581928, 96.46508411673057, 96.46508411673057, 95.12672115673323, 95.11023758002959, 95.11023758002959, 95.11023758002959, 95.11023758002959, 95.11023758002959, 95.11023758002959, 95.11023758002959, 95.11023758002959, 94.30260818998939, 94.28406840660395, 95.50721307782476, 95.47826021776912, 95.47826021776912, 95.47826021776912, 95.47826021776912, 95.47826021776912, 95.47826021776912, 95.47826021776912, 95.47826021776912, 95.62255985537782, 95.63196134587585, 94.81196596456074, 94.86537421300251, 94.86537421300251, 94.86537421300251, 94.86537421300251, 94.86537421300251, 94.86537421300251, 94.86537421300251, 94.86537421300251, 95.8674732363793, 95.8674732363793, 95.8674732363793, 95.69331952202255, 95.69331952202255, 95.69331952202255, 95.69331952202255, 95.69331952202255, 95.69331952202255, 95.69331952202255, 95.69331952202255, 95.02646712117222, 95.01712515625665, 94.81387996875665, 94.68692086206443, 94.68692086206443, 94.68692086206443, 94.68692086206443, 94.68692086206443, 94.68692086206443, 94.68692086206443, 94.68692086206443, 94.92423144066609, 94.94289710410935, 96.28157135828876, 96.16111555287932, 96.16111555287932, 96.16111555287932, 96.16111555287932, 96.16111555287932, 96.16111555287932, 96.16111555287932, 96.16111555287932, 96.59384057286728, 96.59384057286728, 95.25082460768304, 95.2426069539338, 95.2426069539338, 95.2426069539338, 95.2426069539338, 95.2426069539338, 95.2426069539338, 95.2426069539338, 95.2426069539338, 94.53148743959383, 94.52219504920362, 94.42120979808266, 94.51498275137754, 94.51498275137754, 94.51498275137754, 94.51498275137754, 94.51498275137754, 94.51498275137754, 94.51498275137754, 94.51498275137754, 94.32538398958941, 94.32538398958941, 95.55038897646719, 95.48854139578853, 95.48854139578853, 95.48854139578853, 95.48854139578853, 95.48854139578853, 95.48854139578853, 95.48854139578853, 95.48854139578853, 95.39257301247618, 95.38319505602587, 94.26103982007265, 94.47711330783112, 94.47711330783112, 94.47711330783112, 94.47711330783112, 94.47711330783112, 94.47711330783112, 94.47711330783112, 94.47711330783112, 94.8097791997601, 94.8097791997601, 95.11496089246319, 95.08617307136983, 95.08617307136983, 95.08617307136983, 95.08617307136983, 95.08617307136983, 95.08617307136983, 95.08617307136983, 95.08617307136983, 94.51422616567737, 94.52351868619311, 95.13598209020736, 95.0414666227081, 95.0414666227081, 95.0414666227081, 95.0414666227081, 95.0414666227081, 95.0414666227081, 95.0414666227081, 95.0414666227081, 95.37696347916749, 95.3675870572761, 94.55073406320952, 94.8128403126159, 94.8128403126159, 94.8128403126159, 94.8128403126159, 94.8128403126159, 94.8128403126159, 94.8128403126159, 94.8128403126159, 95.38457603309398, 95.39395412532022, 95.59866218138315, 95.38382444278459, 95.38382444278459, 95.38382444278459, 95.38382444278459, 95.38382444278459, 95.38382444278459, 95.38382444278459, 95.38382444278459, 94.66916042348302, 94.67846726190453, 94.7801627154619, 94.80064775106219, 94.80064775106219, 94.80064775106219, 94.80064775106219, 94.80064775106219, 94.80064775106219, 94.80064775106219, 94.80064775106219, 94.99148951804972, 95.01016473470519, 94.90822249786537, 94.75258153226383, 94.75258153226383, 94.75258153226383, 94.75258153226383, 94.75258153226383, 94.75258153226383, 94.75258153226383, 94.75258153226383, 95.32366690563761, 95.3049300669338, 94.69530364859521, 94.66262192171044, 94.66262192171044, 94.66262192171044, 94.66262192171044, 94.66262192171044, 94.66262192171044, 94.66262192171044, 94.66262192171044, 93.52837183378179, 93.50079047965801, 94.61029284780929, 94.51651028798945, 94.51651028798945, 94.51651028798945, 94.51651028798945, 94.51651028798945, 94.51651028798945, 94.51651028798945, 94.51651028798945, 94.75530894965694, 94.77394322870309, 93.86265531304248, 93.83434688619238, 93.83434688619238, 93.83434688619238, 93.83434688619238, 93.83434688619238, 93.83434688619238, 93.83434688619238, 93.83434688619238, 93.6924602729572, 93.66482781318342, 93.86539489629516, 93.93014639747393, 93.93014639747393, 93.93014639747393, 93.93014639747393, 93.93014639747393, 93.93014639747393, 93.93014639747393, 93.93014639747393, 94.83104128972634, 94.85901779910478, 94.35391120805521, 94.32544358258836, 94.32544358258836, 94.32544358258836, 94.32544358258836, 94.32544358258836, 94.32544358258836, 94.32544358258836, 94.32544358258836, 95.59883707095331, 95.59883707095331, 95.90524360002688, 95.85979479425397, 95.85979479425397, 95.85979479425397, 95.85979479425397, 95.85979479425397, 95.85979479425397, 95.85979479425397, 95.85979479425397, 94.53563384001662, 94.5170464169258, 95.7445405262365, 95.69094831840695, 95.69094831840695, 95.69094831840695, 95.69094831840695, 95.69094831840695, 95.69094831840695, 95.69094831840695, 95.69094831840695, 95.45160127408879, 95.47975808862392, 94.8637596493425, 94.933247925542, 94.933247925542, 94.933247925542, 94.933247925542, 94.933247925542, 94.933247925542, 94.933247925542, 94.933247925542, 96.0758747812155, 96.0758747812155, 95.05379100694728, 95.02922295551102, 95.02922295551102, 95.02922295551102, 95.02922295551102, 95.02922295551102, 95.02922295551102, 95.02922295551102, 95.02922295551102, 94.93504136685343, 94.93504136685343, 95.03614364732931, 95.11809255105209, 95.11809255105209, 95.11809255105209, 95.11809255105209, 95.11809255105209, 95.11809255105209, 95.11809255105209, 95.11809255105209, 95.49554529927055, 95.46738382911447, 96.80763867768736, 96.67842288440393, 96.67842288440393, 96.67842288440393, 96.67842288440393, 96.67842288440393, 96.67842288440393, 96.67842288440393, 96.67842288440393, 97.01278501888557, 97.02232413245673, 95.883321394509, 95.93288844128168, 95.93288844128168, 95.93288844128168, 95.93288844128168, 95.93288844128168, 95.93288844128168, 95.93288844128168, 95.93288844128168, 94.89373356894875, 94.88440373573972, 95.90796796158372, 95.80478786006728, 95.80478786006728, 95.80478786006728, 95.80478786006728, 95.80478786006728, 95.80478786006728, 95.80478786006728, 95.80478786006728, 95.61403666472617, 95.63283981844589, 96.04728332795159, 96.10104499353882, 96.10104499353882, 96.10104499353882, 96.10104499353882, 96.10104499353882, 96.10104499353882, 96.10104499353882, 96.10104499353882, 96.29276777656831, 96.31170068411384, 94.97403817461229, 94.99448908722525, 94.99448908722525, 94.99448908722525, 94.99448908722525, 94.99448908722525, 94.99448908722525, 94.99448908722525, 94.99448908722525, 94.42707551378238, 94.39923187052099, 94.70276637814324, 94.70276637814324, 94.70276637814324, 94.70276637814324, 94.70276637814324, 94.70276637814324, 94.70276637814324, 94.70276637814324, 94.70276637814324, 94.13369617456902, 94.13369617456902, 95.05058282562004, 94.976957277343, 94.976957277343, 94.976957277343, 94.976957277343, 94.976957277343, 94.976957277343, 94.976957277343, 94.976957277343, 95.74251461559867, 95.75192789989869, 94.62543463048814, 94.64579907645518, 94.64579907645518, 94.64579907645518, 94.64579907645518, 94.64579907645518, 94.64579907645518, 94.64579907645518, 94.64579907645518, 93.9363103277561, 93.92707553515606, 94.02763985585752, 94.01145400745095, 94.01145400745095, 94.01145400745095, 94.01145400745095, 94.01145400745095, 94.01145400745095, 94.01145400745095, 94.01145400745095, 93.72743148779098, 93.73664665163798, 95.05974807017354, 94.70922976918163, 94.70922976918163, 94.70922976918163, 94.70922976918163, 94.70922976918163, 94.70922976918163, 94.70922976918163, 94.70922976918163, 94.56573093619802, 94.56573093619802, 93.95365500780841, 94.3054353480425, 94.3054353480425, 94.3054353480425, 94.3054353480425, 94.3054353480425, 94.3054353480425, 94.3054353480425, 94.3054353480425, 94.6393443249956, 94.62073651053926, 93.91158752170223, 94.01678792133879, 94.01678792133879, 94.01678792133879, 94.01678792133879, 94.01678792133879, 94.01678792133879, 94.01678792133879, 94.01678792133879, 93.9694004274268, 93.97864028980905, 94.38284949535661, 94.52131242609713, 94.52131242609713, 94.52131242609713, 94.52131242609713, 94.52131242609713, 94.52131242609713, 94.52131242609713, 94.52131242609713, 94.09232008528276, 94.07381800680763, 93.67093227658577, 93.6103456703959, 93.6103456703959, 93.6103456703959, 93.6103456703959, 93.6103456703959, 93.6103456703959, 93.6103456703959, 93.6103456703959, 94.84330868327852, 94.86196210223483, 94.76050545827523, 94.81365441724309, 94.81365441724309, 94.81365441724309, 94.81365441724309, 94.81365441724309, 94.81365441724309, 94.81365441724309, 94.81365441724309, 95.0506885532862, 95.04134328845942, 95.65517327740535, 95.59743041668253, 95.59743041668253, 95.59743041668253, 95.59743041668253, 95.59743041668253, 95.59743041668253, 95.59743041668253, 95.59743041668253, 95.69278944951712, 95.72101741100667, 95.10676489286116, 95.10676489286116, 95.10676489286116, 95.10676489286116, 95.10676489286116, 95.10676489286116, 95.10676489286116, 95.10676489286116, 95.10676489286116, 95.48586510170165, 95.48586510170165, 95.99922996783982, 96.09867668396673, 96.09867668396673, 96.09867668396673, 96.09867668396673, 96.09867668396673, 96.09867668396673, 96.09867668396673, 96.09867668396673, 95.57406852340911, 95.55527877239692, 95.0442879768226, 94.95821569912573, 94.95821569912573, 94.95821569912573, 94.95821569912573, 94.95821569912573, 94.95821569912573, 94.95821569912573, 94.95821569912573, 95.62159644752282, 95.6498006348537, 97.42109323920285, 97.54729181414892, 97.54729181414892, 97.54729181414892, 97.54729181414892, 97.54729181414892, 97.54729181414892, 97.54729181414892, 97.54729181414892, 97.54729181414892, 97.53770391442275, 96.17573812399577, 96.11348576912135, 96.11348576912135, 96.11348576912135, 96.11348576912135, 96.11348576912135, 96.11348576912135, 96.11348576912135, 96.11348576912135, 94.6370149768306, 94.62771221314468, 95.55141005470466, 95.54316433412694, 95.54316433412694, 95.54316433412694, 95.54316433412694, 95.54316433412694, 95.54316433412694, 95.54316433412694, 95.54316433412694, 96.26442626921093, 96.27388993675609, 96.06550489360293, 95.99509082111591, 95.99509082111591, 95.99509082111591, 95.99509082111591, 95.99509082111591, 95.99509082111591, 95.99509082111591, 95.99509082111591, 95.85124203367167, 95.84181991217027, 94.81567623002712, 94.84839244352035, 94.84839244352035, 94.84839244352035, 94.84839244352035, 94.84839244352035, 94.84839244352035, 94.84839244352035, 94.84839244352035, 95.03818412424778, 95.02884100744437, 96.47493206625329, 96.39178194165405, 96.39178194165405, 96.39178194165405, 96.39178194165405, 96.39178194165405, 96.39178194165405, 96.39178194165405, 96.39178194165405, 96.58427676330487, 96.58427676330487, 94.73084714524572, 94.82074399367755, 94.82074399367755, 94.82074399367755, 94.82074399367755, 94.82074399367755, 94.82074399367755, 94.82074399367755, 94.82074399367755, 94.82074399367755, 94.83006665064282, 95.33826636474062, 95.3464919172504, 95.3464919172504, 95.3464919172504, 95.3464919172504, 95.3464919172504, 95.3464919172504, 95.3464919172504, 95.3464919172504, 95.0139431163432, 94.99526164895894, 96.33758599834641, 96.46242412974249, 96.46242412974249, 96.46242412974249, 96.46242412974249, 96.46242412974249, 96.46242412974249, 96.46242412974249, 96.46242412974249, 97.18589231071556, 97.20500458058984, 95.74797025068807, 95.60755916642998, 95.60755916642998, 95.60755916642998, 95.60755916642998, 95.60755916642998, 95.60755916642998, 95.60755916642998, 95.60755916642998, 95.08563204442962, 95.08563204442962, 94.68014960500774, 94.60670036599166, 94.60670036599166, 94.60670036599166, 94.60670036599166, 94.60670036599166, 94.60670036599166, 94.60670036599166, 94.60670036599166, 94.5594914336733, 94.5501953767097, 95.87900893335534, 95.81706625379638, 95.81706625379638, 95.81706625379638, 95.81706625379638, 95.81706625379638, 95.81706625379638, 95.81706625379638, 95.81706625379638, 95.6735559199165, 95.6735559199165, 95.6735559199165, 95.73953199502722, 95.73953199502722, 95.73953199502722, 95.73953199502722, 95.73953199502722, 95.73953199502722, 95.73953199502722, 95.73953199502722, 95.73953199502722, 95.75835797713223, 94.73420441587947, 94.78731341831195, 94.78731341831195, 94.78731341831195, 94.78731341831195, 94.78731341831195, 94.78731341831195, 94.78731341831195, 94.78731341831195, 94.73991976160279, 94.71198112410305, 95.9433394919137, 95.86892314723947, 95.86892314723947, 95.86892314723947, 95.86892314723947, 95.86892314723947, 95.86892314723947, 95.86892314723947, 95.86892314723947, 97.11584260788392, 97.13494110200543, 96.82024906819764, 96.93302502699149, 96.93302502699149, 96.93302502699149, 96.93302502699149, 96.93302502699149, 96.93302502699149, 96.93302502699149, 96.93302502699149, 96.16713445887699, 96.16713445887699, 96.27109892856225, 96.29186939219301, 96.29186939219301, 96.29186939219301, 96.29186939219301, 96.29186939219301, 96.29186939219301, 96.29186939219301, 96.29186939219301, 96.19600889503802, 96.19600889503802, 96.61379829306208, 96.47642086529272, 96.47642086529272, 96.47642086529272, 96.47642086529272, 96.47642086529272, 96.47642086529272, 96.47642086529272, 96.47642086529272, 96.52449083084592, 96.515001596592, 95.78697895523841, 95.84479639532522, 95.84479639532522, 95.84479639532522, 95.84479639532522, 95.84479639532522, 95.84479639532522, 95.84479639532522, 95.84479639532522, 95.94025933994207, 95.9496920662561, 95.9496920662561, 95.9538290770812, 95.9538290770812, 95.9538290770812, 95.9538290770812, 95.9538290770812, 95.9538290770812, 95.9538290770812, 95.9538290770812, 96.2402584176098, 96.23079712598398, 95.51035265552206, 95.50623476500488, 95.50623476500488, 95.50623476500488, 95.50623476500488, 95.50623476500488, 95.50623476500488, 95.50623476500488, 95.50623476500488]
Discharging samples: []
====================================

====================================
TIME: 2026-08-14 17:26:13
FINISH CYCLE - DUT 2
Charging samples: []
Discharging samples: [0.388263238323035, 0.388263238323035, 0.388263238323035, 0.388263238323035, 0.388263238323035, 0.388263238323035, 0.388263238323035, 0.388263238323035, 2.028104444887383, 59.045495315925855, 49.722522371305985, 49.35850707100161, 49.35850707100161, 49.35850707100161, 49.35850707100161, 49.35850707100161, 49.35850707100161, 49.35850707100161, 49.35850707100161, 49.247339262283134, 53.437784211220574, 56.93371401943126, 57.228120655172155, 57.228120655172155, 57.228120655172155, 57.228120655172155, 57.228120655172155, 57.228120655172155, 57.228120655172155, 57.228120655172155, 57.228120655172155, 57.55749113376307, 57.024551401043034, 57.0075443770642, 57.0075443770642, 57.0075443770642, 57.0075443770642, 57.0075443770642, 57.0075443770642, 57.0075443770642, 57.0075443770642, 57.0075443770642, 56.966766448325245, 63.42691522081574, 63.420610358467755, 63.420610358467755, 63.420610358467755, 63.420610358467755, 63.420610358467755, 63.420610358467755, 63.420610358467755, 63.420610358467755, 63.420610358467755, 63.420610358467755, 60.311756909523254, 60.31775270999143, 60.31775270999143, 60.31775270999143, 60.31775270999143, 60.31775270999143, 60.31775270999143, 60.31775270999143, 60.31775270999143, 60.181595254664146, 60.181595254664146, 63.283739339956114, 63.27744870980304, 63.27744870980304, 63.27744870980304, 63.27744870980304, 63.27744870980304, 63.27744870980304, 63.27744870980304, 63.27744870980304, 63.27744870980304, 63.27744870980304, 60.17561298873426, 60.181595254664146, 60.181595254664146, 60.181595254664146, 60.181595254664146, 60.181595254664146, 60.181595254664146, 60.181595254664146, 60.181595254664146, 60.31775270999143, 60.31775270999143, 59.73214346037987, 59.73214346037987, 59.73214346037987, 59.73214346037987, 59.73214346037987, 59.73214346037987, 59.73214346037987, 59.73214346037987, 59.73214346037987, 59.73214346037987, 59.81765834006545, 59.24248854833405, 59.24248854833405, 59.24248854833405, 59.24248854833405, 59.24248854833405, 59.24248854833405, 59.24248854833405, 59.24248854833405, 59.24248854833405, 59.24248854833405, 59.15779592710698, 63.42691522081574, 63.42691522081574, 63.42691522081574, 63.42691522081574, 63.42691522081574, 63.42691522081574, 63.42691522081574, 63.42691522081574, 63.42691522081574, 63.42691522081574, 63.42691522081574, 58.594388346848824, 58.594388346848824, 58.594388346848824, 58.594388346848824, 58.594388346848824, 58.594388346848824, 58.594388346848824, 58.594388346848824, 58.594388346848824, 58.594388346848824, 58.51050232201439, 62.689823916444, 62.68359232360936, 62.68359232360936, 62.68359232360936, 62.68359232360936, 62.68359232360936, 62.68359232360936, 62.68359232360936, 62.68359232360936, 62.68359232360936, 62.77346127317727, 60.90890301753833, 60.9149581823676, 60.9149581823676, 60.9149581823676, 60.9149581823676, 60.9149581823676, 60.9149581823676, 60.9149581823676, 60.9149581823676, 60.9149581823676, 61.00216642600734, 61.00216642600734, 61.00216642600734, 61.00216642600734, 61.00216642600734, 61.00216642600734, 61.00216642600734, 61.00216642600734, 61.00216642600734, 61.00216642600734, 61.00216642600734, 60.9149581823676, 62.77970180019518, 62.77970180019518, 62.77970180019518, 62.77970180019518, 62.77970180019518, 62.77970180019518, 62.77970180019518, 62.77970180019518, 62.77970180019518, 62.77970180019518, 62.77970180019518, 61.52410776419127, 61.52410776419127, 61.52410776419127, 61.52410776419127, 61.52410776419127, 61.52410776419127, 61.52410776419127, 61.52410776419127, 61.52410776419127, 61.52410776419127, 61.612188090267416, 64.85493483186043, 64.85493483186043, 64.85493483186043, 64.85493483186043, 64.85493483186043, 64.85493483186043, 64.85493483186043, 64.85493483186043, 64.85493483186043, 64.85493483186043, 64.9012928982163, 60.44728260127988, 60.441273925076985, 60.441273925076985, 60.441273925076985, 60.441273925076985, 60.441273925076985, 60.441273925076985, 60.441273925076985, 60.441273925076985, 60.441273925076985, 60.311756909523254, 59.72620587156672, 59.73214346037987, 59.73214346037987, 59.73214346037987, 59.73214346037987, 59.73214346037987, 59.73214346037987, 59.73214346037987, 59.73214346037987, 59.73214346037987, 59.73214346037987, 60.31775270999143, 60.31775270999143, 60.31775270999143, 60.31775270999143, 60.31775270999143, 60.31775270999143, 60.31775270999143, 60.31775270999143, 60.31775270999143, 60.31775270999143, 60.40410597085041, 62.23453342451254, 62.23453342451254, 62.23453342451254, 62.23453342451254, 62.23453342451254, 62.23453342451254, 62.23453342451254, 62.23453342451254, 62.23453342451254, 62.23453342451254, 62.10107838500322, 63.381512990879585, 63.381512990879585, 63.381512990879585, 63.381512990879585, 63.381512990879585, 63.381512990879585, 63.381512990879585, 63.381512990879585, 63.381512990879585, 63.381512990879585, 63.381512990879585, 62.73476285831959, 62.73476285831959, 62.73476285831959, 62.73476285831959, 62.73476285831959, 62.73476285831959, 62.73476285831959, 62.73476285831959, 62.73476285831959, 62.73476285831959, 62.77970180019518, 62.145563398172996, 62.145563398172996, 62.145563398172996, 62.145563398172996, 62.145563398172996, 62.145563398172996, 62.145563398172996, 62.145563398172996, 62.145563398172996, 62.145563398172996, 62.145563398172996, 60.9149581823676, 60.9149581823676, 60.9149581823676, 60.9149581823676, 60.9149581823676, 60.9149581823676, 60.9149581823676, 60.9149581823676, 60.9149581823676, 60.9149581823676, 60.95856230418747, 62.824640742070756, 62.824640742070756, 62.824640742070756, 62.824640742070756, 62.824640742070756, 62.824640742070756, 62.824640742070756, 62.824640742070756, 62.824640742070756, 62.824640742070756, 62.869579683946355, 59.81765834006545, 59.81765834006545, 59.81765834006545, 59.81765834006545, 59.81765834006545, 59.81765834006545, 59.81765834006545, 59.81765834006545, 59.81765834006545, 59.81765834006545, 59.81765834006545, 59.81765834006545, 59.81765834006545, 59.81765834006545, 59.81765834006545, 59.81765834006545, 59.81765834006545, 59.81765834006545, 59.81765834006545, 59.81765834006545, 59.81765834006545, 59.73214346037987, 56.966766448325245, 56.966766448325245, 56.966766448325245, 56.966766448325245, 56.966766448325245, 56.966766448325245, 56.966766448325245, 56.966766448325245, 56.966766448325245, 56.966766448325245, 57.08910023454212, 58.72021738410047, 58.714380384360496, 58.714380384360496, 58.714380384360496, 58.714380384360496, 58.714380384360496, 58.714380384360496, 58.714380384360496, 58.714380384360496, 58.714380384360496, 58.58856385496545, 62.13938590678153, 62.145563398172996, 62.145563398172996, 62.145563398172996, 62.145563398172996, 62.145563398172996, 62.145563398172996, 62.145563398172996, 62.145563398172996, 62.145563398172996, 62.145563398172996, 58.594388346848824, 58.594388346848824, 58.594388346848824, 58.594388346848824, 58.594388346848824, 58.594388346848824, 58.594388346848824, 58.594388346848824, 58.594388346848824, 58.594388346848824, 58.594388346848824, 64.7622186991487, 64.7622186991487, 64.7622186991487, 64.7622186991487, 64.7622186991487, 64.7622186991487, 64.7622186991487, 64.7622186991487, 64.7622186991487, 64.7622186991487, 64.80857676550457, 62.19004841134277, 62.19004841134277, 62.19004841134277, 62.19004841134277, 62.19004841134277, 62.19004841134277, 62.19004841134277, 62.19004841134277, 62.19004841134277, 62.19004841134277, 62.19004841134277, 62.19004841134277, 62.19004841134277, 62.19004841134277, 62.19004841134277, 62.19004841134277, 62.19004841134277, 62.19004841134277, 62.19004841134277, 62.19004841134277, 62.19004841134277, 62.23453342451254, 60.40410597085041, 60.410111549093685, 60.410111549093685, 60.410111549093685, 60.410111549093685, 60.410111549093685, 60.410111549093685, 60.410111549093685, 60.410111549093685, 60.410111549093685, 60.323749702704696, 62.15174211793818, 62.145563398172996, 62.145563398172996, 62.145563398172996, 62.145563398172996, 62.145563398172996, 62.145563398172996, 62.145563398172996, 62.145563398172996, 62.145563398172996, 62.145563398172996, 59.73214346037987, 59.73214346037987, 59.73214346037987, 59.73214346037987, 59.73214346037987, 59.73214346037987, 59.73214346037987, 59.73214346037987, 59.73214346037987, 59.73214346037987, 59.77490090022266, 59.20014223772052, 59.20014223772052, 59.20014223772052, 59.20014223772052, 59.20014223772052, 59.20014223772052, 59.20014223772052, 59.20014223772052, 59.20014223772052, 59.20014223772052, 59.24248854833405, 62.23453342451254, 62.240720989975316, 62.240720989975316, 62.240720989975316, 62.240720989975316, 62.240720989975316, 62.240720989975316, 62.240720989975316, 62.240720989975316, 62.240720989975316, 62.240720989975316, 62.240720989975316, 62.240720989975316, 62.240720989975316, 62.240720989975316, 62.240720989975316, 62.240720989975316, 62.240720989975316, 62.240720989975316, 62.240720989975316, 62.240720989975316, 62.240720989975316, 61.61831378007556, 61.612188090267416, 61.612188090267416, 61.612188090267416, 61.612188090267416, 61.612188090267416, 61.612188090267416, 61.612188090267416, 61.612188090267416, 61.612188090267416, 61.65622825330549, 57.6226432273883, 57.6226432273883, 57.6226432273883, 57.6226432273883, 57.6226432273883, 57.6226432273883, 57.6226432273883, 57.6226432273883, 57.6226432273883, 57.6226432273883, 57.499166134758184, 61.52410776419127, 61.52410776419127, 61.52410776419127, 61.52410776419127, 61.52410776419127, 61.52410776419127, 61.52410776419127, 61.52410776419127, 61.52410776419127, 61.52410776419127, 61.612188090267416, 62.869579683946355, 62.869579683946355, 62.869579683946355, 62.869579683946355, 62.869579683946355, 62.869579683946355, 62.869579683946355, 62.869579683946355, 62.869579683946355, 62.869579683946355, 62.77970180019518, 61.52410776419127, 61.52410776419127, 61.52410776419127, 61.52410776419127, 61.52410776419127, 61.52410776419127, 61.52410776419127, 61.52410776419127, 61.52410776419127, 61.52410776419127, 61.52410776419127, 56.44413556347821, 56.44413556347821, 56.44413556347821, 56.44413556347821, 56.44413556347821, 56.44413556347821, 56.44413556347821, 56.44413556347821, 56.44413556347821, 56.44413556347821, 56.524943202080195, 61.00216642600734, 61.00823146542134, 61.00823146542134, 61.00823146542134, 61.00823146542134, 61.00823146542134, 61.00823146542134, 61.00823146542134, 61.00823146542134, 61.00823146542134, 61.00823146542134, 64.18574352091204, 64.17298293571902, 64.17298293571902, 64.17298293571902, 64.17298293571902, 64.17298293571902, 64.17298293571902, 64.17298293571902, 64.17298293571902, 64.31784294234593, 64.27186878727636, 57.13055003313453, 57.14191025386094, 57.14191025386094, 57.14191025386094, 57.14191025386094, 57.14191025386094, 57.14191025386094, 57.14191025386094, 57.14191025386094, 57.013212257793676, 57.094776223827715, 56.57097093737058, 56.57097093737058, 56.57097093737058, 56.57097093737058, 56.57097093737058, 56.57097093737058, 56.57097093737058, 56.57097093737058, 56.57097093737058, 56.57097093737058, 56.44974742821908, 62.785943568121226, 62.785943568121226, 62.785943568121226, 62.785943568121226, 62.785943568121226, 62.785943568121226, 62.785943568121226, 62.785943568121226, 62.785943568121226, 62.927672560374326, 62.88262769812639, 64.19268244183736, 64.18630082513174, 64.18630082513174, 64.18630082513174, 64.18630082513174, 64.18630082513174, 64.18630082513174, 64.18630082513174, 64.18630082513174, 64.04173708453457, 64.0876122543659, 61.52410776419127, 61.52410776419127, 61.52410776419127, 61.52410776419127, 61.52410776419127, 61.52410776419127, 61.52410776419127, 61.52410776419127, 61.52410776419127, 61.52410776419127, 61.612188090267416, 58.12470574553529, 58.12470574553529, 58.12470574553529, 58.12470574553529, 58.12470574553529, 58.12470574553529, 58.12470574553529, 58.12470574553529, 58.12470574553529, 58.12470574553529, 58.04161109829364, 60.9149581823676, 60.92101455124633, 60.92101455124633, 60.92101455124633, 60.92101455124633, 60.92101455124633, 60.92101455124633, 60.92101455124633, 60.92101455124633, 61.05853377145232, 61.05853377145232, 62.292039504208944, 62.28584683699506, 62.28584683699506, 62.28584683699506, 62.28584683699506, 62.28584683699506, 62.28584683699506, 62.28584683699506, 62.28584683699506, 62.145563398172996, 62.05659337183344, 64.66950256643696, 64.66950256643696, 64.66950256643696, 64.66950256643696, 64.66950256643696, 64.66950256643696, 64.66950256643696, 64.66950256643696, 64.66950256643696, 64.81548338487137, 64.90840880907906, 62.9214167026787, 62.91516208869234, 62.91516208869234, 62.91516208869234, 62.91516208869234, 62.91516208869234, 62.91516208869234, 62.91516208869234, 62.91516208869234, 62.91516208869234, 62.96019799569928, 61.70099403578529, 61.713263074169824, 61.713263074169824, 61.713263074169824, 61.713263074169824, 61.713263074169824, 61.713263074169824, 61.713263074169824, 61.713263074169824, 61.713263074169824, 61.669119109166836, 59.29722991266042, 59.291334969831844, 59.291334969831844, 59.291334969831844, 59.291334969831844, 59.291334969831844, 59.291334969831844, 59.291334969831844, 59.291334969831844, 59.15779592710698, 59.24248854833405, 59.81765834006545, 59.81765834006545, 59.81765834006545, 59.81765834006545, 59.81765834006545, 59.81765834006545, 59.81765834006545, 59.81765834006545, 59.81765834006545, 59.952686914196526, 59.86697899866517, 59.86697899866517, 59.86697899866517, 59.86697899866517, 59.86697899866517, 59.86697899866517, 59.86697899866517, 59.86697899866517, 59.86697899866517, 59.86697899866517, 59.86697899866517, 59.90983295643084, 62.33043226780178, 62.3366293678483, 62.3366293678483, 62.3366293678483, 62.3366293678483, 62.3366293678483, 62.3366293678483, 62.3366293678483, 62.3366293678483, 62.3366293678483, 62.381219231487684, 57.182784295530375, 57.17709955705781, 57.17709955705781, 57.17709955705781, 57.17709955705781, 57.17709955705781, 57.17709955705781, 57.17709955705781, 57.17709955705781, 57.17709955705781, 57.09535960057881, 63.57009110167539, 63.576411452749326, 63.576411452749326, 63.576411452749326, 63.576411452749326, 63.576411452749326, 63.576411452749326, 63.576411452749326, 63.576411452749326, 63.576411452749326, 63.62192069502044, 62.97271742262227, 62.96645708686099, 62.96645708686099, 62.96645708686099, 62.96645708686099, 62.96645708686099, 62.96645708686099, 62.96645708686099, 62.96645708686099, 62.96645708686099, 62.9214167026787, 61.052463731312, 61.052463731312, 61.052463731312, 61.052463731312, 61.052463731312, 61.052463731312, 61.052463731312, 61.052463731312, 61.052463731312, 61.052463731312, 61.052463731312, 59.86697899866517, 59.861028006716985, 59.861028006716985, 59.861028006716985, 59.861028006716985, 59.861028006716985, 59.861028006716985, 59.861028006716985, 59.861028006716985, 59.861028006716985, 59.903877704645915, 59.32787888056278, 59.33967603285559, 59.33967603285559, 59.33967603285559, 59.33967603285559, 59.33967603285559, 59.33967603285559, 59.33967603285559, 59.33967603285559, 59.33967603285559, 59.29722991266042, 62.927672560374326, 62.927672560374326, 62.927672560374326, 62.927672560374326, 62.927672560374326, 62.927672560374326, 62.927672560374326, 62.927672560374326, 62.927672560374326, 62.785943568121226, 62.785943568121226, 59.1636775930373, 59.1636775930373, 59.1636775930373, 59.1636775930373, 59.1636775930373, 59.1636775930373, 59.1636775930373, 59.1636775930373, 59.1636775930373, 59.29722991266042, 59.33967603285559, 61.10224066749487, 61.09616628230077, 61.09616628230077, 61.09616628230077, 61.09616628230077, 61.09616628230077, 61.09616628230077, 61.09616628230077, 61.09616628230077, 61.09616628230077, 61.052463731312, 61.052463731312, 61.05853377145232, 61.05853377145232, 61.05853377145232, 61.05853377145232, 61.05853377145232, 61.05853377145232, 61.05853377145232, 61.05853377145232, 61.05853377145232, 61.10224066749487, 59.915789392397876, 59.90983295643084, 59.90983295643084, 59.90983295643084, 59.90983295643084, 59.90983295643084, 59.90983295643084, 59.90983295643084, 59.90983295643084, 59.90983295643084, 59.90983295643084, 62.33043226780178, 62.33043226780178, 62.33043226780178, 62.33043226780178, 62.33043226780178, 62.33043226780178, 62.33043226780178, 62.33043226780178, 62.33043226780178, 62.33043226780178, 62.33043226780178, 60.49718425992526, 60.49718425992526, 60.49718425992526, 60.49718425992526, 60.49718425992526, 60.49718425992526, 60.49718425992526, 60.49718425992526, 60.49718425992526, 60.49718425992526, 60.54045835453179, 64.32423700169004, 64.33063233247167, 64.33063233247167, 64.33063233247167, 64.33063233247167, 64.33063233247167, 64.33063233247167, 64.33063233247167, 64.33063233247167, 64.33063233247167, 64.28464903559356, 62.97271742262227, 62.97271742262227, 62.97271742262227, 62.97271742262227, 62.97271742262227, 62.97271742262227, 62.97271742262227, 62.97271742262227, 62.97271742262227, 62.97271742262227, 63.017762284870216, 58.81657813254553, 58.81657813254553, 58.81657813254553, 58.81657813254553, 58.81657813254553, 58.81657813254553, 58.81657813254553, 58.81657813254553, 58.81657813254553, 58.81657813254553, 58.69045251825129, 61.01482687540975, 61.00876118032323, 61.00876118032323, 61.00876118032323, 61.00876118032323, 61.00876118032323, 61.00876118032323, 61.00876118032323, 61.00876118032323, 61.00876118032323, 61.052463731312, 57.09535960057881, 57.09535960057881, 57.09535960057881, 57.09535960057881, 57.09535960057881, 57.09535960057881, 57.09535960057881, 57.09535960057881, 57.09535960057881, 57.09535960057881, 57.05448962233932, 61.61884879212647, 61.61884879212647, 61.61884879212647, 61.61884879212647, 61.61884879212647, 61.61884879212647, 61.61884879212647, 61.61884879212647, 61.61884879212647, 61.61884879212647, 61.75126752162243, 59.3762187707908, 59.3762187707908, 59.3762187707908, 59.3762187707908, 59.3762187707908, 59.3762187707908, 59.3762187707908, 59.3762187707908, 59.3762187707908, 59.3762187707908, 59.33377687031132, 57.670213032825956, 57.675946798289544, 57.675946798289544, 57.675946798289544, 57.675946798289544, 57.675946798289544, 57.675946798289544, 57.675946798289544, 57.675946798289544, 57.675946798289544, 57.675946798289544, 58.77453626111411, 58.76869328107026, 58.76869328107026, 58.76869328107026, 58.76869328107026, 58.76869328107026, 58.76869328107026, 58.76869328107026, 58.76869328107026, 58.76869328107026, 58.76869328107026, 58.76869328107026, 58.76869328107026, 58.76869328107026, 58.76869328107026, 58.76869328107026, 58.76869328107026, 58.76869328107026, 58.76869328107026, 58.76869328107026, 58.76869328107026, 58.6846178972633, 62.24126140618834, 62.24126140618834, 62.24126140618834, 62.24126140618834, 62.24126140618834, 62.24126140618834, 62.24126140618834, 62.24126140618834, 62.24126140618834, 62.24126140618834, 62.28584683699506, 59.291334969831844, 59.29722991266042, 59.29722991266042, 59.29722991266042, 59.29722991266042, 59.29722991266042, 59.29722991266042, 59.29722991266042, 59.29722991266042, 59.29722991266042, 59.38212215305077, 57.71720284034841, 57.71146497347891, 57.71146497347891, 57.71146497347891, 57.71146497347891, 57.71146497347891, 57.71146497347891, 57.71146497347891, 57.71146497347891, 57.71146497347891, 57.546457210867096, 62.83133593431408, 62.837582835878436, 62.837582835878436, 62.837582835878436, 62.837582835878436, 62.837582835878436, 62.837582835878436, 62.837582835878436, 62.837582835878436, 62.837582835878436, 62.97271742262227, 62.97271742262227, 62.97271742262227, 62.97271742262227, 62.97271742262227, 62.97271742262227, 62.97271742262227, 62.97271742262227, 62.97271742262227, 62.97271742262227, 63.11454786726781, 63.02425523798703, 58.26770767285593, 58.26770767285593, 58.26770767285593, 58.26770767285593, 58.26770767285593, 58.26770767285593, 58.26770767285593, 58.26770767285593, 58.26770767285593, 58.136769003928165, 58.261704753936606, 63.017762284870216, 63.01149747104331, 63.01149747104331, 63.01149747104331, 63.01149747104331, 63.01149747104331, 63.01149747104331, 63.01149747104331, 63.01149747104331, 63.01149747104331, 63.0565378552256, 58.85276866487723, 58.85862000397694, 58.85862000397694, 58.85862000397694, 58.85862000397694, 58.85862000397694, 58.85862000397694, 58.85862000397694, 58.85862000397694, 58.85862000397694, 58.7324943896827, 61.05853377145232, 61.05853377145232, 61.05853377145232, 61.05853377145232, 61.05853377145232, 61.05853377145232, 61.05853377145232, 61.05853377145232, 61.05853377145232, 61.05853377145232, 61.145947563537426, 58.261704753936606, 58.261704753936606, 58.261704753936606, 58.261704753936606, 58.261704753936606, 58.261704753936606, 58.261704753936606, 58.261704753936606, 58.261704753936606, 58.392924809688715, 58.30944671846686, 63.7196015686339, 63.7196015686339, 63.7196015686339, 63.7196015686339, 63.7196015686339, 63.7196015686339, 63.7196015686339, 63.7196015686339, 63.7196015686339, 63.576411452749326, 63.62192069502044, 62.97271742262227, 62.97271742262227, 62.97271742262227, 62.97271742262227, 62.97271742262227, 62.97271742262227, 62.97271742262227, 62.97271742262227, 62.97271742262227, 63.11454786726781, 63.11454786726781, 60.639467558747505, 60.639467558747505, 60.639467558747505, 60.639467558747505, 60.639467558747505, 60.639467558747505, 60.639467558747505, 60.639467558747505, 60.639467558747505, 60.50319909232336, 60.54647748938511, 57.71720284034841, 57.71720284034841, 57.71720284034841, 57.71720284034841, 57.71720284034841, 57.71720284034841, 57.71720284034841, 57.71720284034841, 57.71720284034841, 57.71720284034841, 57.675946798289544, 59.33967603285559, 59.33377687031132, 59.33377687031132, 59.33377687031132, 59.33377687031132, 59.33377687031132, 59.33377687031132, 59.33377687031132, 59.33377687031132, 59.46741150290211, 59.46741150290211, 60.6334391794296, 60.639467558747505, 60.639467558747505, 60.639467558747505, 60.639467558747505, 60.639467558747505, 60.639467558747505, 60.639467558747505, 60.639467558747505, 60.50319909232336, 60.4599206952616, 61.669119109166836, 61.669119109166836, 61.669119109166836, 61.669119109166836, 61.669119109166836, 61.669119109166836, 61.669119109166836, 61.669119109166836, 61.669119109166836, 61.80801352157488, 61.7195267448797, 60.50933994596049, 60.50933994596049, 60.50933994596049, 60.50933994596049, 60.50933994596049, 60.50933994596049, 60.50933994596049, 60.50933994596049, 60.50933994596049, 60.37336390113811, 60.50319909232336, 59.33967603285559, 59.33377687031132, 59.33377687031132, 59.33377687031132, 59.33377687031132, 59.33377687031132, 59.33377687031132, 59.33377687031132, 59.33377687031132, 59.33377687031132, 59.33377687031132, 59.90983295643084, 59.915789392397876, 59.915789392397876, 59.915789392397876, 59.915789392397876, 59.915789392397876, 59.915789392397876, 59.915789392397876, 59.915789392397876, 60.05073486400237, 60.13664435593944, 56.82637035469506, 56.820721048565744, 56.820721048565744, 56.820721048565744, 56.820721048565744, 56.820721048565744, 56.820721048565744, 56.820721048565744, 56.820721048565744, 56.820721048565744, 56.69896236060454, 61.80186897305896, 61.80801352157488, 61.80801352157488, 61.80801352157488, 61.80801352157488, 61.80801352157488, 61.80801352157488, 61.80801352157488, 61.80801352157488, 61.80801352157488, 61.89650029827004, 57.847196540439285, 57.8414457504462, 57.8414457504462, 57.8414457504462, 57.8414457504462, 57.8414457504462, 57.8414457504462, 57.8414457504462, 57.8414457504462, 57.71146497347891, 57.71146497347891, 61.13986883328953, 61.13986883328953, 61.13986883328953, 61.13986883328953, 61.13986883328953, 61.13986883328953, 61.13986883328953, 61.13986883328953, 61.13986883328953, 61.13986883328953, 61.00876118032323, 59.24889306935237, 59.25478379246525, 59.25478379246525, 59.25478379246525, 59.25478379246525, 59.25478379246525, 59.25478379246525, 59.25478379246525, 59.25478379246525, 59.388240512718546, 59.43078223228353, 59.43078223228353, 59.424874012556685, 59.424874012556685, 59.424874012556685, 59.424874012556685, 59.424874012556685, 59.424874012556685, 59.424874012556685, 59.424874012556685, 59.424874012556685, 59.509948993247534, 58.94318757426422, 58.94318757426422, 58.94318757426422, 58.94318757426422, 58.94318757426422, 58.94318757426422, 58.94318757426422, 58.94318757426422, 58.94318757426422, 58.94318757426422, 58.85892283148472, 59.424874012556685, 59.43078223228353, 59.43078223228353, 59.43078223228353, 59.43078223228353, 59.43078223228353, 59.43078223228353, 59.43078223228353, 59.43078223228353, 59.29722991266042, 59.29722991266042, 60.4599206952616, 60.45391016531874, 60.45391016531874, 60.45391016531874, 60.45391016531874, 60.45391016531874, 60.45391016531874, 60.45391016531874, 60.45391016531874, 60.45391016531874, 60.54045835453179, 61.75126752162243, 61.75126752162243, 61.75126752162243, 61.75126752162243, 61.75126752162243, 61.75126752162243, 61.75126752162243, 61.75126752162243, 61.75126752162243, 61.75126752162243, 61.662988368625115, 61.052463731312, 61.05853377145232, 61.05853377145232, 61.05853377145232, 61.05853377145232, 61.05853377145232, 61.05853377145232, 61.05853377145232, 61.05853377145232, 61.05853377145232, 61.05853377145232, 60.4599206952616, 60.4599206952616, 60.4599206952616, 60.4599206952616, 60.4599206952616, 60.4599206952616, 60.4599206952616, 60.4599206952616, 60.4599206952616, 60.5960916878185, 60.639467558747505, 61.23985832665589, 61.23985832665589, 61.23985832665589, 61.23985832665589, 61.23985832665589, 61.23985832665589, 61.23985832665589, 61.23985832665589, 61.23985832665589, 61.23985832665589, 61.15224765666068, 57.72314965722176, 57.72314965722176, 57.72314965722176, 57.72314965722176, 57.72314965722176, 57.72314965722176, 57.72314965722176, 57.72314965722176, 57.72314965722176, 57.593434714171835, 57.5109226300541, 56.978414087183225, 56.97274966586031, 56.97274966586031, 56.97274966586031, 56.97274966586031, 56.97274966586031, 56.97274966586031, 56.97274966586031, 56.97274966586031, 57.101066669612244, 57.34683883605247, 56.820721048565744, 56.82637035469506, 56.82637035469506, 56.82637035469506, 56.82637035469506]
====================================

====================================
TIME: 2026-08-14 17:31:31
FINISH CYCLE - DUT 1
Charging samples: [95.21315458357236, 95.21315458357236, 94.90733074658014, 94.5398249844654, 94.5398249844654, 94.5398249844654, 94.5398249844654, 94.5398249844654, 94.5398249844654, 94.5398249844654, 94.5398249844654, 96.35789854185896, 96.36737512511444, 96.574172067443, 96.42733267292714, 96.42733267292714, 96.42733267292714, 96.42733267292714, 96.42733267292714, 96.42733267292714, 96.42733267292714, 96.42733267292714, 96.47521118964656, 96.4467496267034, 96.34337690470265, 96.20963051361547, 96.20963051361547, 96.20963051361547, 96.20963051361547, 96.20963051361547, 96.20963051361547, 96.20963051361547, 96.20963051361547, 95.58892321997924, 95.60772883147246, 95.81311600404277, 95.90464792258412, 95.90464792258412, 95.90464792258412, 95.90464792258412, 95.90464792258412, 95.90464792258412, 95.90464792258412, 95.90464792258412, 94.9465595317491, 94.9465595317491, 94.64159199577992, 94.6785934870033, 94.6785934870033, 94.6785934870033, 94.6785934870033, 94.6785934870033, 94.6785934870033, 94.6785934870033, 94.6785934870033, 96.01613163919103, 96.02557461043799, 96.23163807526724, 96.41172949004013, 96.41172949004013, 96.41172949004013, 96.41172949004013, 96.41172949004013, 96.41172949004013, 96.41172949004013, 96.41172949004013, 96.31579742089579, 96.30632590969304, 96.30632590969304, 96.39862559037321, 96.39862559037321, 96.39862559037321, 96.39862559037321, 96.39862559037321, 96.39862559037321, 96.39862559037321, 96.39862559037321, 95.58250176814397, 95.59190209286544, 95.69457867943136, 96.17219270550093, 96.17219270550093, 96.17219270550093, 96.17219270550093, 96.17219270550093, 96.17219270550093, 96.17219270550093, 96.17219270550093, 95.8823719339123, 95.86351415597268, 94.64361789948099, 94.39565418287609, 94.39565418287609, 94.39565418287609, 94.39565418287609, 94.39565418287609, 94.39565418287609, 94.39565418287609, 94.39565418287609, 94.53831764007941, 94.54761618612449, 95.663521527377, 95.67605496106476, 95.67605496106476, 95.67605496106476, 95.67605496106476, 95.67605496106476, 95.67605496106476, 95.67605496106476, 95.67605496106476, 97.79363364229557, 97.78401585771235, 96.95181146743396, 96.97298645792611, 96.97298645792611, 96.97298645792611, 96.97298645792611, 96.97298645792611, 96.97298645792611, 96.97298645792611, 96.97298645792611, 96.35258841464214, 96.38101939381437, 96.8964259146369, 96.883729842059, 96.883729842059, 96.883729842059, 96.883729842059, 96.883729842059, 96.883729842059, 96.883729842059, 96.883729842059, 95.63609389560355, 95.63609389560355, 96.25376511559666, 96.16556294832228, 96.16556294832228, 96.16556294832228, 96.16556294832228, 96.16556294832228, 96.16556294832228, 96.16556294832228, 96.16556294832228, 96.35856959749101, 96.34909481188654, 96.34909481188654, 96.28187353612712, 96.28187353612712, 96.28187353612712, 96.28187353612712, 96.28187353612712, 96.28187353612712, 96.28187353612712, 96.28187353612712, 96.57115307604538, 96.56165645365617, 96.45782671553395, 96.4368009446046, 96.4368009446046, 96.4368009446046, 96.4368009446046, 96.4368009446046, 96.4368009446046, 96.4368009446046, 96.4368009446046, 97.11084748141164, 97.11084748141164, 97.21538014823771, 96.91118599914283, 96.91118599914283, 96.91118599914283, 96.91118599914283, 96.91118599914283, 96.91118599914283, 96.91118599914283, 96.91118599914283, 95.27758147560743, 95.30569248509079, 95.10095415536983, 95.25412245309973, 95.25412245309973, 95.25412245309973, 95.25412245309973, 95.25412245309973, 95.25412245309973, 95.25412245309973, 95.25412245309973, 95.83054679472211, 95.79285903666697, 95.4851731939368, 95.273665904461, 95.273665904461, 95.273665904461, 95.273665904461, 95.273665904461, 95.273665904461, 95.273665904461, 95.273665904461, 95.22590968095001, 95.22590968095001, 95.63548348602933, 95.4820420529179, 95.4820420529179, 95.4820420529179, 95.4820420529179, 95.4820420529179, 95.4820420529179, 95.4820420529179, 95.4820420529179, 96.63127425415664, 96.63127425415664, 96.42391100468417, 96.21530057890277, 96.21530057890277, 96.21530057890277, 96.21530057890277, 96.21530057890277, 96.21530057890277, 96.21530057890277, 96.21530057890277, 94.3081588429483, 94.31743475116538, 94.52026794417863, 94.62262464081746, 94.62262464081746, 94.62262464081746, 94.62262464081746, 94.62262464081746, 94.62262464081746, 94.62262464081746, 94.62262464081746, 95.10099989178215, 95.10099989178215, 94.89692049287278, 94.9997964745007, 94.9997964745007, 94.9997964745007, 94.9997964745007, 94.9997964745007, 94.9997964745007, 94.9997964745007, 94.9997964745007, 96.05110206928896, 96.05110206928896, 94.93067564006076, 94.94302675580892, 94.94302675580892, 94.94302675580892, 94.94302675580892, 94.94302675580892, 94.94302675580892, 94.94302675580892, 94.94302675580892, 94.32896737878129, 94.32896737878129, 95.54480798946372, 95.89414915213086, 95.89414915213086, 95.89414915213086, 95.89414915213086, 95.89414915213086, 95.89414915213086, 95.89414915213086, 95.89414915213086, 96.08622556505453, 96.10512529470934, 96.20846413911225, 96.41410055101267, 96.41410055101267, 96.41410055101267, 96.41410055101267, 96.41410055101267, 96.41410055101267, 96.41410055101267, 96.41410055101267, 96.26955167462434, 96.2411535767852, 96.2411535767852, 96.22436415664882, 96.22436415664882, 96.22436415664882, 96.22436415664882, 96.22436415664882, 96.22436415664882, 96.22436415664882, 96.22436415664882, 97.09125032022222, 97.10079996616697, 95.96572153935738, 96.07466398183317, 96.07466398183317, 96.07466398183317, 96.07466398183317, 96.07466398183317, 96.07466398183317, 96.07466398183317, 96.07466398183317, 97.07544173164393, 97.07544173164393, 98.11814250212348, 98.10100919920261, 98.10100919920261, 98.10100919920261, 98.10100919920261, 98.10100919920261, 98.10100919920261, 98.10100919920261, 98.10100919920261, 96.27094619008638, 96.27094619008638, 96.68635480363587, 96.68213416653073, 96.68213416653073, 96.68213416653073, 96.68213416653073, 96.68213416653073, 96.68213416653073, 96.68213416653073, 96.68213416653073, 96.24684691915766, 96.24684691915766, 95.93637321941843, 95.80672382015074, 95.80672382015074, 95.80672382015074, 95.80672382015074, 95.80672382015074, 95.80672382015074, 95.80672382015074, 95.80672382015074, 96.09558831408084, 96.09558831408084, 96.3026908751026, 96.07652007062923, 96.07652007062923, 96.07652007062923, 96.07652007062923, 96.07652007062923, 96.07652007062923, 96.07652007062923, 96.07652007062923, 96.17278912881623, 96.15387237249664, 96.15387237249664, 95.93274266513994, 95.93274266513994, 95.93274266513994, 95.93274266513994, 95.93274266513994, 95.93274266513994, 95.93274266513994, 95.93274266513994, 96.17281459373139, 96.20119531808523, 96.20119531808523, 96.38102627051221, 96.38102627051221, 96.38102627051221, 96.38102627051221, 96.38102627051221, 96.38102627051221, 96.38102627051221, 96.38102627051221, 95.32242288661242, 95.30367523730833, 95.30367523730833, 94.89115878820083, 94.89115878820083, 94.89115878820083, 94.89115878820083, 94.89115878820083, 94.89115878820083, 94.89115878820083, 94.89115878820083, 96.42397912198297, 96.40501109225504, 94.97224022676504, 94.92704274288106, 94.92704274288106, 94.92704274288106, 94.92704274288106, 94.92704274288106, 94.92704274288106, 94.92704274288106, 94.92704274288106, 95.49292675327081, 95.52110961409322, 96.64971563531238, 96.50358664281869, 96.50358664281869, 96.50358664281869, 96.50358664281869, 96.50358664281869, 96.50358664281869, 96.50358664281869, 96.50358664281869, 95.88405744461788, 95.89348742666395, 96.0999319636428, 96.12069326937294, 96.12069326937294, 96.12069326937294, 96.12069326937294, 96.12069326937294, 96.12069326937294, 96.12069326937294, 96.12069326937294, 94.92635065916701, 94.90768090783274, 93.6973810450336, 93.70952797658948, 93.70952797658948, 93.70952797658948, 93.70952797658948, 93.70952797658948, 93.70952797658948, 93.70952797658948, 93.70952797658948, 94.84139947706161, 94.84139947706161, 94.74071858589701, 94.95408934108202, 94.95408934108202, 94.95408934108202, 94.95408934108202, 94.95408934108202, 94.95408934108202, 94.95408934108202, 94.95408934108202, 94.48191584858536, 94.47262285007561, 95.58884073552225, 95.52264634245718, 95.52264634245718, 95.52264634245718, 95.52264634245718, 95.52264634245718, 95.52264634245718, 95.52264634245718, 95.52264634245718, 95.1407467069051, 95.15946414674515, 94.14820522913897, 94.48352872428681, 94.48352872428681, 94.48352872428681, 94.48352872428681, 94.48352872428681, 94.48352872428681, 94.48352872428681, 94.48352872428681, 95.14723640222962, 95.14723640222962, 95.96307551393149, 96.18030941435917, 96.18030941435917, 96.18030941435917, 96.18030941435917, 96.18030941435917, 96.18030941435917, 96.18030941435917, 96.18030941435917, 95.70108515220491, 95.70108515220491, 96.42452748056932, 96.38256911170784, 96.38256911170784, 96.38256911170784, 96.38256911170784, 96.38256911170784, 96.38256911170784, 96.38256911170784, 96.38256911170784, 97.44437007337913, 97.46353694396794, 96.01195235118543, 96.14164169858789, 96.14164169858789, 96.14164169858789, 96.14164169858789, 96.14164169858789, 96.14164169858789, 96.14164169858789, 96.14164169858789, 95.3797465687328, 95.35161095027594, 96.58460591946056, 96.58460591946056, 96.58460591946056, 96.58460591946056, 96.58460591946056, 96.58460591946056, 96.58460591946056, 96.58460591946056, 96.58460591946056, 96.43994600045987, 96.46840275643521, 96.2609438257762, 96.08510180939301, 96.08510180939301, 96.08510180939301, 96.08510180939301, 96.08510180939301, 96.08510180939301, 96.08510180939301, 96.08510180939301, 96.37335711482119, 96.36388087518354, 96.5715616529318, 96.5715616529318, 96.5715616529318, 96.5715616529318, 96.5715616529318, 96.5715616529318, 96.5715616529318, 96.5715616529318, 96.5715616529318, 96.90855115022518, 96.90855115022518, 96.90855115022518, 96.61859451220573, 96.61859451220573, 96.61859451220573, 96.61859451220573, 96.61859451220573, 96.61859451220573, 96.61859451220573, 96.61859451220573, 95.99462942096945, 95.99462942096945, 94.3676018036649, 94.71671592941836, 94.71671592941836, 94.71671592941836, 94.71671592941836, 94.71671592941836, 94.71671592941836, 94.71671592941836, 94.71671592941836, 93.72219041215946, 93.70375749045385, 93.90270389701533, 93.42694863109273, 93.42694863109273, 93.42694863109273, 93.42694863109273, 93.42694863109273, 93.42694863109273, 93.42694863109273, 93.42694863109273, 94.89043291990723, 94.89043291990723, 94.89043291990723, 94.63226668765839, 94.63226668765839, 94.63226668765839, 94.63226668765839, 94.63226668765839, 94.63226668765839, 94.63226668765839, 94.63226668765839, 93.64357136405597, 93.64357136405597, 94.85187551068894, 94.8313988742072, 94.8313988742072, 94.8313988742072, 94.8313988742072, 94.8313988742072, 94.8313988742072, 94.8313988742072, 94.8313988742072, 94.11622995358722, 94.12548698417183, 93.22332576707115, 93.2434551775408, 93.2434551775408, 93.2434551775408, 93.2434551775408, 93.2434551775408, 93.2434551775408, 93.2434551775408, 93.2434551775408, 94.32987841415856, 94.32060128213512, 95.13108980013413, 95.1968675631766, 95.1968675631766, 95.1968675631766, 95.1968675631766, 95.1968675631766, 95.1968675631766, 95.1968675631766, 95.1968675631766, 95.67356695007282, 95.68297715632345, 94.56566001330906, 94.77864573405977, 94.77864573405977, 94.77864573405977, 94.77864573405977, 94.77864573405977, 94.77864573405977, 94.77864573405977, 94.77864573405977, 94.77864573405977, 94.78796700134279, 96.42577204672237, 96.86630226753367, 96.86630226753367, 96.86630226753367, 96.86630226753367, 96.86630226753367, 96.86630226753367, 96.86630226753367, 96.86630226753367, 95.9492819670438, 95.93984649826939, 95.93984649826939, 95.81894194636386, 95.81894194636386, 95.81894194636386, 95.81894194636386, 95.81894194636386, 95.81894194636386, 95.81894194636386, 95.81894194636386, 97.31310049784139, 97.34181207351934, 97.02746822398161, 97.12454211885097, 97.12454211885097, 97.12454211885097, 97.12454211885097, 97.12454211885097, 97.12454211885097, 97.12454211885097, 97.12454211885097, 97.60559482870163, 97.59599836868506, 96.45391753671107, 96.41617141714282, 96.41617141714282, 96.41617141714282, 96.41617141714282, 96.41617141714282, 96.41617141714282, 96.41617141714282, 96.41617141714282, 94.65796622126592, 94.63004351736583, 95.85370787319385, 95.79955558940125, 95.79955558940125, 95.79955558940125, 95.79955558940125, 95.79955558940125, 95.79955558940125, 95.79955558940125, 95.79955558940125, 96.52093778510456, 96.53043133657356, 96.4265234449303, 96.40976454448365, 96.40976454448365, 96.40976454448365, 96.40976454448365, 96.40976454448365, 96.40976454448365, 96.40976454448365, 96.40976454448365, 96.55387480538721, 96.56337066246877, 96.45953908111125, 95.93847415521934, 95.93847415521934, 95.93847415521934, 95.93847415521934, 95.93847415521934, 95.93847415521934, 95.93847415521934, 95.93847415521934, 94.7452095512987, 94.70794130090977, 95.21987611875254, 95.60825884699878, 95.60825884699878, 95.60825884699878, 95.60825884699878, 95.60825884699878, 95.60825884699878, 95.60825884699878, 95.60825884699878, 95.31926662882144, 95.33802103445426, 94.72359769803455, 94.25734164718932, 94.25734164718932, 94.25734164718932, 94.25734164718932, 94.25734164718932, 94.25734164718932, 94.25734164718932, 94.25734164718932, 96.97218170473849, 96.99125757406173, 97.51496846809013, 97.47288173159119, 97.47288173159119, 97.47288173159119, 97.47288173159119, 97.47288173159119, 97.47288173159119, 97.47288173159119, 97.47288173159119, 94.60039995168184, 94.59109712938353, 94.38723700625985, 94.29363521041006, 94.29363521041006, 94.29363521041006, 94.29363521041006, 94.29363521041006, 94.29363521041006, 94.29363521041006, 94.29363521041006, 95.29574368177573, 95.28637155906902, 95.49217365746874, 95.67367850177858, 95.67367850177858, 95.67367850177858, 95.67367850177858, 95.67367850177858, 95.67367850177858, 95.67367850177858, 95.67367850177858, 96.15276552482204, 96.18113754179603, 95.8705418339108, 95.98664300476626, 95.98664300476626, 95.98664300476626, 95.98664300476626, 95.98664300476626, 95.98664300476626, 95.98664300476626, 95.98664300476626, 95.41273183582895, 95.3752047043301, 95.58097645126502, 95.7341776351455, 95.7341776351455, 95.7341776351455, 95.7341776351455, 95.7341776351455, 95.7341776351455, 95.7341776351455, 95.7341776351455, 95.83015174806293, 95.85843135215936, 95.65206228573919, 95.89716420429984, 95.89716420429984, 95.89716420429984, 95.89716420429984, 95.89716420429984, 95.89716420429984, 95.89716420429984, 95.89716420429984, 97.76996811214545, 97.7411245774482, 97.7411245774482, 97.88141063829787, 97.88141063829787, 97.88141063829787, 97.88141063829787, 97.88141063829787, 97.88141063829787, 97.88141063829787, 97.88141063829787, 96.77567761045854, 96.80423624048328, 97.01309111910352, 96.95405507304304, 96.95405507304304, 96.95405507304304, 96.95405507304304, 96.95405507304304, 96.95405507304304, 96.95405507304304, 96.95405507304304, 96.03893979912958, 96.02949551357554, 94.90335004380009, 94.83739341098362, 94.83739341098362, 94.83739341098362, 94.83739341098362, 94.83739341098362, 94.83739341098362, 94.83739341098362, 94.83739341098362, 94.64714788759147, 94.64714788759147, 95.56407397046375, 95.12608573798065, 95.12608573798065, 95.12608573798065, 95.12608573798065, 95.12608573798065, 95.12608573798065, 95.12608573798065, 95.12608573798065, 94.36125288782603, 94.34269245256091, 94.75066085235574, 95.05892006217341, 95.05892006217341, 95.05892006217341, 95.05892006217341, 95.05892006217341, 95.05892006217341, 95.05892006217341, 95.05892006217341, 95.92571872535434, 95.95402653139173, 95.43814466831974, 94.89478322358315, 94.89478322358315, 94.89478322358315, 94.89478322358315, 94.89478322358315, 94.89478322358315, 94.89478322358315, 94.89478322358315, 95.94281797806045, 95.92394831182423, 96.44245614053682, 96.50905717201198, 96.50905717201198, 96.50905717201198, 96.50905717201198, 96.50905717201198, 96.50905717201198, 96.50905717201198, 96.50905717201198, 95.50275617865933, 95.50275617865933, 95.29670923976256, 95.27203695258073, 95.27203695258073, 95.27203695258073, 95.27203695258073, 95.27203695258073, 95.27203695258073, 95.27203695258073, 95.27203695258073, 95.12862696218548, 95.12862696218548, 95.33431047994154, 95.35488327029113, 95.35488327029113, 95.35488327029113, 95.35488327029113, 95.35488327029113, 95.35488327029113, 95.35488327029113, 95.35488327029113, 95.78613651121204, 95.7955577895155, 95.48587387424767, 95.62619716745846, 95.62619716745846, 95.62619716745846, 95.62619716745846, 95.62619716745846, 95.62619716745846, 95.62619716745846, 95.62619716745846, 95.67403418455073, 95.65521553109193, 95.96544866254408, 96.17745810078495, 96.17745810078495, 96.17745810078495, 96.17745810078495, 96.17745810078495, 96.17745810078495, 96.17745810078495, 96.17745810078495, 96.22554682983537, 96.24447768697286, 95.83007735247564, 96.28051249866823, 96.28051249866823, 96.28051249866823, 96.28051249866823, 96.28051249866823, 96.28051249866823, 96.28051249866823, 96.28051249866823, 95.65500192271486, 95.66440937766399, 95.15228727178781, 94.97867434049563, 94.97867434049563, 94.97867434049563, 94.97867434049563, 94.97867434049563, 94.97867434049563, 94.97867434049563, 94.97867434049563, 96.69861009314042, 96.69861009314042, 96.49198913140295, 96.63892698467474, 96.63892698467474, 96.63892698467474, 96.63892698467474, 96.63892698467474, 96.63892698467474, 96.63892698467474, 96.63892698467474, 95.1587853164312, 95.14006985073814, 95.65102618720826, 95.53049084807697, 95.53049084807697, 95.53049084807697, 95.53049084807697, 95.53049084807697, 95.53049084807697, 95.53049084807697, 95.53049084807697, 96.00982095770104, 96.01926423703198, 95.50634081696236, 95.464857803968, 95.464857803968, 95.464857803968, 95.464857803968, 95.464857803968, 95.464857803968, 95.464857803968, 95.464857803968, 95.464857803968, 95.47424655866939, 95.57635805231503, 95.16301913412832, 95.16301913412832, 95.16301913412832, 95.16301913412832, 95.16301913412832, 95.16301913412832, 95.16301913412832, 95.16301913412832, 94.35534498271535, 94.33678753459209, 93.83499611153572, 94.21392162774818, 94.21392162774818, 94.21392162774818, 94.21392162774818, 94.21392162774818, 94.21392162774818, 94.21392162774818, 94.21392162774818, 94.54599486611386, 94.55529416727114, 94.45481032649828, 93.93273520248965, 93.93273520248965, 93.93273520248965, 93.93273520248965, 93.93273520248965, 93.93273520248965, 93.93273520248965, 93.93273520248965, 93.97986652973626, 93.97062382059683, 95.59606163803419, 95.64975568864101, 95.64975568864101, 95.64975568864101, 95.64975568864101, 95.64975568864101, 95.64975568864101, 95.64975568864101, 95.64975568864101, 96.94491286195759, 96.9639833670942, 96.75478383447911, 96.62119652452944, 96.62119652452944, 96.62119652452944, 96.62119652452944, 96.62119652452944, 96.62119652452944, 96.62119652452944, 96.62119652452944, 94.66104360146872, 94.62380845795354, 93.8141929845165, 93.85873913503148, 93.85873913503148, 93.85873913503148, 93.85873913503148, 93.85873913503148, 93.85873913503148, 93.85873913503148, 93.85873913503148, 94.80680720710251, 94.81613399580955, 95.73767309512084, 95.86181426874005, 95.86181426874005, 95.86181426874005, 95.86181426874005, 95.86181426874005, 95.86181426874005, 95.86181426874005, 95.86181426874005, 95.57422882593384, 95.59303154653703, 94.67288471881635, 95.17889283685462, 95.17889283685462, 95.17889283685462, 95.17889283685462, 95.17889283685462, 95.17889283685462, 95.17889283685462, 95.17889283685462, 95.79941721342387, 95.808838871293, 96.74002629012845, 96.58054856686158, 96.58054856686158, 96.58054856686158, 96.58054856686158, 96.58054856686158, 96.58054856686158, 96.58054856686158, 96.58054856686158, 97.20613258847054, 97.2156916535299, 97.42611522853754, 97.65063840912336, 97.65063840912336, 97.65063840912336, 97.65063840912336, 97.65063840912336, 97.65063840912336, 97.65063840912336, 97.65063840912336, 97.31224510770559, 97.30267654869795, 96.46746044098379, 96.04981622745456, 96.04981622745456, 96.04981622745456, 96.04981622745456, 96.04981622745456, 96.04981622745456, 96.04981622745456, 96.04981622745456, 94.66608812482356, 94.66608812482356, 94.16093290537417, 94.46767268593719, 94.46767268593719, 94.46767268593719, 94.46767268593719, 94.46767268593719, 94.46767268593719, 94.46767268593719, 94.46767268593719, 95.13427924722909, 95.11556860129592, 96.45377465304576, 96.16140188962335, 96.16140188962335, 96.16140188962335, 96.16140188962335, 96.16140188962335, 96.16140188962335, 96.16140188962335, 96.16140188962335, 95.6319847621029, 95.64139087843634, 94.41521920050768, 94.65294799206961, 94.65294799206961, 94.65294799206961, 94.65294799206961, 94.65294799206961, 94.65294799206961, 94.65294799206961, 94.65294799206961, 94.4147674485566, 94.4147674485566, 95.0238949804828, 94.88384502472672, 94.88384502472672, 94.88384502472672, 94.88384502472672, 94.88384502472672, 94.88384502472672, 94.88384502472672, 94.88384502472672, 94.54873558215706, 94.51154095761648, 93.90569774634973, 93.50442598888732, 93.50442598888732, 93.50442598888732, 93.50442598888732, 93.50442598888732, 93.50442598888732, 93.50442598888732, 93.50442598888732, 95.58756256788025, 95.62518065625802, 95.4212890130677, 95.33487532255607, 95.33487532255607, 95.33487532255607, 95.33487532255607, 95.33487532255607, 95.33487532255607, 95.33487532255607, 95.33487532255607, 93.72943413336986, 93.72021605369508, 94.12158742865738, 94.0485840859713, 94.0485840859713, 94.0485840859713, 94.0485840859713, 94.0485840859713, 94.0485840859713, 94.0485840859713, 94.0485840859713, 93.62216733192912, 93.62216733192912, 94.32913083928995, 94.54505223233143, 94.54505223233143, 94.54505223233143, 94.54505223233143, 94.54505223233143, 94.54505223233143, 94.54505223233143, 94.54505223233143, 96.07614619560803, 96.085595998519, 95.06013606256896, 95.03961269453437, 95.03961269453437, 95.03961269453437, 95.03961269453437, 95.03961269453437, 95.03961269453437, 95.03961269453437, 95.03961269453437, 94.7556297880766, 94.73699178064385, 95.9660122145549, 96.41982112264107, 96.41982112264107, 96.41982112264107, 96.41982112264107, 96.41982112264107, 96.41982112264107, 96.41982112264107, 96.41982112264107, 96.41982112264107, 96.44827473894718, 96.55265598866465, 96.68688506988966, 96.68688506988966, 96.68688506988966, 96.68688506988966, 96.68688506988966, 96.68688506988966, 96.68688506988966, 96.68688506988966, 97.84596860719103, 97.83634662188204, 98.04857297030263, 98.16798837017947, 98.16798837017947, 98.16798837017947, 98.16798837017947, 98.16798837017947, 98.16798837017947, 98.16798837017947, 98.16798837017947, 98.36180473418771, 98.36180473418771, 97.93691572885646, 97.86454959822707, 97.86454959822707, 97.86454959822707, 97.86454959822707, 97.86454959822707, 97.86454959822707, 97.86454959822707, 97.86454959822707, 95.69513840023681, 95.69513840023681, 95.2835464071175, 95.31254574732836, 95.31254574732836, 95.31254574732836, 95.31254574732836, 95.31254574732836, 95.31254574732836, 95.31254574732836, 95.31254574732836, 96.08080808080808, 96.07135874877811, 96.48635381896725, 96.40252553589252, 96.40252553589252, 96.40252553589252, 96.40252553589252, 96.40252553589252, 96.40252553589252, 96.40252553589252, 96.40252553589252, 96.49887988425424, 96.50837126616474, 95.17225962989198, 94.89606344176865, 94.89606344176865, 94.89606344176865, 94.89606344176865, 94.89606344176865, 94.89606344176865, 94.89606344176865, 94.89606344176865, 94.28016288023943, 94.28016288023943, 95.09030391465613, 95.29255345419159, 95.29255345419159, 95.29255345419159, 95.29255345419159, 95.29255345419159, 95.29255345419159, 95.29255345419159, 95.29255345419159, 94.7658106964046, 94.7658106964046, 93.65920356513024, 93.18997718465366, 93.18997718465366, 93.18997718465366, 93.18997718465366, 93.18997718465366, 93.18997718465366, 93.18997718465366, 93.18997718465366, 94.97937543276728, 94.97937543276728, 95.28282391657804, 95.19237594772385, 95.19237594772385, 95.19237594772385, 95.19237594772385, 95.19237594772385, 95.19237594772385, 95.19237594772385, 95.19237594772385, 94.15408528294945, 94.17260496927575, 95.28887507128228, 95.16978964240627, 95.16978964240627, 95.16978964240627, 95.16978964240627, 95.16978964240627, 95.16978964240627, 95.16978964240627, 95.16978964240627, 94.74045224552323, 94.7125052094626, 93.60298704406954, 93.81726478738915, 93.81726478738915, 93.81726478738915, 93.81726478738915, 93.81726478738915, 93.81726478738915, 93.81726478738915, 93.81726478738915, 94.14793994021481, 94.13867979071739, 95.15201326532146, 95.06988654922849, 95.06988654922849, 95.06988654922849, 95.06988654922849, 95.06988654922849, 95.06988654922849, 95.06988654922849, 95.06988654922849, 94.6882713498337, 94.70689977229088, 93.59862754091299, 94.21665496863753, 94.21665496863753, 94.21665496863753, 94.21665496863753, 94.21665496863753, 94.21665496863753, 94.21665496863753, 94.21665496863753, 94.6912980667163, 94.67267271304463, 96.00033694742392, 96.10470782908018, 96.10470782908018, 96.10470782908018, 96.10470782908018, 96.10470782908018, 96.10470782908018, 96.10470782908018, 96.10470782908018, 95.76749832792551, 95.78633907125187, 95.68312103345957, 95.72891438237046, 95.72891438237046, 95.72891438237046, 95.72891438237046, 95.72891438237046, 95.72891438237046, 95.72891438237046, 95.72891438237046, 97.4142825933277, 97.42386306958588, 97.21434938556527, 97.33716429003843, 97.33716429003843, 97.33716429003843, 97.33716429003843, 97.33716429003843, 97.33716429003843, 97.33716429003843, 97.33716429003843, 95.98993710263302, 95.98993710263302, 95.0699057566014, 94.99955104661264, 94.99955104661264, 94.99955104661264, 94.99955104661264, 94.99955104661264, 94.99955104661264, 94.99955104661264, 94.99955104661264, 94.90431340145314, 94.8669825671916, 95.47705962550148, 95.5519305444376, 95.5519305444376, 95.5519305444376, 95.5519305444376, 95.5519305444376, 95.5519305444376, 95.5519305444376, 95.5519305444376]
Discharging samples: []
====================================

====================================
TIME: 2026-08-14 17:31:32
FINISH CYCLE - DUT 2
Charging samples: []
Discharging samples: [61.76991150442479, 61.76991150442479, 61.76991150442479, 61.76991150442479, 61.76991150442479, 61.76991150442479, 55.64856892290522, 55.64303615606061, 55.64303615606061, 55.64303615606061, 55.64303615606061, 55.64303615606061, 55.64303615606061, 55.64303615606061, 55.64303615606061, 55.51799562537284, 55.557764963213366, 64.23866573871547, 64.24505319677837, 64.24505319677837, 64.24505319677837, 64.24505319677837, 64.24505319677837, 64.24505319677837, 64.24505319677837, 64.24505319677837, 64.3897492625369, 64.34365781710916, 60.55873676904392, 60.55873676904392, 60.55873676904392, 60.55873676904392, 60.55873676904392, 60.55873676904392, 60.55873676904392, 60.55873676904392, 60.55873676904392, 60.55873676904392, 60.64549713690788, 67.23739899961524, 67.2307140325244, 67.2307140325244, 67.2307140325244, 67.2307140325244, 67.2307140325244, 67.2307140325244, 67.2307140325244, 67.2307140325244, 67.07963377627154, 67.07963377627154, 57.675946798289544, 57.68168170400679, 57.68168170400679, 57.68168170400679, 57.68168170400679, 57.68168170400679, 57.68168170400679, 57.68168170400679, 57.68168170400679, 57.81159540153834, 57.72888925647176, 61.76991150442479, 61.76991150442479, 61.76991150442479, 61.76991150442479, 61.76991150442479, 61.76991150442479, 61.76991150442479, 61.76991150442479, 61.76991150442479, 61.63110271452721, 61.763547777667306, 64.33702893507012, 64.33702893507012, 64.33702893507012, 64.33702893507012, 64.33702893507012, 64.33702893507012, 64.33702893507012, 64.33702893507012, 64.33702893507012, 64.48193215339234, 64.3897492625369, 56.71023788260129, 56.71023788260129, 56.71023788260129, 56.71023788260129, 56.71023788260129, 56.71023788260129, 56.71023788260129, 56.71023788260129, 56.71023788260129, 56.58279914578645, 56.623302223199325, 62.34282770029017, 62.34282770029017, 62.34282770029017, 62.34282770029017, 62.34282770029017, 62.34282770029017, 62.34282770029017, 62.34282770029017, 62.34282770029017, 62.483239474389926, 62.52793420935016, 60.68887732083985, 60.68284342967652, 60.68284342967652, 60.68284342967652, 60.68284342967652, 60.68284342967652, 60.68284342967652, 60.68284342967652, 60.68284342967652, 60.68284342967652, 60.42258820410248, 62.25357572543893, 62.25976579958882, 62.25976579958882, 62.25976579958882, 62.25976579958882, 62.25976579958882, 62.25976579958882, 62.25976579958882, 62.25976579958882, 62.119856213522326, 62.38742199764374, 59.38802670929548, 59.38802670929548, 59.38802670929548, 59.38802670929548, 59.38802670929548, 59.38802670929548, 59.38802670929548, 59.38802670929548, 59.38802670929548, 59.52178352620832, 59.39414567733152, 59.39414567733152, 59.39414567733152, 59.39414567733152, 59.39414567733152, 59.39414567733152, 59.39414567733152, 59.39414567733152, 59.39414567733152, 59.39414567733152, 59.39414567733152, 59.39414567733152, 59.39414567733152, 59.388240512718546, 59.388240512718546, 59.388240512718546, 59.388240512718546, 59.388240512718546, 59.388240512718546, 59.388240512718546, 59.388240512718546, 59.388240512718546, 59.47332395184851, 62.477027181739864, 62.483239474389926, 62.483239474389926, 62.483239474389926, 62.483239474389926, 62.483239474389926, 62.483239474389926, 62.483239474389926, 62.483239474389926, 62.483239474389926, 62.52793420935016, 58.954909397387276, 58.954909397387276, 58.954909397387276, 58.954909397387276, 58.954909397387276, 58.954909397387276, 58.954909397387276, 58.954909397387276, 58.954909397387276, 58.954909397387276, 58.91276864728192, 57.81159540153834, 57.80584757936678, 57.80584757936678, 57.80584757936678, 57.80584757936678, 57.80584757936678, 57.80584757936678, 57.80584757936678, 57.80584757936678, 57.80584757936678, 57.64045173507674, 59.30315707358857, 59.314951655345446, 59.314951655345446, 59.314951655345446, 59.314951655345446, 59.314951655345446, 59.314951655345446, 59.314951655345446, 59.314951655345446, 59.18165962915366, 59.351477877730865, 61.11439306221792, 61.11439306221792, 61.11439306221792, 61.11439306221792, 61.11439306221792, 61.11439306221792, 61.11439306221792, 61.11439306221792, 61.11439306221792, 61.11439306221792, 61.07067747347528, 56.58842591578901, 56.58279914578645, 56.58279914578645, 56.58279914578645, 56.58279914578645, 56.58279914578645, 56.58279914578645, 56.58279914578645, 56.58279914578645, 56.58279914578645, 56.54229606837359, 66.27000291884646, 66.27000291884646, 66.27000291884646, 66.27000291884646, 66.27000291884646, 66.27000291884646, 66.27000291884646, 66.27000291884646, 66.27000291884646, 66.41925968217718, 66.6095727471691, 58.440474202704976, 58.440474202704976, 58.440474202704976, 58.440474202704976, 58.440474202704976, 58.440474202704976, 58.440474202704976, 58.440474202704976, 58.440474202704976, 58.440474202704976, 58.356987810986816, 61.85840707964603, 61.85840707964603, 61.85840707964603, 61.85840707964603, 61.85840707964603, 61.85840707964603, 61.85840707964603, 61.85840707964603, 61.85840707964603, 61.85840707964603, 61.85840707964603, 60.056705902568964, 60.056705902568964, 60.056705902568964, 60.056705902568964, 60.056705902568964, 60.056705902568964, 60.056705902568964, 60.056705902568964, 60.056705902568964, 60.056705902568964, 59.970787868373584, 54.66363849949097, 54.66907442217389, 54.66907442217389, 54.66907442217389, 54.66907442217389, 54.66907442217389, 54.66907442217389, 54.66907442217389, 54.66907442217389, 54.66907442217389, 54.66907442217389, 64.35005635110052, 64.34365781710916, 64.34365781710916, 64.34365781710916, 64.34365781710916, 64.34365781710916, 64.34365781710916, 64.34365781710916, 64.34365781710916, 64.34365781710916, 64.3897492625369, 61.814159292035406, 61.814159292035406, 61.814159292035406, 61.814159292035406, 61.814159292035406, 61.814159292035406, 61.814159292035406, 61.814159292035406, 61.814159292035406, 61.814159292035406, 61.90265486725664, 58.39873100684589, 58.39873100684589, 58.39873100684589, 58.39873100684589, 58.39873100684589, 58.39873100684589, 58.39873100684589, 58.39873100684589, 58.39873100684589, 58.39873100684589, 58.23175822340959, 58.23175822340959, 58.23175822340959, 58.23175822340959, 58.23175822340959, 58.23175822340959, 58.23175822340959, 58.23175822340959, 58.23175822340959, 58.23175822340959, 58.23175822340959, 58.356987810986816, 60.056705902568964, 60.056705902568964, 60.056705902568964, 60.056705902568964, 60.056705902568964, 60.056705902568964, 60.056705902568964, 60.056705902568964, 60.056705902568964, 60.056705902568964, 60.01374688547128, 55.68843179462649, 55.69396962595054, 55.69396962595054, 55.69396962595054, 55.69396962595054, 55.69396962595054, 55.69396962595054, 55.69396962595054, 55.69396962595054, 55.69396962595054, 55.65410279014098, 54.18952113776886, 54.184132898618245, 54.184132898618245, 54.184132898618245, 54.184132898618245, 54.184132898618245, 54.184132898618245, 54.184132898618245, 54.184132898618245, 54.062370802216854, 54.13982405551515, 61.71939942328727, 61.71939942328727, 61.71939942328727, 61.71939942328727, 61.71939942328727, 61.71939942328727, 61.71939942328727, 61.71939942328727, 61.71939942328727, 61.85840707964603, 61.90265486725664, 63.817169966243966, 63.817169966243966, 63.817169966243966, 63.817169966243966, 63.817169966243966, 63.817169966243966, 63.817169966243966, 63.817169966243966, 63.817169966243966, 63.817169966243966, 63.817169966243966, 54.781110501997034, 54.781110501997034, 54.781110501997034, 54.781110501997034, 54.781110501997034, 54.781110501997034, 54.781110501997034, 54.781110501997034, 54.781110501997034, 54.781110501997034, 54.66363849949097, 56.66964358204108, 56.66964358204108, 56.66964358204108, 56.66964358204108, 56.66964358204108, 56.66964358204108, 56.66964358204108, 56.66964358204108, 56.66964358204108, 56.66964358204108, 56.66964358204108, 57.72888925647176, 57.72888925647176, 57.72888925647176, 57.72888925647176, 57.72888925647176, 57.72888925647176, 57.72888925647176, 57.72888925647176, 57.72888925647176, 57.59916141544599, 57.51664112688517, 62.79878163853789, 62.79878163853789, 62.79878163853789, 62.79878163853789, 62.79878163853789, 62.79878163853789, 62.79878163853789, 62.79878163853789, 62.79878163853789, 62.94022033592198, 63.07567274697491, 56.194690265486734, 56.194690265486734, 56.194690265486734, 56.194690265486734, 56.194690265486734, 56.194690265486734, 56.194690265486734, 56.194690265486734, 56.194690265486734, 56.194690265486734, 56.15446500402253, 61.76991150442479, 61.76991150442479, 61.76991150442479, 61.76991150442479, 61.76991150442479, 61.76991150442479, 61.76991150442479, 61.76991150442479, 61.76991150442479, 61.76991150442479, 61.90265486725664, 61.90265486725664, 61.90265486725664, 61.90265486725664, 61.90265486725664, 61.90265486725664, 61.90265486725664, 61.90265486725664, 61.90265486725664, 61.90265486725664, 61.90265486725664, 61.72566371681416, 58.78634639696586, 58.78634639696586, 58.78634639696586, 58.78634639696586, 58.78634639696586, 58.78634639696586, 58.78634639696586, 58.78634639696586, 58.78634639696586, 58.78634639696586, 58.954909397387276, 57.85294847407163, 57.847196540439285, 57.847196540439285, 57.847196540439285, 57.847196540439285, 57.847196540439285, 57.847196540439285, 57.847196540439285, 57.847196540439285, 57.847196540439285, 57.72314965722176, 58.26770767285593, 58.27929631797781, 58.27929631797781, 58.27929631797781, 58.27929631797781, 58.27929631797781, 58.27929631797781, 58.27929631797781, 58.27929631797781, 58.27929631797781, 58.27929631797781, 61.77605409705649, 61.76991150442479, 61.76991150442479, 61.76991150442479, 61.76991150442479, 61.76991150442479, 61.76991150442479, 61.76991150442479, 61.76991150442479, 61.76991150442479, 61.76991150442479, 59.39414567733152, 59.39414567733152, 59.39414567733152, 59.39414567733152, 59.39414567733152, 59.39414567733152, 59.39414567733152, 59.39414567733152, 59.39414567733152, 59.39414567733152, 59.52178352620832, 61.28975729431351, 61.2836636616535, 61.2836636616535, 61.2836636616535, 61.2836636616535, 61.2836636616535, 61.2836636616535, 61.2836636616535, 61.2836636616535, 61.2836636616535, 61.15224765666068, 60.5527158168895, 60.55873676904392, 60.55873676904392, 60.55873676904392, 60.55873676904392, 60.55873676904392, 60.55873676904392, 60.55873676904392, 60.55873676904392, 60.55873676904392, 60.60211695297589, 59.43669162695711, 59.43669162695711, 59.43669162695711, 59.43669162695711, 59.43669162695711, 59.43669162695711, 59.43669162695711, 59.43669162695711, 59.43669162695711, 59.43669162695711, 59.39414567733152, 58.82848714707123, 58.83433723529189, 58.83433723529189, 58.83433723529189, 58.83433723529189, 58.83433723529189, 58.83433723529189, 58.83433723529189, 58.83433723529189, 58.83433723529189, 58.960772057430766, 60.694912412061086, 60.68887732083985, 60.68887732083985, 60.68887732083985, 60.68887732083985, 60.68887732083985, 60.68887732083985, 60.68887732083985, 60.68887732083985, 60.68887732083985, 60.77563768870381, 58.48221739856404, 58.48221739856404, 58.48221739856404, 58.48221739856404, 58.48221739856404, 58.48221739856404, 58.48221739856404, 58.48221739856404, 58.48221739856404, 58.48221739856404, 58.356987810986816, 58.356987810986816, 58.356987810986816, 58.356987810986816, 58.356987810986816, 58.356987810986816, 58.356987810986816, 58.356987810986816, 58.356987810986816, 58.356987810986816, 58.356987810986816, 58.315244615127746, 58.870627897176576, 58.87648217600485, 58.87648217600485, 58.87648217600485, 58.87648217600485, 58.87648217600485, 58.87648217600485, 58.87648217600485, 58.87648217600485, 58.87648217600485, 58.960772057430766, 58.960772057430766, 58.960772057430766, 58.960772057430766, 58.960772057430766, 58.960772057430766, 58.960772057430766, 58.960772057430766, 58.960772057430766, 58.960772057430766, 58.960772057430766, 58.87648217600485, 62.44475382303545, 62.44475382303545, 62.44475382303545, 62.44475382303545, 62.44475382303545, 62.44475382303545, 62.44475382303545, 62.44475382303545, 62.44475382303545, 62.44475382303545, 62.489453002579495, 58.362791011843115, 58.362791011843115, 58.362791011843115, 58.362791011843115, 58.362791011843115, 58.362791011843115, 58.362791011843115, 58.362791011843115, 58.362791011843115, 58.362791011843115, 58.32104366491046, 59.44260219692797, 59.43669162695711, 59.43669162695711, 59.43669162695711, 59.43669162695711, 59.43669162695711, 59.43669162695711, 59.43669162695711, 59.43669162695711, 59.43669162695711, 59.39414567733152, 60.55873676904392, 60.5527158168895, 60.5527158168895, 60.5527158168895, 60.5527158168895, 60.5527158168895, 60.5527158168895, 60.5527158168895, 60.5527158168895, 60.5527158168895, 60.5527158168895, 57.72314965722176, 57.72888925647176, 57.72888925647176, 57.72888925647176, 57.72888925647176, 57.72888925647176, 57.72888925647176, 57.72888925647176, 57.72888925647176, 57.72888925647176, 57.68753618393847, 58.78634639696586, 58.792192294578925, 58.792192294578925, 58.792192294578925, 58.792192294578925, 58.792192294578925, 58.792192294578925, 58.792192294578925, 58.792192294578925, 58.792192294578925, 58.918627116717815, 58.362791011843115, 58.356987810986816, 58.356987810986816, 58.356987810986816, 58.356987810986816, 58.356987810986816, 58.356987810986816, 58.356987810986816, 58.356987810986816, 58.356987810986816, 58.356987810986816, 63.12082355065921, 63.12082355065921, 63.12082355065921, 63.12082355065921, 63.12082355065921, 63.12082355065921, 63.12082355065921, 63.12082355065921, 63.12082355065921, 63.12082355065921, 63.030521943290594, 61.76991150442479, 61.76991150442479, 61.76991150442479, 61.76991150442479, 61.76991150442479, 61.76991150442479, 61.76991150442479, 61.76991150442479, 61.76991150442479, 61.76991150442479, 61.99115044247788, 56.35559131134353, 56.36119548709048, 56.36119548709048, 56.36119548709048, 56.36119548709048, 56.36119548709048, 56.36119548709048, 56.36119548709048, 56.36119548709048, 56.36119548709048, 56.24050770232154, 61.25203809163733, 61.23985832665589, 61.23985832665589, 61.23985832665589, 61.23985832665589, 61.23985832665589, 61.23985832665589, 61.23985832665589, 61.23985832665589, 61.23985832665589, 61.23985832665589, 60.639467558747505, 60.64549713690788, 60.64549713690788, 60.64549713690788, 60.64549713690788, 60.64549713690788, 60.64549713690788, 60.64549713690788, 60.64549713690788, 60.64549713690788, 60.60211695297589, 60.60211695297589, 60.60211695297589, 60.60211695297589, 60.60211695297589, 60.60211695297589, 60.60211695297589, 60.60211695297589, 60.60211695297589, 60.60211695297589, 60.60211695297589, 60.55873676904392, 60.55873676904392, 60.55873676904392, 60.55873676904392, 60.55873676904392, 60.55873676904392, 60.55873676904392, 60.55873676904392, 60.55873676904392, 60.55873676904392, 60.694823817963105, 60.694823817963105, 61.90872029432237, 61.90872029432237, 61.90872029432237, 61.90872029432237, 61.90872029432237, 61.90872029432237, 61.90872029432237, 61.90872029432237, 61.90872029432237, 61.76991150442479, 61.76991150442479, 59.970787868373584, 59.970787868373584, 59.970787868373584, 59.970787868373584, 59.970787868373584, 59.970787868373584, 59.970787868373584, 59.970787868373584, 59.970787868373584, 59.970787868373584, 60.185582953862024, 57.93565461913821, 57.93565461913821, 57.93565461913821, 57.93565461913821, 57.93565461913821, 57.93565461913821, 57.93565461913821, 57.93565461913821, 57.93565461913821, 58.0658471014284, 57.81717109671136, 61.86437307348116, 61.87052505966587, 61.87052505966587, 61.87052505966587, 61.87052505966587, 61.87052505966587, 61.87052505966587, 61.87052505966587, 61.87052505966587, 61.73180190930787, 61.77605409705649, 58.83433723529189, 58.82848714707123, 58.82848714707123, 58.82848714707123, 58.82848714707123, 58.82848714707123, 58.82848714707123, 58.82848714707123, 58.82848714707123, 58.82848714707123, 58.82848714707123, 55.64856892290522, 55.65410279014098, 55.65410279014098, 55.65410279014098, 55.65410279014098, 55.65410279014098, 55.65410279014098, 55.65410279014098, 55.65410279014098, 55.65410279014098, 55.69396962595054, 60.0197148396166, 60.01374688547128, 60.01374688547128, 60.01374688547128, 60.01374688547128, 60.01374688547128, 60.01374688547128, 60.01374688547128, 60.01374688547128, 60.01374688547128, 60.01374688547128, 61.814159292035406, 61.814159292035406, 61.814159292035406, 61.814159292035406, 61.814159292035406, 61.814159292035406, 61.814159292035406, 61.814159292035406, 61.814159292035406, 61.814159292035406, 61.90265486725664, 58.954909397387276, 58.960772057430766, 58.960772057430766, 58.960772057430766, 58.960772057430766, 58.960772057430766, 58.960772057430766, 58.960772057430766, 58.960772057430766, 58.960772057430766, 58.960772057430766, 59.527702557982984, 59.52178352620832, 59.52178352620832, 59.52178352620832, 59.52178352620832, 59.52178352620832, 59.52178352620832, 59.52178352620832, 59.52178352620832, 59.65554034312114, 59.52761566761766, 61.90872029432237, 61.90872029432237, 61.90872029432237, 61.90872029432237, 61.90872029432237, 61.90872029432237, 61.90872029432237, 61.90872029432237, 61.90872029432237, 61.76991150442479, 61.76991150442479, 59.39414567733152, 59.39414567733152, 59.39414567733152, 59.39414567733152, 59.39414567733152, 59.39414567733152, 59.39414567733152, 59.39414567733152, 59.39414567733152, 59.39414567733152, 59.39414567733152, 58.27350141926867, 58.27929631797781, 58.27929631797781, 58.27929631797781, 58.27929631797781, 58.27929631797781, 58.27929631797781, 58.27929631797781, 58.27929631797781, 58.27929631797781, 58.40453835877576, 60.10564141776923, 60.09966491966665, 60.09966491966665, 60.09966491966665, 60.09966491966665, 60.09966491966665, 60.09966491966665, 60.09966491966665, 60.09966491966665, 60.09966491966665, 60.14262393676434, 58.440474202704976, 58.440474202704976, 58.440474202704976, 58.440474202704976, 58.440474202704976, 58.440474202704976, 58.440474202704976, 58.440474202704976, 58.440474202704976, 58.440474202704976, 58.356987810986816, 58.356987810986816, 58.356987810986816, 58.356987810986816, 58.356987810986816, 58.356987810986816, 58.356987810986816, 58.356987810986816, 58.356987810986816, 58.356987810986816, 58.356987810986816, 58.356987810986816, 58.91276864728192, 58.918627116717815, 58.918627116717815, 58.918627116717815, 58.918627116717815, 58.918627116717815, 58.918627116717815, 58.918627116717815, 58.918627116717815, 59.05102852596885, 59.177747471303555, 56.48784985897157, 56.48223308957127, 56.48223308957127, 56.48223308957127, 56.48223308957127, 56.48223308957127, 56.48223308957127, 56.48223308957127, 56.48223308957127, 56.35559131134353, 56.275140788415136, 61.28975729431351, 61.28975729431351, 61.28975729431351, 61.28975729431351, 61.28975729431351, 61.28975729431351, 61.28975729431351, 61.28975729431351, 61.28975729431351, 61.42748708598612, 61.33967080709265, 59.00292144301292, 59.00292144301292, 59.00292144301292, 59.00292144301292, 59.00292144301292, 59.00292144301292, 59.00292144301292, 59.00292144301292, 59.00292144301292, 59.00292144301292, 59.1718632366937, 57.52820036900776, 57.533921152656234, 57.533921152656234, 57.533921152656234, 57.533921152656234, 57.533921152656234, 57.533921152656234, 57.533921152656234, 57.533921152656234, 57.533921152656234, 57.3285895282713, 60.70085950052256, 60.694823817963105, 60.694823817963105, 60.694823817963105, 60.694823817963105, 60.694823817963105, 60.694823817963105, 60.694823817963105, 60.694823817963105, 60.55873676904392, 60.55873676904392, 59.39414567733152, 59.39414567733152, 59.39414567733152, 59.39414567733152, 59.39414567733152, 59.39414567733152, 59.39414567733152, 59.39414567733152, 59.39414567733152, 59.39414567733152, 59.47923757658272, 60.056705902568964, 60.056705902568964, 60.056705902568964, 60.056705902568964, 60.056705902568964, 60.056705902568964, 60.056705902568964, 60.056705902568964, 60.056705902568964, 60.056705902568964, 59.970787868373584, 56.66964358204108, 56.66964358204108, 56.66964358204108, 56.66964358204108, 56.66964358204108, 56.66964358204108, 56.66964358204108, 56.66964358204108, 56.66964358204108, 56.66964358204108, 56.75083218316148, 63.12082355065921, 63.12082355065921, 63.12082355065921, 63.12082355065921, 63.12082355065921, 63.12082355065921, 63.12082355065921, 63.12082355065921, 63.12082355065921, 63.12082355065921, 63.16597435434351, 57.85294847407163, 57.847196540439285, 57.847196540439285, 57.847196540439285, 57.847196540439285, 57.847196540439285, 57.847196540439285, 57.847196540439285, 57.847196540439285, 57.847196540439285, 57.88854550151179, 57.88854550151179, 57.89430154660492, 57.89430154660492, 57.89430154660492, 57.89430154660492, 57.89430154660492, 57.89430154660492, 57.89430154660492, 57.89430154660492, 57.89430154660492, 57.81159540153834, 59.47923757658272, 59.485152377455485, 59.485152377455485, 59.485152377455485, 59.485152377455485, 59.485152377455485, 59.485152377455485, 59.485152377455485, 59.485152377455485, 59.485152377455485, 59.40005201640047, 60.56475891868283, 60.55873676904392, 60.55873676904392, 60.55873676904392, 60.55873676904392, 60.55873676904392, 60.55873676904392, 60.55873676904392, 60.55873676904392, 60.694823817963105, 60.82525682043725, 61.42748708598612, 61.42748708598612, 61.42748708598612, 61.42748708598612, 61.42748708598612, 61.42748708598612, 61.42748708598612, 61.42748708598612, 61.42748708598612, 61.28975729431351, 61.28975729431351, 60.68887732083985, 60.68887732083985, 60.68887732083985, 60.68887732083985, 60.68887732083985, 60.68887732083985, 60.68887732083985, 60.68887732083985, 60.68887732083985, 60.82525682043725, 60.82525682043725, 60.234720346452406, 60.234720346452406, 60.234720346452406, 60.234720346452406, 60.234720346452406, 60.234720346452406, 60.234720346452406, 60.234720346452406, 60.234720346452406, 60.234720346452406, 60.01944257537859, 60.01944257537859, 60.013475241656636, 60.013475241656636, 60.013475241656636, 60.013475241656636, 60.013475241656636, 60.013475241656636, 60.013475241656636, 60.013475241656636, 60.013475241656636, 60.185680335606875, 60.77573602517165, 60.78177915294586, 60.78177915294586, 60.78177915294586, 60.78177915294586, 60.78177915294586, 60.78177915294586, 60.78177915294586, 60.78177915294586, 60.64549713690788, 60.64549713690788, 56.75083218316148, 56.75083218316148, 56.75083218316148, 56.75083218316148, 56.75083218316148, 56.75083218316148, 56.75083218316148, 56.75083218316148, 56.75083218316148, 56.75083218316148, 56.66964358204108, 57.72888925647176, 57.72888925647176, 57.72888925647176, 57.72888925647176, 57.72888925647176, 57.72888925647176, 57.72888925647176, 57.72888925647176, 57.72888925647176, 57.858617097497536, 57.90006309828372, 57.90006309828372, 57.90006309828372, 57.90006309828372, 57.90006309828372, 57.90006309828372, 57.90006309828372, 57.90006309828372, 57.90006309828372, 57.90006309828372, 57.77024232900505, 57.72888925647176, 60.55873676904392, 60.55873676904392, 60.55873676904392, 60.55873676904392, 60.55873676904392, 60.55873676904392, 60.55873676904392, 60.55873676904392, 60.55873676904392, 60.55873676904392, 60.64549713690788, 61.85840707964603, 61.85840707964603, 61.85840707964603, 61.85840707964603, 61.85840707964603, 61.85840707964603, 61.85840707964603, 61.85840707964603, 61.85840707964603, 61.99741473600477, 62.04176195684599, 58.52996411023206, 58.53578451239099, 58.53578451239099, 58.53578451239099, 58.53578451239099, 58.53578451239099, 58.53578451239099, 58.53578451239099, 58.53578451239099, 58.53578451239099, 58.45210219000015, 59.00878887752397, 59.00292144301292, 59.00292144301292, 59.00292144301292, 59.00292144301292, 59.00292144301292, 59.00292144301292, 59.00292144301292, 59.00292144301292, 59.00292144301292, 58.96068599459273, 56.280654813020334, 56.280654813020334, 56.280654813020334, 56.280654813020334, 56.280654813020334, 56.280654813020334, 56.280654813020334, 56.280654813020334, 56.280654813020334, 56.15446500402253, 56.275140788415136, 61.90265486725664, 61.908810660302315, 61.908810660302315, 61.908810660302315, 61.908810660302315, 61.908810660302315, 61.908810660302315, 61.908810660302315, 61.908810660302315, 62.04793158313445, 61.87052505966587, 64.44846360381862, 64.44846360381862, 64.44846360381862, 64.44846360381862, 64.44846360381862, 64.44846360381862, 64.44846360381862, 64.44846360381862, 64.44846360381862, 64.3039603221957, 64.35005635110052, 59.40005201640047, 59.40005201640047, 59.40005201640047, 59.40005201640047, 59.40005201640047, 59.40005201640047, 59.40005201640047, 59.40005201640047, 59.40005201640047, 59.53353527935866, 59.66147267609081, 62.674678366802475, 62.66844642105656, 62.66844642105656, 62.66844642105656, 62.66844642105656, 62.66844642105656, 62.66844642105656, 62.66844642105656, 62.66844642105656, 62.66844642105656, 62.62365124848968, 61.38357894653939, 61.38357894653939, 61.38357894653939, 61.38357894653939, 61.38357894653939, 61.38357894653939, 61.38357894653939, 61.38357894653939, 61.38357894653939, 61.38357894653939, 61.2957626676459, 58.96068599459273, 58.96068599459273, 58.96068599459273, 58.96068599459273, 58.96068599459273, 58.96068599459273, 58.96068599459273, 58.96068599459273, 58.96068599459273, 58.96068599459273, 58.96068599459273, 57.3228891614096, 57.3228891614096, 57.3228891614096, 57.3228891614096, 57.3228891614096, 57.3228891614096, 57.3228891614096, 57.3228891614096, 57.3228891614096, 57.3228891614096, 57.48713812748814, 63.353172630293045, 63.35947266734856, 63.35947266734856, 63.35947266734856, 63.35947266734856, 63.35947266734856, 63.35947266734856, 63.35947266734856, 63.35947266734856, 63.21741106943971, 63.12710048219766, 58.362791011843115, 58.356987810986816, 58.356987810986816, 58.356987810986816, 58.356987810986816, 58.356987810986816, 58.356987810986816, 58.356987810986816, 58.356987810986816, 58.48812710943847, 58.404453107851296, 58.404453107851296, 58.404453107851296, 58.404453107851296, 58.404453107851296, 58.404453107851296, 58.404453107851296, 58.404453107851296, 58.404453107851296, 58.404453107851296, 58.404453107851296, 58.404453107851296, 62.53406090335593, 62.53406090335593, 62.53406090335593, 62.53406090335593, 62.53406090335593, 62.53406090335593, 62.53406090335593, 62.53406090335593, 62.53406090335593, 62.53406090335593, 62.53406090335593, 60.694823817963105, 60.70085950052256, 60.70085950052256, 60.70085950052256, 60.70085950052256, 60.70085950052256, 60.70085950052256, 60.70085950052256, 60.70085950052256, 60.70085950052256, 60.70085950052256, 57.86437073881589, 57.858617097497536, 57.858617097497536, 57.858617097497536, 57.858617097497536]
====================================

====================================
TIME: 2026-08-14 17:37:38
FINISH CYCLE - DUT 1
Charging samples: [94.54881092669227, 94.54881092669227, 94.14345696773539, 94.16792994298802, 94.16792994298802, 94.16792994298802, 94.16792994298802, 94.16792994298802, 94.16792994298802, 94.16792994298802, 94.16792994298802, 95.40760902071851, 95.41699491437524, 94.80730165613643, 94.91010277260953, 94.91010277260953, 94.91010277260953, 94.91010277260953, 94.91010277260953, 94.91010277260953, 94.91010277260953, 94.91010277260953, 94.91010277260953, 94.90076674046584, 95.51106106034021, 95.89370422431651, 95.89370422431651, 95.89370422431651, 95.89370422431651, 95.89370422431651, 95.89370422431651, 95.89370422431651, 95.89370422431651, 95.7020126616492, 95.73967208620864, 96.35934633919379, 96.42232904846601, 96.42232904846601, 96.42232904846601, 96.42232904846601, 96.42232904846601, 96.42232904846601, 96.42232904846601, 96.42232904846601, 96.95344853746606, 96.92484588768609, 95.68618971020764, 95.83652806963539, 95.83652806963539, 95.83652806963539, 95.83652806963539, 95.83652806963539, 95.83652806963539, 95.83652806963539, 95.83652806963539, 96.45698367964799, 96.47596006833177, 96.99242666398663, 97.04748786689635, 97.04748786689635, 97.04748786689635, 97.04748786689635, 97.04748786689635, 97.04748786689635, 97.04748786689635, 97.04748786689635, 95.79897985871261, 95.78955824385633, 97.03627700624925, 96.44246098012707, 96.44246098012707, 96.44246098012707, 96.44246098012707, 96.44246098012707, 96.44246098012707, 96.44246098012707, 96.44246098012707, 95.86235595167517, 95.83406962651976, 95.3171652596022, 95.3502715558761, 95.3502715558761, 95.3502715558761, 95.3502715558761, 95.3502715558761, 95.3502715558761, 95.3502715558761, 95.3502715558761, 94.91751691946516, 94.93619411681256, 95.14146156355159, 95.49802955476898, 95.49802955476898, 95.49802955476898, 95.49802955476898, 95.49802955476898, 95.49802955476898, 95.49802955476898, 95.49802955476898, 95.4012736990904, 95.39188935188412, 94.57395246569433, 94.12276042981689, 94.12276042981689, 94.12276042981689, 94.12276042981689, 94.12276042981689, 94.12276042981689, 94.12276042981689, 94.12276042981689, 96.31832177858544, 96.33727275188177, 97.06552427376425, 97.01503286575849, 97.01503286575849, 97.01503286575849, 97.01503286575849, 97.01503286575849, 97.01503286575849, 97.01503286575849, 97.01503286575849, 94.94781462332656, 94.93847580021027, 94.73386701615807, 94.72976065001087, 94.72976065001087, 94.72976065001087, 94.72976065001087, 94.72976065001087, 94.72976065001087, 94.72976065001087, 94.72976065001087, 96.21665815894775, 96.22612271316368, 96.43395451168021, 96.39634865394785, 96.39634865394785, 96.39634865394785, 96.39634865394785, 96.39634865394785, 96.39634865394785, 96.39634865394785, 96.39634865394785, 95.6274844573062, 95.6274844573062, 95.42139074080337, 96.02050477030744, 96.02050477030744, 96.02050477030744, 96.02050477030744, 96.02050477030744, 96.02050477030744, 96.02050477030744, 96.02050477030744, 94.76596551200191, 94.76596551200191, 94.97064362325894, 94.88376509406882, 94.88376509406882, 94.88376509406882, 94.88376509406882, 94.88376509406882, 94.88376509406882, 94.88376509406882, 94.88376509406882, 97.7341429660393, 97.7341429660393, 97.20925498018516, 97.28977884314124, 97.28977884314124, 97.28977884314124, 97.28977884314124, 97.28977884314124, 97.28977884314124, 97.28977884314124, 97.28977884314124, 95.84702384299581, 95.8375965759708, 96.56363897427363, 96.52997111148025, 96.52997111148025, 96.52997111148025, 96.52997111148025, 96.52997111148025, 96.52997111148025, 96.52997111148025, 96.52997111148025, 96.14249506085716, 96.12358054284401, 95.91597021769748, 95.94524093840216, 95.94524093840216, 95.94524093840216, 95.94524093840216, 95.94524093840216, 95.94524093840216, 95.94524093840216, 95.94524093840216, 96.04191120635018, 96.0702588778987, 96.27820316118417, 95.87693948559706, 95.87693948559706, 95.87693948559706, 95.87693948559706, 95.87693948559706, 95.87693948559706, 95.87693948559706, 95.87693948559706, 96.26295635317871, 96.24401999902248, 95.82917508523362, 95.66305013925938, 95.66305013925938, 95.66305013925938, 95.66305013925938, 95.66305013925938, 95.66305013925938, 95.66305013925938, 95.66305013925938, 96.62207821083089, 96.62207821083089, 96.83076520480677, 96.7594766937643, 96.7594766937643, 96.7594766937643, 96.7594766937643, 96.7594766937643, 96.7594766937643, 96.7594766937643, 96.7594766937643, 95.46294772565926, 95.46294772565926, 95.25720861418155, 95.11715477232718, 95.11715477232718, 95.11715477232718, 95.11715477232718, 95.11715477232718, 95.11715477232718, 95.11715477232718, 95.11715477232718, 95.49991998267862, 95.52810490741527, 95.94164648710102, 96.2538210418313, 96.2538210418313, 96.2538210418313, 96.2538210418313, 96.2538210418313, 96.2538210418313, 96.2538210418313, 96.2538210418313, 96.68783125694979, 96.67832222555157, 96.26160531940697, 96.05740519556389, 96.05740519556389, 96.05740519556389, 96.05740519556389, 96.05740519556389, 96.05740519556389, 96.05740519556389, 96.05740519556389, 95.48249803229868, 95.47310661909592, 94.55607571240236, 94.97133632841039, 94.97133632841039, 94.97133632841039, 94.97133632841039, 94.97133632841039, 94.97133632841039, 94.97133632841039, 94.97133632841039, 95.59081820109947, 95.6096241854003, 96.74537566060485, 96.85065726908067, 96.85065726908067, 96.85065726908067, 96.85065726908067, 96.85065726908067, 96.85065726908067, 96.85065726908067, 96.85065726908067, 97.57486457667599, 97.57486457667599, 97.46960582308733, 97.52479331767357, 97.52479331767357, 97.52479331767357, 97.52479331767357, 97.52479331767357, 97.52479331767357, 97.52479331767357, 97.52479331767357, 95.88409912034508, 95.86523914805548, 94.9434580024011, 94.91452064854484, 94.91452064854484, 94.91452064854484, 94.91452064854484, 94.91452064854484, 94.91452064854484, 94.91452064854484, 94.91452064854484, 95.34443040487947, 95.35380916057541, 96.27957429805672, 95.95786247628315, 95.95786247628315, 95.95786247628315, 95.95786247628315, 95.95786247628315, 95.95786247628315, 95.95786247628315, 95.95786247628315, 96.10208772048597, 96.0831830115806, 96.29093043430832, 96.40807268544495, 96.40807268544495, 96.40807268544495, 96.40807268544495, 96.40807268544495, 96.40807268544495, 96.40807268544495, 96.40807268544495, 96.11870378293736, 96.13761548068118, 95.51803901141793, 95.25729823158696, 95.25729823158696, 95.25729823158696, 95.25729823158696, 95.25729823158696, 95.25729823158696, 95.25729823158696, 95.25729823158696, 96.26101286423288, 96.22314092054674, 95.50505777934862, 95.47609930215657, 95.47609930215657, 95.47609930215657, 95.47609930215657, 95.47609930215657, 95.47609930215657, 95.47609930215657, 95.47609930215657, 94.10131932213545, 94.12909694271661, 95.24605494311562, 95.18833006133194, 95.18833006133194, 95.18833006133194, 95.18833006133194, 95.18833006133194, 95.18833006133194, 95.18833006133194, 95.18833006133194, 95.14037624266123, 95.13101755918272, 94.11574522664074, 94.16874062179589, 94.16874062179589, 94.16874062179589, 94.16874062179589, 94.16874062179589, 94.16874062179589, 94.16874062179589, 94.16874062179589, 95.45027086211266, 95.46905104329556, 95.67326291718494, 95.6111428001493, 95.6111428001493, 95.6111428001493, 95.6111428001493, 95.6111428001493, 95.6111428001493, 95.6111428001493, 95.6111428001493, 94.56517306290252, 94.56517306290252, 94.06216682320621, 94.72642449649999, 94.72642449649999, 94.72642449649999, 94.72642449649999, 94.72642449649999, 94.72642449649999, 94.72642449649999, 94.72642449649999, 95.72655265860483, 95.72655265860483, 97.59540075823053, 97.56988117291937, 97.56988117291937, 97.56988117291937, 97.56988117291937, 97.56988117291937, 97.56988117291937, 97.56988117291937, 97.56988117291937, 98.92906359721874, 98.93879400575591, 98.83160137953081, 98.87469154406668, 98.87469154406668, 98.87469154406668, 98.87469154406668, 98.87469154406668, 98.87469154406668, 98.87469154406668, 98.87469154406668, 97.32219393395376, 97.3126225144087, 96.99735483887612, 96.8748674323737, 96.8748674323737, 96.8748674323737, 96.8748674323737, 96.8748674323737, 96.8748674323737, 96.8748674323737, 96.8748674323737, 96.58511209608545, 96.58511209608545, 96.37695452691287, 95.98823665151158, 95.98823665151158, 95.98823665151158, 95.98823665151158, 95.98823665151158, 95.98823665151158, 95.98823665151158, 95.98823665151158, 95.17233663997372, 95.16297573344869, 95.57493666735971, 95.79929097878545, 95.79929097878545, 95.79929097878545, 95.79929097878545, 95.79929097878545, 95.79929097878545, 95.79929097878545, 95.79929097878545, 95.17125730116356, 95.18998074348134, 95.08707265619107, 94.6468356792445, 94.6468356792445, 94.6468356792445, 94.6468356792445, 94.6468356792445, 94.6468356792445, 94.6468356792445, 94.6468356792445, 96.85686331439439, 96.85686331439439, 96.75226626977839, 96.62683660001073, 96.62683660001073, 96.62683660001073, 96.62683660001073, 96.62683660001073, 96.62683660001073, 96.62683660001073, 96.62683660001073, 94.08654774098267, 94.07729453998532, 94.48543898484424, 94.45278601876024, 94.45278601876024, 94.45278601876024, 94.45278601876024, 94.45278601876024, 94.45278601876024, 94.45278601876024, 94.45278601876024, 95.84816594466145, 95.82931118594313, 95.41536167758052, 95.55984284305235, 95.55984284305235, 95.55984284305235, 95.55984284305235, 95.55984284305235, 95.55984284305235, 95.55984284305235, 95.55984284305235, 95.41592741708389, 95.42531412907769, 95.42531412907769, 95.77336998608344, 95.77336998608344, 95.77336998608344, 95.77336998608344, 95.77336998608344, 95.77336998608344, 95.77336998608344, 95.77336998608344, 96.39933972455455, 96.39933972455455, 96.39933972455455, 96.54186788382725, 96.54186788382725, 96.54186788382725, 96.54186788382725, 96.54186788382725, 96.54186788382725, 96.54186788382725, 96.54186788382725, 97.40987668597954, 97.41945861364883, 97.73609824077877, 97.87655424574093, 97.87655424574093, 97.87655424574093, 97.87655424574093, 97.87655424574093, 97.87655424574093, 97.87655424574093, 97.87655424574093, 97.34356310875918, 97.33398864597676, 97.12353677863412, 97.0010340574015, 97.0010340574015, 97.0010340574015, 97.0010340574015, 97.0010340574015, 97.0010340574015, 97.0010340574015, 97.0010340574015, 96.66305136033738, 96.67255982496067, 96.88203449413716, 96.45413254911242, 96.45413254911242, 96.45413254911242, 96.45413254911242, 96.45413254911242, 96.45413254911242, 96.45413254911242, 96.45413254911242, 96.0205225626279, 96.01107823071457, 95.59679094600816, 95.75434984850415, 95.75434984850415, 95.75434984850415, 95.75434984850415, 95.75434984850415, 95.75434984850415, 95.75434984850415, 95.75434984850415, 96.52307518597331, 96.52307518597331, 96.94137670357235, 96.4727374515523, 96.4727374515523, 96.4727374515523, 96.4727374515523, 96.4727374515523, 96.4727374515523, 96.4727374515523, 96.4727374515523, 95.36827106957834, 95.3588899687452, 95.3588899687452, 95.42479106754877, 95.42479106754877, 95.42479106754877, 95.42479106754877, 95.42479106754877, 95.42479106754877, 95.42479106754877, 95.42479106754877, 96.6740582215046, 96.6740582215046, 96.04968324913756, 96.19094500320237, 96.19094500320237, 96.19094500320237, 96.19094500320237, 96.19094500320237, 96.19094500320237, 96.19094500320237, 96.19094500320237, 95.28258120844052, 95.30132839608606, 95.92083865651564, 96.30827135988397, 96.30827135988397, 96.30827135988397, 96.30827135988397, 96.30827135988397, 96.30827135988397, 96.30827135988397, 96.30827135988397, 96.59821096257303, 96.59821096257303, 96.59821096257303, 96.71582412546175, 96.71582412546175, 96.71582412546175, 96.71582412546175, 96.71582412546175, 96.71582412546175, 96.71582412546175, 96.71582412546175, 98.50596194069041, 98.5156507340356, 98.5156507340356, 98.62715684692077, 98.62715684692077, 98.62715684692077, 98.62715684692077, 98.62715684692077, 98.62715684692077, 98.62715684692077, 98.62715684692077, 97.07702471573145, 97.04838279262492, 97.04838279262492, 97.00193199588317, 97.00193199588317, 97.00193199588317, 97.00193199588317, 97.00193199588317, 97.00193199588317, 97.00193199588317, 97.00193199588317, 95.79182805381878, 95.8200991294864, 95.612920536774, 95.46753007673198, 95.46753007673198, 95.46753007673198, 95.46753007673198, 95.46753007673198, 95.46753007673198, 95.46753007673198, 95.46753007673198, 96.23937468574042, 96.21097990564039, 96.107080359306, 95.81983317292497, 95.81983317292497, 95.81983317292497, 95.81983317292497, 95.81983317292497, 95.81983317292497, 95.81983317292497, 95.81983317292497, 95.43559324040197, 95.43559324040197, 94.6181577522615, 94.47084118453027, 94.47084118453027, 94.47084118453027, 94.47084118453027, 94.47084118453027, 94.47084118453027, 94.47084118453027, 94.47084118453027, 95.80208605275716, 95.81151075379529, 96.53500652000517, 96.3766157493765, 96.3766157493765, 96.3766157493765, 96.3766157493765, 96.3766157493765, 96.3766157493765, 96.3766157493765, 96.3766157493765, 95.08521692792084, 95.08521692792084, 95.49728720713175, 95.56330676275367, 95.56330676275367, 95.56330676275367, 95.56330676275367, 95.56330676275367, 95.56330676275367, 95.56330676275367, 95.56330676275367, 96.47663816541582, 96.49561842080938, 95.87239591217124, 96.14241219252531, 96.14241219252531, 96.14241219252531, 96.14241219252531, 96.14241219252531, 96.14241219252531, 96.14241219252531, 96.14241219252531, 96.09450864883196, 96.08505796938184, 95.36647313414072, 95.53204711414703, 95.53204711414703, 95.53204711414703, 95.53204711414703, 95.53204711414703, 95.53204711414703, 95.53204711414703, 95.53204711414703, 95.34155449776787, 95.32279939705032, 96.04105515138764, 96.27506720762386, 96.27506720762386, 96.27506720762386, 96.27506720762386, 96.27506720762386, 96.27506720762386, 96.27506720762386, 96.27506720762386, 97.42921386745552, 97.43879864009374, 96.710089675905, 96.83227285097693, 96.83227285097693, 96.83227285097693, 96.83227285097693, 96.83227285097693, 96.83227285097693, 96.83227285097693, 96.83227285097693, 95.82858196752653, 95.83800834781057, 96.76847444827476, 96.62114761345421, 96.62114761345421, 96.62114761345421, 96.62114761345421, 96.62114761345421, 96.62114761345421, 96.62114761345421, 96.62114761345421, 95.27182485376507, 95.26245416183492, 94.75138949358474, 94.82976460896904, 94.82976460896904, 94.82976460896904, 94.82976460896904, 94.82976460896904, 94.82976460896904, 94.82976460896904, 94.82976460896904, 95.8370610463936, 95.8370610463936, 96.25015182676601, 95.85371721052744, 95.85371721052744, 95.85371721052744, 95.85371721052744, 95.85371721052744, 95.85371721052744, 95.85371721052744, 95.85371721052744, 95.70979271021133, 95.71920740553989, 95.61617273664264, 95.79476258234136, 95.79476258234136, 95.79476258234136, 95.79476258234136, 95.79476258234136, 95.79476258234136, 95.79476258234136, 95.79476258234136, 93.15380421540965, 93.11715473996344, 93.31805475018987, 92.87028299221333, 92.87028299221333, 92.87028299221333, 92.87028299221333, 92.87028299221333, 92.87028299221333, 92.87028299221333, 92.87028299221333, 96.46062898418035, 96.49859439950423, 96.70724000901667, 96.73232944733788, 96.73232944733788, 96.73232944733788, 96.73232944733788, 96.73232944733788, 96.73232944733788, 96.73232944733788, 96.73232944733788, 94.47604186221388, 94.48533428297341, 94.48533428297341, 94.53029615687515, 94.53029615687515, 94.53029615687515, 94.53029615687515, 94.53029615687515, 94.53029615687515, 94.53029615687515, 94.53029615687515, 96.6918120750964, 96.68230265219364, 96.47371084496127, 96.53217469881938, 96.53217469881938, 96.53217469881938, 96.53217469881938, 96.53217469881938, 96.53217469881938, 96.53217469881938, 96.53217469881938, 96.96376415350856, 96.94468994004275, 97.15430008045365, 97.62335872552912, 97.62335872552912, 97.62335872552912, 97.62335872552912, 97.62335872552912, 97.62335872552912, 97.62335872552912, 97.62335872552912, 96.7060274615405, 96.71554108942651, 96.50687757035548, 96.54047000913906, 96.54047000913906, 96.54047000913906, 96.54047000913906, 96.54047000913906, 96.54047000913906, 96.54047000913906, 96.54047000913906, 97.69722052347723, 97.69722052347723, 97.90845775704148, 98.06633333173906, 98.06633333173906, 98.06633333173906, 98.06633333173906, 98.06633333173906, 98.06633333173906, 98.06633333173906, 98.06633333173906, 96.76007235494727, 96.76007235494727, 96.65557983620545, 96.60926666905824, 96.60926666905824, 96.60926666905824, 96.60926666905824, 96.60926666905824, 96.60926666905824, 96.60926666905824, 96.60926666905824, 96.80248520239635, 96.80248520239635, 96.80248520239635, 96.56272932959995, 96.56272932959995, 96.56272932959995, 96.56272932959995, 96.56272932959995, 96.56272932959995, 96.56272932959995, 96.56272932959995, 95.83995440946822, 95.8588094073847, 96.17037650188325, 96.03684130930924, 96.03684130930924, 96.03684130930924, 96.03684130930924, 96.03684130930924, 96.03684130930924, 96.03684130930924, 96.03684130930924, 95.79542139651561, 95.7860001316261, 95.37268405770321, 95.67574443014966, 95.67574443014966, 95.67574443014966, 95.67574443014966, 95.67574443014966, 95.67574443014966, 95.67574443014966, 95.67574443014966, 95.28995513809262, 95.27121018773596, 95.37409486396461, 94.80049676833936, 94.80049676833936, 94.80049676833936, 94.80049676833936, 94.80049676833936, 94.80049676833936, 94.80049676833936, 94.80049676833936, 97.19929476348965, 97.20885691742603, 97.10399299410628, 96.96554271245557, 96.96554271245557, 96.96554271245557, 96.96554271245557, 96.96554271245557, 96.96554271245557, 96.96554271245557, 96.96554271245557, 95.00325877799817, 95.00325877799817, 95.41497387562762, 95.42321956321142, 95.42321956321142, 95.42321956321142, 95.42321956321142, 95.42321956321142, 95.42321956321142, 95.42321956321142, 95.42321956321142, 96.62502333604782, 96.61551861213124, 96.30250937256709, 96.43167940504155, 96.43167940504155, 96.43167940504155, 96.43167940504155, 96.43167940504155, 96.43167940504155, 96.43167940504155, 96.43167940504155, 96.1438236456235, 96.1438236456235, 96.24776291442959, 96.63241948211542, 96.63241948211542, 96.63241948211542, 96.63241948211542, 96.63241948211542, 96.63241948211542, 96.63241948211542, 96.63241948211542, 96.19844155030951, 96.21736893674341, 95.90632140785307, 96.00224024041297, 96.00224024041297, 96.00224024041297, 96.00224024041297, 96.00224024041297, 96.00224024041297, 96.00224024041297, 96.00224024041297, 97.73461149287157, 97.73461149287157, 98.37062848740217, 98.24246941958515, 98.24246941958515, 98.24246941958515, 98.24246941958515, 98.24246941958515, 98.24246941958515, 98.24246941958515, 98.24246941958515, 96.93643954546954, 96.92690512631488, 96.82189222801986, 96.74626653654214, 96.74626653654214, 96.74626653654214, 96.74626653654214, 96.74626653654214, 96.74626653654214, 96.74626653654214, 96.74626653654214, 97.27730891773075, 97.2868778050923, 96.97169353574536, 96.94645254137572, 96.94645254137572, 96.94645254137572, 96.94645254137572, 96.94645254137572, 96.94645254137572, 96.94645254137572, 96.94645254137572, 95.55119342291425, 95.55119342291425, 95.7580141878989, 95.42270383214844, 95.42270383214844, 95.42270383214844, 95.42270383214844, 95.42270383214844, 95.42270383214844, 95.42270383214844, 95.42270383214844, 95.18246540356799, 95.1731035008038, 93.85266556536044, 93.67044310557525, 93.67044310557525, 93.67044310557525, 93.67044310557525, 93.67044310557525, 93.67044310557525, 93.67044310557525, 93.67044310557525, 95.3253979307621, 95.3253979307621, 96.35371937553839, 96.30385760346947, 96.30385760346947, 96.30385760346947, 96.30385760346947, 96.30385760346947, 96.30385760346947, 96.30385760346947, 96.30385760346947, 96.16054829155954, 96.17946636126082, 96.49173735594023, 96.39612689759166, 96.39612689759166, 96.39612689759166, 96.39612689759166, 96.39612689759166, 96.39612689759166, 96.39612689759166, 96.39612689759166, 94.24122093117752, 94.23195251841877, 94.43636022453248, 94.55041379968289, 94.55041379968289, 94.55041379968289, 94.55041379968289, 94.55041379968289, 94.55041379968289, 94.55041379968289, 94.55041379968289, 96.7123897249805, 96.68385257841072, 96.57910300898664, 96.56244282216434, 96.56244282216434, 96.56244282216434, 96.56244282216434, 96.56244282216434, 96.56244282216434, 96.56244282216434, 96.56244282216434, 95.45914615802636, 95.48732182100098, 94.0606169058526, 94.52123877845766, 94.52123877845766, 94.52123877845766, 94.52123877845766, 94.52123877845766, 94.52123877845766, 94.52123877845766, 94.52123877845766, 94.75872932815228, 94.76804955332473, 96.30982910137227, 96.34740772193557, 96.34740772193557, 96.34740772193557, 96.34740772193557, 96.34740772193557, 96.34740772193557, 96.34740772193557, 96.34740772193557, 97.84453536072255, 97.84453536072255, 96.58743212268327, 96.78043915472688, 96.78043915472688, 96.78043915472688, 96.78043915472688, 96.78043915472688, 96.78043915472688, 96.78043915472688, 96.78043915472688, 94.43974738839833, 94.42117151361697, 95.54645091410427, 95.55060167872973, 95.55060167872973, 95.55060167872973, 95.55060167872973, 95.55060167872973, 95.55060167872973, 95.55060167872973, 95.55060167872973, 96.42056163331605, 96.42056163331605, 95.90105429692967, 95.89272268194362, 95.89272268194362, 95.89272268194362, 95.89272268194362, 95.89272268194362, 95.89272268194362, 95.89272268194362, 95.89272268194362, 97.14245240110681, 97.14245240110681, 98.20064905035633, 97.76746710151161, 97.76746710151161, 97.76746710151161, 97.76746710151161, 97.76746710151161, 97.76746710151161, 97.76746710151161, 97.76746710151161, 97.52558816261624, 97.50640154287149, 96.97819785087326, 97.15045788518076, 97.15045788518076, 97.15045788518076, 97.15045788518076, 97.15045788518076, 97.15045788518076, 97.15045788518076, 97.15045788518076, 97.10226817392817, 97.1500359170283, 97.25540471954135, 96.80664331089972, 96.80664331089972, 96.80664331089972, 96.80664331089972, 96.80664331089972, 96.80664331089972, 96.80664331089972, 96.80664331089972, 96.9027293092232, 96.86461239337733, 96.6549487301882, 96.5383816214125, 96.5383816214125, 96.5383816214125, 96.5383816214125, 96.5383816214125, 96.5383816214125, 96.5383816214125, 96.5383816214125, 97.11272995034503, 97.12228358831358, 96.39204085456684, 96.50010834032507, 96.50010834032507, 96.50010834032507, 96.50010834032507, 96.50010834032507, 96.50010834032507, 96.50010834032507, 96.50010834032507, 93.69404309040925, 93.67561026666533, 94.48753321588885, 94.47938528045869, 94.47938528045869, 94.47938528045869, 94.47938528045869, 94.47938528045869, 94.47938528045869, 94.47938528045869, 94.47938528045869, 96.63754382747423, 96.6660673055815, 96.6660673055815, 96.80798389474296, 96.80798389474296, 96.80798389474296, 96.80798389474296, 96.80798389474296, 96.80798389474296, 96.80798389474296, 96.80798389474296, 95.51080495421787, 95.501410756819, 95.604991462629, 95.70417105178409, 95.70417105178409, 95.70417105178409, 95.70417105178409, 95.70417105178409, 95.70417105178409, 95.70417105178409, 95.70417105178409, 96.18558036290979, 96.19504186009283, 95.9868274837723, 96.3115432986543, 96.3115432986543, 96.3115432986543, 96.3115432986543, 96.3115432986543, 96.3115432986543, 96.3115432986543, 96.3115432986543, 95.97411546927962, 95.95523593441797, 96.1633817824319, 96.31376107717008, 96.31376107717008, 96.31376107717008, 96.31376107717008, 96.31376107717008, 96.31376107717008, 96.31376107717008, 96.31376107717008, 97.86174719192117, 97.89062916354693, 97.67874468483794, 97.61937839764073, 97.61937839764073, 97.61937839764073, 97.61937839764073, 97.61937839764073, 97.61937839764073, 97.61937839764073, 97.61937839764073, 96.60602844887629, 96.59652746260082, 96.28391734136265, 96.31736813124976, 96.31736813124976, 96.31736813124976, 96.31736813124976, 96.31736813124976, 96.31736813124976, 96.31736813124976, 96.31736813124976, 96.89469501315536, 96.89469501315536, 96.9993329127376, 96.8605220720559, 96.8605220720559, 96.8605220720559, 96.8605220720559, 96.8605220720559, 96.8605220720559, 96.8605220720559, 96.8605220720559, 95.75436913876032, 95.75436913876032, 95.3425223897764, 95.06220020357333, 95.06220020357333, 95.06220020357333, 95.06220020357333, 95.06220020357333, 95.06220020357333, 95.06220020357333, 95.06220020357333, 95.5874057295599, 95.56860226625126, 96.08518930552829, 95.94828626822066, 95.94828626822066, 95.94828626822066, 95.94828626822066, 95.94828626822066, 95.94828626822066, 95.94828626822066, 95.94828626822066, 95.56487653288312, 95.57427789801177, 94.65332661205662, 94.55126790571222, 94.55126790571222, 94.55126790571222, 94.55126790571222, 94.55126790571222, 94.55126790571222, 94.55126790571222, 94.55126790571222, 95.64187932087339, 95.64187932087339, 96.46815905582693, 96.43072799605102, 96.43072799605102, 96.43072799605102, 96.43072799605102, 96.43072799605102, 96.43072799605102, 96.43072799605102, 96.43072799605102, 94.85303140513894, 94.83437056874209, 95.24579950830277, 95.18834588285074, 95.18834588285074, 95.18834588285074, 95.18834588285074, 95.18834588285074, 95.18834588285074, 95.18834588285074, 95.18834588285074, 96.53172979652001, 96.5697194579905, 96.46509354308478, 96.58994590109387, 96.58994590109387, 96.58994590109387, 96.58994590109387, 96.58994590109387, 96.58994590109387, 96.58994590109387, 96.58994590109387, 95.96585579338303, 95.95641776665276, 94.92794597922881, 95.03044224982918, 95.03044224982918, 95.03044224982918, 95.03044224982918, 95.03044224982918, 95.03044224982918, 95.03044224982918, 95.03044224982918, 95.79106609975277, 95.78164433658765, 96.4015902546238, 96.34333653123099, 96.34333653123099, 96.34333653123099, 96.34333653123099, 96.34333653123099, 96.34333653123099, 96.34333653123099, 96.34333653123099, 95.72176661812628, 95.71235074495907, 95.81571181487801, 96.47783090647545, 96.47783090647545, 96.47783090647545, 96.47783090647545, 96.47783090647545, 96.47783090647545, 96.47783090647545, 96.47783090647545, 93.49000597330787, 93.48080872727016, 94.19284970778257, 94.11513283508638, 94.11513283508638, 94.11513283508638, 94.11513283508638, 94.11513283508638, 94.11513283508638, 94.11513283508638, 94.11513283508638, 98.52981174642291, 98.53950574600444, 97.79460667449034, 97.56159088940622, 97.56159088940622, 97.56159088940622, 97.56159088940622, 97.56159088940622, 97.56159088940622, 97.56159088940622, 97.56159088940622, 95.9283589395097, 95.94723318622678, 96.25908768195663, 96.43036719740496, 96.43036719740496, 96.43036719740496, 96.43036719740496, 96.43036719740496, 96.43036719740496, 96.43036719740496, 96.43036719740496, 96.1889291222988, 96.1889291222988, 96.29325550963318, 96.16387957582316, 96.16387957582316, 96.16387957582316, 96.16387957582316, 96.16387957582316, 96.16387957582316, 96.16387957582316, 96.16387957582316, 96.06732949592775, 96.04843162448171, 95.94437048512691, 95.64177223724761, 95.64177223724761, 95.64177223724761, 95.64177223724761, 95.64177223724761, 95.64177223724761, 95.64177223724761, 95.64177223724761, 95.64177223724761, 95.66059009700899, 95.45375638869115, 95.46612994739858, 95.46612994739858, 95.46612994739858, 95.46612994739858, 95.46612994739858, 95.46612994739858, 95.46612994739858, 95.46612994739858, 95.94585924361667, 95.92698526717453, 96.23911211728462, 96.1311136315904, 96.1311136315904, 96.1311136315904, 96.1311136315904, 96.1311136315904, 96.1311136315904, 96.1311136315904, 96.1311136315904, 96.61176919974835, 96.63077790987128, 96.31738079232576, 96.29659944668144, 96.29659944668144, 96.29659944668144, 96.29659944668144, 96.29659944668144, 96.29659944668144, 96.29659944668144, 96.29659944668144, 94.57188423271101, 94.55328053757327, 94.75816305228092, 94.73363548634848, 94.73363548634848, 94.73363548634848, 94.73363548634848, 94.73363548634848, 94.73363548634848, 94.73363548634848, 94.73363548634848, 95.501486635174, 95.5202768932429, 95.00562022894742, 95.13284707361015, 95.13284707361015, 95.13284707361015, 95.13284707361015, 95.13284707361015, 95.13284707361015, 95.13284707361015, 95.13284707361015, 95.51529067993623, 95.51529067993623, 96.2412483724004, 96.16232124364198, 96.16232124364198, 96.16232124364198, 96.16232124364198, 96.16232124364198, 96.16232124364198, 96.16232124364198, 96.16232124364198, 96.25857982346545, 96.24911207685155, 96.24911207685155, 96.40723859042353, 96.40723859042353, 96.40723859042353, 96.40723859042353, 96.40723859042353, 96.40723859042353, 96.40723859042353, 96.40723859042353, 96.16622049394749, 96.16622049394749, 95.64696444376419, 95.87909714762355, 95.87909714762355, 95.87909714762355, 95.87909714762355, 95.87909714762355, 95.87909714762355, 95.87909714762355, 95.87909714762355, 97.0805895930825, 97.1092382030352, 97.63643276439804, 97.72113514382409, 97.72113514382409, 97.72113514382409, 97.72113514382409, 97.72113514382409, 97.72113514382409, 97.72113514382409, 97.72113514382409]
Discharging samples: []
====================================

====================================
TIME: 2026-08-14 17:37:39
FINISH CYCLE - DUT 2
Charging samples: []
Discharging samples: [59.75250137690471, 59.75250137690471, 59.75250137690471, 59.75250137690471, 59.351477877730865, 59.26656875344227, 58.14833160715091, 58.14833160715091, 58.14833160715091, 58.14833160715091, 58.14833160715091, 58.14833160715091, 58.14833160715091, 58.14833160715091, 58.14833160715091, 58.27929631797781, 58.5297803995737, 57.982773106119744, 57.982773106119744, 57.982773106119744, 57.982773106119744, 57.982773106119744, 57.982773106119744, 57.982773106119744, 57.982773106119744, 57.982773106119744, 57.982773106119744, 57.81734436687261, 61.25203809163733, 61.25203809163733, 61.25203809163733, 61.25203809163733, 61.25203809163733, 61.25203809163733, 61.25203809163733, 61.25203809163733, 61.25203809163733, 61.389683121056734, 61.170120592011465, 64.3560643728454, 64.34966524145703, 64.34966524145703, 64.34966524145703, 64.34966524145703, 64.34966524145703, 64.34966524145703, 64.34966524145703, 64.34966524145703, 64.20538348082597, 64.34365781710916, 59.39414567733152, 59.40005201640047, 59.40005201640047, 59.40005201640047, 59.40005201640047, 59.40005201640047, 59.40005201640047, 59.40005201640047, 59.40005201640047, 59.13308549048405, 59.21780337800624, 58.10048633313819, 58.10048633313819, 58.10048633313819, 58.10048633313819, 58.10048633313819, 58.10048633313819, 58.10048633313819, 58.10048633313819, 58.10048633313819, 58.23163867249066, 58.18998513982078, 59.884839075932064, 59.87888453291965, 59.87888453291965, 59.87888453291965, 59.87888453291965, 59.87888453291965, 59.87888453291965, 59.87888453291965, 59.87888453291965, 59.74402218036802, 59.78678812323156, 60.970684917750994, 60.9767480327985, 60.9767480327985, 60.9767480327985, 60.9767480327985, 60.9767480327985, 60.9767480327985, 60.9767480327985, 60.9767480327985, 61.25203809163733, 61.164409997085635, 60.56475891868283, 60.57078226616356, 60.57078226616356, 60.57078226616356, 60.57078226616356, 60.57078226616356, 60.57078226616356, 60.57078226616356, 60.57078226616356, 60.70689638361561, 60.66341006815457, 58.37422478256382, 58.36841986760931, 58.36841986760931, 58.36841986760931, 58.36841986760931, 58.36841986760931, 58.36841986760931, 58.36841986760931, 58.36841986760931, 58.106678074481025, 58.106678074481025, 59.22411419129796, 59.22411419129796, 59.22411419129796, 59.22411419129796, 59.22411419129796, 59.22411419129796, 59.22411419129796, 59.22411419129796, 59.22411419129796, 59.49088948044795, 59.66147267609081, 59.66147267609081, 59.65554034312114, 59.65554034312114, 59.65554034312114, 59.65554034312114, 59.65554034312114, 59.65554034312114, 59.65554034312114, 59.65554034312114, 59.38802670929548, 59.34557636854545, 59.92174701290026, 59.92174701290026, 59.92174701290026, 59.92174701290026, 59.92174701290026, 59.92174701290026, 59.92174701290026, 59.92174701290026, 59.92174701290026, 60.056705902568964, 59.970787868373584, 57.72888925647176, 57.73462999724905, 57.73462999724905, 57.73462999724905, 57.73462999724905, 57.73462999724905, 57.73462999724905, 57.73462999724905, 57.73462999724905, 57.86437073881589, 57.86437073881589, 58.96654922907906, 58.96654922907906, 58.96654922907906, 58.96654922907906, 58.96654922907906, 58.96654922907906, 58.96654922907906, 58.96654922907906, 58.96654922907906, 58.96654922907906, 59.05102852596885, 58.49394335119557, 58.48812710943847, 58.48812710943847, 58.48812710943847, 58.48812710943847, 58.48812710943847, 58.48812710943847, 58.48812710943847, 58.48812710943847, 58.61926640789012, 58.409612379249594, 58.96589440190911, 58.96589440190911, 58.96589440190911, 58.96589440190911, 58.96589440190911, 58.96589440190911, 58.96589440190911, 58.96589440190911, 58.96589440190911, 58.833979649332136, 59.12962778827351, 63.353172630293045, 63.35947266734856, 63.35947266734856, 63.35947266734856, 63.35947266734856, 63.35947266734856, 63.35947266734856, 63.35947266734856, 63.35947266734856, 63.21741106943971, 63.21741106943971, 60.73829690985384, 60.73829690985384, 60.73829690985384, 60.73829690985384, 60.73829690985384, 60.73829690985384, 60.73829690985384, 60.73829690985384, 60.73829690985384, 60.601806355000235, 60.51523234592167, 61.725536992840105, 61.725536992840105, 61.725536992840105, 61.725536992840105, 61.725536992840105, 61.725536992840105, 61.725536992840105, 61.725536992840105, 61.725536992840105, 61.864558472553696, 61.687549721559265, 59.890824972387634, 59.884869834178204, 59.884869834178204, 59.884869834178204, 59.884869834178204, 59.884869834178204, 59.884869834178204, 59.884869834178204, 59.884869834178204, 60.01944257537859, 60.191664792237646, 58.48812710943847, 58.49394335119557, 58.49394335119557, 58.49394335119557, 58.49394335119557, 58.49394335119557, 58.49394335119557, 58.49394335119557, 58.49394335119557, 58.10048633313819, 58.26672520676662, 55.14529349926127, 55.134328040223835, 55.134328040223835, 55.134328040223835, 55.134328040223835, 55.134328040223835, 55.134328040223835, 55.134328040223835, 55.134328040223835, 55.25878476266227, 55.17995625372838, 55.677072976734934, 55.68260912797057, 55.68260912797057, 55.68260912797057, 55.68260912797057, 55.68260912797057, 55.68260912797057, 55.68260912797057, 55.68260912797057, 55.93343169161007, 55.65376453315203, 65.02703013873553, 65.03349662940167, 65.03349662940167, 65.03349662940167, 65.03349662940167, 65.03349662940167, 65.03349662940167, 65.03349662940167, 65.03349662940167, 65.1793116442658, 65.41326466524306, 61.527328150476144, 61.527328150476144, 61.527328150476144, 61.527328150476144, 61.527328150476144, 61.527328150476144, 61.527328150476144, 61.527328150476144, 61.527328150476144, 61.25203809163733, 61.295852138913176, 58.960772057430766, 58.960772057430766, 58.960772057430766, 58.960772057430766, 58.960772057430766, 58.960772057430766, 58.960772057430766, 58.960772057430766, 58.960772057430766, 58.960772057430766, 59.08720687956964, 58.5297803995737, 58.523960594423116, 58.523960594423116, 58.523960594423116, 58.523960594423116, 58.523960594423116, 58.523960594423116, 58.523960594423116, 58.523960594423116, 58.523960594423116, 58.39873100684589, 57.31727302523764, 57.31727302523764, 57.31727302523764, 57.31727302523764, 57.31727302523764, 57.31727302523764, 57.31727302523764, 57.31727302523764, 57.31727302523764, 57.18847016450677, 57.147592058599315, 55.106606627935065, 55.112086600750075, 55.112086600750075, 55.112086600750075, 55.112086600750075, 55.112086600750075, 55.112086600750075, 55.112086600750075, 55.112086600750075, 55.3603392430958, 55.3603392430958, 57.410722178025274, 57.410722178025274, 57.410722178025274, 57.410722178025274, 57.410722178025274, 57.410722178025274, 57.410722178025274, 57.410722178025274, 57.410722178025274, 57.28199858569787, 57.15907584195173, 56.119819917552604, 56.114239742558325, 56.114239742558325, 56.114239742558325, 56.114239742558325, 56.114239742558325, 56.114239742558325, 56.114239742558325, 56.114239742558325, 56.114239742558325, 56.15446500402253, 59.970787868373584, 59.970787868373584, 59.970787868373584, 59.970787868373584, 59.970787868373584, 59.970787868373584, 59.970787868373584, 59.970787868373584, 59.970787868373584, 59.701256237504474, 59.95785189468573, 52.78340807822761, 52.78865702493387, 52.78865702493387, 52.78865702493387, 52.78865702493387, 52.78865702493387, 52.78865702493387, 52.78865702493387, 52.78865702493387, 53.14614228695375, 53.03242015652517, 55.39993891351289, 55.39443031861248, 55.39443031861248, 55.39443031861248, 55.39443031861248, 55.39443031861248, 55.39443031861248, 55.39443031861248, 55.39443031861248, 55.14602480148866, 55.14602480148866, 61.763547777667306, 61.7758329189458, 61.7758329189458, 61.7758329189458, 61.7758329189458, 61.7758329189458, 61.7758329189458, 61.7758329189458, 61.7758329189458, 62.19323719542517, 62.19323719542517, 62.82145171255067, 62.80895863276296, 62.80895863276296, 62.80895863276296, 62.80895863276296, 62.80895863276296, 62.80895863276296, 62.80895863276296, 62.80895863276296, 62.52793420935016, 62.483239474389926, 61.85840707964603, 61.85840707964603, 61.85840707964603, 61.85840707964603, 61.85840707964603, 61.85840707964603, 61.85840707964603, 61.85840707964603, 61.85840707964603, 61.85840707964603, 61.85840707964603, 59.47923757658272, 59.47923757658272, 59.47923757658272, 59.47923757658272, 59.47923757658272, 59.47923757658272, 59.47923757658272, 59.47923757658272, 59.47923757658272, 59.34557636854545, 59.47292739079555, 62.47661059235089, 62.48282346134375, 62.48282346134375, 62.48282346134375, 62.48282346134375, 62.48282346134375, 62.48282346134375, 62.48282346134375, 62.48282346134375, 62.623550541211635, 62.35535546394735, 61.120595949809776, 61.120595949809776, 61.120595949809776, 61.120595949809776, 61.120595949809776, 61.120595949809776, 61.120595949809776, 61.120595949809776, 61.120595949809776, 61.25794560362957, 61.52142063848389, 60.32682994647449, 60.32682994647449, 60.32682994647449, 60.32682994647449, 60.32682994647449, 60.32682994647449, 60.32682994647449, 60.32682994647449, 60.32682994647449, 60.32682994647449, 60.11153076750778, 60.11153076750778, 60.11153076750778, 60.11153076750778, 60.11153076750778, 60.11153076750778, 60.11153076750778, 60.11153076750778, 60.11153076750778, 60.11153076750778, 59.97675155054027, 60.10564141776923, 60.694912412061086, 60.694912412061086, 60.694912412061086, 60.694912412061086, 60.694912412061086, 60.694912412061086, 60.694912412061086, 60.694912412061086, 60.694912412061086, 60.694912412061086, 60.651527914268335, 57.28199858569787, 57.28199858569787, 57.28199858569787, 57.28199858569787, 57.28199858569787, 57.28199858569787, 57.28199858569787, 57.28199858569787, 57.28199858569787, 57.28199858569787, 57.20005008986712, 58.83433723529189, 58.83433723529189, 58.83433723529189, 58.83433723529189, 58.83433723529189, 58.83433723529189, 58.83433723529189, 58.83433723529189, 58.83433723529189, 58.83433723529189, 58.960772057430766, 61.295852138913176, 61.295852138913176, 61.295852138913176, 61.295852138913176, 61.295852138913176, 61.295852138913176, 61.295852138913176, 61.295852138913176, 61.295852138913176, 61.295852138913176, 61.164409997085635, 55.65410279014098, 55.64856892290522, 55.64856892290522, 55.64856892290522, 55.64856892290522, 55.64856892290522, 55.64856892290522, 55.64856892290522, 55.64856892290522, 55.64856892290522, 55.64856892290522, 59.970787868373584, 59.97675155054027, 59.97675155054027, 59.97675155054027, 59.97675155054027, 59.97675155054027, 59.97675155054027, 59.97675155054027, 59.97675155054027, 59.97675155054027, 59.93378826146395, 58.792192294578925, 58.792192294578925, 58.792192294578925, 58.792192294578925, 58.792192294578925, 58.792192294578925, 58.792192294578925, 58.792192294578925, 58.792192294578925, 58.92430958063416, 59.177747471303555, 56.48784985897157, 56.48784985897157, 56.48784985897157, 56.48784985897157, 56.48784985897157, 56.48784985897157, 56.48784985897157, 56.48784985897157, 56.48784985897157, 56.36119548709048, 56.03936139437332, 59.84786168331132, 59.84786168331132, 59.84786168331132, 59.84786168331132, 59.84786168331132, 59.84786168331132, 59.84786168331132, 59.84786168331132, 59.84786168331132, 59.84786168331132, 60.062678128692916, 63.12710048219766, 63.12082355065921, 63.12082355065921, 63.12082355065921, 63.12082355065921, 63.12082355065921, 63.12082355065921, 63.12082355065921, 63.12082355065921, 63.12082355065921, 63.25627596171213, 55.8478832815116, 55.85343696918875, 55.85343696918875, 55.85343696918875, 55.85343696918875, 55.85343696918875, 55.85343696918875, 55.85343696918875, 55.85343696918875, 55.72792362768496, 55.60859188544153, 58.786225707466755, 58.786225707466755, 58.786225707466755, 58.786225707466755, 58.786225707466755, 58.786225707466755, 58.786225707466755, 58.786225707466755, 58.786225707466755, 58.918627116717815, 58.918627116717815, 59.485152377455485, 59.485152377455485, 59.485152377455485, 59.485152377455485, 59.485152377455485, 59.485152377455485, 59.485152377455485, 59.485152377455485, 59.485152377455485, 59.351477877730865, 59.309023315586565, 56.07398568019093, 56.06841006264295, 56.06841006264295, 56.06841006264295, 56.06841006264295, 56.06841006264295, 56.06841006264295, 56.06841006264295, 56.06841006264295, 56.32097046833052, 56.32097046833052, 57.36395140292924, 57.36395140292924, 57.36395140292924, 57.36395140292924, 57.36395140292924, 57.36395140292924, 57.36395140292924, 57.36395140292924, 57.36395140292924, 57.23533267781056, 57.15339233038348, 60.515356585111924, 60.52137442089007, 60.52137442089007, 60.52137442089007, 60.52137442089007, 60.52137442089007, 60.52137442089007, 60.52137442089007, 60.52137442089007, 60.52137442089007, 60.56475891868283, 57.73462999724905, 57.73462999724905, 57.73462999724905, 57.73462999724905, 57.73462999724905, 57.73462999724905, 57.73462999724905, 57.73462999724905, 57.73462999724905, 57.73462999724905, 57.73462999724905, 57.73462999724905, 57.73462999724905, 57.73462999724905, 57.73462999724905, 57.73462999724905, 57.73462999724905, 57.73462999724905, 57.73462999724905, 57.73462999724905, 57.73462999724905, 57.94141592130796, 57.94141592130796, 57.94141592130796, 57.94141592130796, 57.94141592130796, 57.94141592130796, 57.94141592130796, 57.94141592130796, 57.94141592130796, 57.94141592130796, 57.94141592130796, 57.94141592130796, 57.404921329444, 57.399213372664704, 57.399213372664704, 57.399213372664704, 57.399213372664704, 57.399213372664704, 57.399213372664704, 57.399213372664704, 57.399213372664704, 57.399213372664704, 57.194362504097015, 56.66964358204108, 56.66964358204108, 56.66964358204108, 56.66964358204108, 56.66964358204108, 56.66964358204108, 56.66964358204108, 56.66964358204108, 56.66964358204108, 56.79699109570859, 56.87836214312364, 57.405013644448864, 57.405013644448864, 57.405013644448864, 57.405013644448864, 57.405013644448864, 57.405013644448864, 57.405013644448864, 57.405013644448864, 57.405013644448864, 57.27630285152409, 57.31727302523764, 60.09966491966665, 60.10564141776923, 60.10564141776923, 60.10564141776923, 60.10564141776923, 60.10564141776923, 60.10564141776923, 60.10564141776923, 60.10564141776923, 60.10564141776923, 60.234531284998184, 58.5297803995737, 58.5297803995737, 58.5297803995737, 58.5297803995737, 58.5297803995737, 58.5297803995737, 58.5297803995737, 58.5297803995737, 58.5297803995737, 58.5297803995737, 58.15405427717987, 58.707902413153015, 58.707902413153015, 58.707902413153015, 58.707902413153015, 58.707902413153015, 58.707902413153015, 58.707902413153015, 58.707902413153015, 58.707902413153015, 58.707902413153015, 58.918627116717815, 58.362791011843115, 58.362791011843115, 58.362791011843115, 58.362791011843115, 58.362791011843115, 58.362791011843115, 58.362791011843115, 58.362791011843115, 58.362791011843115, 58.362791011843115, 58.27929631797781, 57.20005008986712, 57.20005008986712, 57.20005008986712, 57.20005008986712, 57.20005008986712, 57.20005008986712, 57.20005008986712, 57.20005008986712, 57.20005008986712, 57.20005008986712, 57.118101594036354, 58.750047353865966, 58.750047353865966, 58.750047353865966, 58.750047353865966, 58.750047353865966, 58.750047353865966, 58.750047353865966, 58.750047353865966, 58.750047353865966, 58.88206993218925, 58.96654922907906, 61.301858109438626, 61.301858109438626, 61.301858109438626, 61.301858109438626, 61.301858109438626, 61.301858109438626, 61.301858109438626, 61.301858109438626, 61.301858109438626, 61.026961884732636, 61.20182423970321, 55.1909307875895, 55.185442975042264, 55.185442975042264, 55.185442975042264, 55.185442975042264, 55.185442975042264, 55.185442975042264, 55.185442975042264, 55.185442975042264, 55.309734513274336, 55.2307206068268, 58.356987810986816, 58.362791011843115, 58.362791011843115, 58.362791011843115, 58.362791011843115, 58.362791011843115, 58.362791011843115, 58.362791011843115, 58.362791011843115, 58.362791011843115, 58.44628570570841, 57.900058736496185, 57.900058736496185, 57.900058736496185, 57.900058736496185, 57.900058736496185, 57.900058736496185, 57.900058736496185, 57.900058736496185, 57.900058736496185, 57.900058736496185, 57.651915627625485, 61.687549721559265, 61.687549721559265, 61.687549721559265, 61.687549721559265, 61.687549721559265, 61.687549721559265, 61.687549721559265, 61.687549721559265, 61.687549721559265, 61.687549721559265, 61.864558472553696, 60.651527914268335, 60.651527914268335, 60.651527914268335, 60.651527914268335, 60.651527914268335, 60.651527914268335, 60.651527914268335, 60.651527914268335, 60.651527914268335, 60.651527914268335, 60.694912412061086, 57.8587015516844, 57.85294847407163, 57.85294847407163, 57.85294847407163, 57.85294847407163, 57.85294847407163, 57.85294847407163, 57.85294847407163, 57.85294847407163, 57.85294847407163, 57.72888925647176, 59.39414567733152, 59.40005201640047, 59.40005201640047, 59.40005201640047, 59.40005201640047, 59.40005201640047, 59.40005201640047, 59.40005201640047, 59.40005201640047, 59.53353527935866, 59.66147267609081, 62.04793158313445, 62.04176195684599, 62.04176195684599, 62.04176195684599, 62.04176195684599, 62.04176195684599, 62.04176195684599, 62.04176195684599, 62.04176195684599, 61.90265486725664, 61.814159292035406, 56.194690265486734, 56.194690265486734, 56.194690265486734, 56.194690265486734, 56.194690265486734, 56.194690265486734, 56.194690265486734, 56.194690265486734, 56.194690265486734, 56.194690265486734, 56.15446500402253, 58.27350141926867, 58.27929631797781, 58.27929631797781, 58.27929631797781, 58.27929631797781, 58.27929631797781, 58.27929631797781, 58.27929631797781, 58.27929631797781, 58.27929631797781, 58.362791011843115, 62.489453002579495, 62.489453002579495, 62.489453002579495, 62.489453002579495, 62.489453002579495, 62.489453002579495, 62.489453002579495, 62.489453002579495, 62.489453002579495, 62.489453002579495, 62.53415218212355, 60.10564141776923, 60.10564141776923, 60.10564141776923, 60.10564141776923, 60.10564141776923, 60.10564141776923, 60.10564141776923, 60.10564141776923, 60.10564141776923, 59.970572560650645, 60.01343930300994, 58.8703261734288, 58.8703261734288, 58.8703261734288, 58.8703261734288, 58.8703261734288, 58.8703261734288, 58.8703261734288, 58.8703261734288, 58.8703261734288, 59.00291699814373, 59.08720687956964, 59.65535309956551, 59.6494213750851, 59.6494213750851, 59.6494213750851, 59.6494213750851, 59.6494213750851, 59.6494213750851, 59.6494213750851, 59.6494213750851, 59.6494213750851, 59.22396187882914, 57.5634769663386, 57.56920125800191, 57.56920125800191, 57.56920125800191, 57.56920125800191, 57.56920125800191, 57.56920125800191, 57.56920125800191, 57.56920125800191, 57.56920125800191, 57.73462999724905, 57.73462999724905, 57.72888925647176, 57.72888925647176, 57.72888925647176, 57.72888925647176, 57.72888925647176, 57.72888925647176, 57.72888925647176, 57.72888925647176, 57.72888925647176, 57.93565461913821, 59.606875425459506, 59.612802919037996, 59.612802919037996, 59.612802919037996, 59.612802919037996, 59.612802919037996, 59.612802919037996, 59.612802919037996, 59.612802919037996, 59.612802919037996, 59.40005201640047, 57.20005008986712, 57.205738806932246, 57.205738806932246, 57.205738806932246, 57.205738806932246, 57.205738806932246, 57.205738806932246, 57.205738806932246, 57.205738806932246, 57.205738806932246, 57.328673775715046, 61.30194819581411, 61.28975729431351, 61.28975729431351, 61.28975729431351, 61.28975729431351, 61.28975729431351, 61.28975729431351, 61.28975729431351, 61.28975729431351, 61.28975729431351, 61.28975729431351, 58.954909397387276, 58.960772057430766, 58.960772057430766, 58.960772057430766, 58.960772057430766, 58.960772057430766, 58.960772057430766, 58.960772057430766, 58.960772057430766, 58.960772057430766, 58.792192294578925, 61.120595949809776, 61.120595949809776, 61.120595949809776, 61.120595949809776, 61.120595949809776, 61.120595949809776, 61.120595949809776, 61.120595949809776, 61.120595949809776, 61.120595949809776, 61.33966618618902, 64.53444046671972, 64.52802359882007, 64.52802359882007, 64.52802359882007, 64.52802359882007, 64.52802359882007, 64.52802359882007, 64.52802359882007, 64.52802359882007, 64.52802359882007, 64.34365781710916, 61.15832822220276, 61.164409997085635, 61.164409997085635, 61.164409997085635, 61.164409997085635, 61.164409997085635, 61.164409997085635, 61.164409997085635, 61.164409997085635, 61.301858109438626, 61.389683121056734, 56.88401830483238, 56.88401830483238, 56.88401830483238, 56.88401830483238, 56.88401830483238, 56.88401830483238, 56.88401830483238, 56.88401830483238, 56.88401830483238, 56.7564756628933, 56.715877325509254, 54.70823565027, 54.70823565027, 54.70823565027, 54.70823565027, 54.70823565027, 54.70823565027, 54.70823565027, 54.70823565027, 54.70823565027, 54.70823565027, 54.62991319407777, 61.73180190930787, 61.72566371681416, 61.72566371681416, 61.72566371681416, 61.72566371681416, 61.72566371681416, 61.72566371681416, 61.72566371681416, 61.72566371681416, 61.86437307348116, 62.17480361936959, 58.65547511261282, 58.66130799597724, 58.66130799597724, 58.66130799597724, 58.66130799597724, 58.66130799597724, 58.66130799597724, 58.66130799597724, 58.66130799597724, 58.5297803995737, 58.32104366491046, 61.20822404436148, 61.21431138638479, 61.21431138638479, 61.21431138638479, 61.21431138638479, 61.21431138638479, 61.21431138638479, 61.21431138638479, 61.21431138638479, 61.21431138638479, 61.17049298167013, 58.285092369327195, 58.27929631797781, 58.27929631797781, 58.27929631797781, 58.27929631797781, 58.27929631797781, 58.27929631797781, 58.27929631797781, 58.27929631797781, 58.41026102880473, 58.41026102880473, 58.41026102880473, 58.416070104988606, 58.416070104988606, 58.416070104988606, 58.416070104988606, 58.416070104988606, 58.416070104988606, 58.416070104988606, 58.416070104988606, 58.1541146336658, 58.1957723089048, 60.477959458273624, 60.47194534138238, 60.47194534138238, 60.47194534138238, 60.47194534138238, 60.47194534138238, 60.47194534138238, 60.47194534138238, 60.47194534138238, 60.60814341647558, 60.52137442089007, 59.93378826146395, 59.93378826146395, 59.93378826146395, 59.93378826146395, 59.93378826146395, 59.93378826146395, 59.93378826146395, 59.93378826146395, 59.93378826146395, 59.93378826146395, 60.10564141776923, 58.960772057430766, 58.954909397387276, 58.954909397387276, 58.954909397387276, 58.954909397387276, 58.954909397387276, 58.954909397387276, 58.954909397387276, 58.954909397387276, 58.954909397387276, 58.870627897176576, 59.43669162695711, 59.44260219692797, 59.44260219692797, 59.44260219692797, 59.44260219692797, 59.44260219692797, 59.44260219692797, 59.44260219692797, 59.44260219692797, 59.44260219692797, 59.44260219692797, 57.241024337782484, 57.241024337782484, 57.241024337782484, 57.241024337782484, 57.241024337782484, 57.241024337782484, 57.241024337782484, 57.241024337782484, 57.241024337782484, 57.241024337782484, 57.0361530982056, 59.804898394235, 59.804898394235, 59.804898394235, 59.804898394235, 59.804898394235, 59.804898394235, 59.804898394235, 59.804898394235, 59.804898394235, 59.804898394235, 60.0197148396166, 58.87648217600485, 58.87648217600485, 58.87648217600485, 58.87648217600485, 58.87648217600485, 58.87648217600485, 58.87648217600485, 58.87648217600485, 58.87648217600485, 58.87648217600485, 59.04506193885669, 57.94141592130796, 57.94141592130796, 57.94141592130796, 57.94141592130796, 57.94141592130796, 57.94141592130796, 57.94141592130796, 57.94141592130796, 57.94141592130796, 57.94141592130796, 57.900058736496185, 59.5702527385105, 59.5702527385105, 59.5702527385105, 59.5702527385105, 59.5702527385105, 59.5702527385105, 59.5702527385105, 59.5702527385105, 59.5702527385105, 59.5702527385105, 59.314951655345446, 60.47798992309732, 60.47798992309732, 60.47798992309732, 60.47798992309732, 60.47798992309732, 60.47798992309732, 60.47798992309732, 60.47798992309732, 60.47798992309732, 60.342084327764525, 60.55851935046095, 58.27329220516053, 58.27329220516053, 58.27329220516053, 58.27329220516053, 58.27329220516053, 58.27329220516053, 58.27329220516053, 58.27329220516053, 58.27329220516053, 58.40453835877576, 58.32104366491046, 61.20822404436148, 61.20822404436148, 61.20822404436148, 61.20822404436148, 61.20822404436148, 61.20822404436148, 61.20822404436148, 61.20822404436148, 61.20822404436148, 61.20822404436148, 61.295852138913176, 65.1671691161077, 65.1671691161077, 65.1671691161077, 65.1671691161077, 65.1671691161077, 65.1671691161077, 65.1671691161077, 65.1671691161077, 65.1671691161077, 65.1671691161077, 64.84110036427585, 64.16567223548131, 64.16567223548131, 64.16567223548131, 64.16567223548131, 64.16567223548131, 64.16567223548131, 64.16567223548131, 64.16567223548131, 64.16567223548131, 64.16567223548131, 64.3039603221957, 57.15907584195173, 57.15339233038348, 57.15339233038348, 57.15339233038348, 57.15339233038348, 57.15339233038348, 57.15339233038348, 57.15339233038348, 57.15339233038348, 57.15339233038348, 57.15339233038348, 58.23175822340959, 58.23754897104516, 58.23754897104516, 58.23754897104516, 58.23754897104516, 58.23754897104516, 58.23754897104516, 58.23754897104516, 58.23754897104516, 58.23754897104516, 58.5297803995737, 53.94918889004185, 53.94918889004185, 53.94918889004185, 53.94918889004185, 53.94918889004185, 53.94918889004185, 53.94918889004185, 53.94918889004185, 53.94918889004185, 54.070423022379025, 53.87758984469579, 59.576181078269386, 59.57025722611882, 59.57025722611882, 59.57025722611882, 59.57025722611882, 59.57025722611882, 59.57025722611882, 59.57025722611882, 59.57025722611882, 59.43669162695711, 59.47923757658272, 60.64549713690788, 60.651527914268335, 60.651527914268335, 60.651527914268335, 60.651527914268335, 60.651527914268335, 60.651527914268335, 60.651527914268335, 60.651527914268335, 60.651527914268335, 60.60814341647558, 64.3961523800053, 64.3961523800053, 64.3961523800053, 64.3961523800053, 64.3961523800053, 64.3961523800053, 64.3961523800053, 64.3961523800053, 64.3961523800053, 64.3961523800053, 64.6266325245293, 61.42729428074072, 61.42729428074072, 61.42729428074072, 61.42729428074072, 61.42729428074072, 61.42729428074072, 61.42729428074072, 61.42729428074072, 61.42729428074072, 61.42729428074072, 61.120595949809776, 56.119819917552604, 56.114239742558325, 56.114239742558325, 56.114239742558325, 56.114239742558325, 56.114239742558325, 56.114239742558325, 56.114239742558325, 56.114239742558325, 56.114239742558325, 56.15446500402253, 56.15446500402253, 56.160049179142256, 56.160049179142256, 56.160049179142256, 56.160049179142256, 56.160049179142256, 56.160049179142256, 56.160049179142256, 56.160049179142256, 56.160049179142256, 56.36119548709048, 59.04506193885669, 59.04506193885669, 59.04506193885669, 59.04506193885669, 59.04506193885669, 59.04506193885669, 59.04506193885669, 59.04506193885669, 59.04506193885669, 59.177747471303555, 58.96654922907906, 61.91487669053301, 61.90872029432237, 61.90872029432237, 61.90872029432237, 61.90872029432237, 61.90872029432237, 61.90872029432237, 61.90872029432237, 61.90872029432237, 61.76991150442479, 61.72566371681416, 58.78634639696586, 58.78634639696586, 58.78634639696586, 58.78634639696586, 58.78634639696586, 58.78634639696586, 58.78634639696586, 58.78634639696586, 58.78634639696586, 58.78634639696586, 58.744205646860514, 56.58845498092068, 56.59408231335712, 56.59408231335712, 56.59408231335712, 56.59408231335712, 56.59408231335712, 56.59408231335712, 56.59408231335712, 56.59408231335712, 56.59408231335712, 56.7564756628933, 59.485152377455485, 59.485152377455485, 59.485152377455485, 59.485152377455485, 59.485152377455485, 59.485152377455485, 59.485152377455485, 59.485152377455485, 59.485152377455485, 59.485152377455485, 59.612802919037996, 56.36119548709048, 56.36119548709048, 56.36119548709048, 56.36119548709048, 56.36119548709048, 56.36119548709048, 56.36119548709048, 56.36119548709048, 56.36119548709048, 56.36119548709048, 56.320966225500825, 60.73829690985384, 60.73829690985384, 60.73829690985384, 60.73829690985384, 60.73829690985384, 60.73829690985384, 60.73829690985384, 60.73829690985384, 60.73829690985384, 60.73829690985384, 60.60814341647558, 58.87648217600485, 58.87648217600485, 58.87648217600485, 58.87648217600485, 58.87648217600485, 58.87648217600485, 58.87648217600485, 58.87648217600485, 58.87648217600485, 58.87648217600485, 58.87648217600485, 60.60814341647558, 60.60814341647558, 60.60814341647558, 60.60814341647558, 60.60814341647558, 60.60814341647558, 60.60814341647558, 60.60814341647558, 60.60814341647558, 60.60814341647558, 60.52137442089007, 56.119819917552604, 56.114239742558325, 56.114239742558325, 56.114239742558325, 56.114239742558325, 56.114239742558325, 56.114239742558325, 56.114239742558325, 56.114239742558325, 56.114239742558325, 56.15446500402253, 57.194362504097015, 57.20005008986712, 57.20005008986712, 57.20005008986712, 57.20005008986712, 57.20005008986712, 57.20005008986712, 57.20005008986712, 57.20005008986712, 57.20005008986712, 57.48686982527475, 54.46124509762873, 54.46124509762873, 54.46124509762873, 54.46124509762873, 54.46124509762873, 54.46124509762873, 54.46124509762873, 54.46124509762873, 54.46124509762873, 54.46124509762873, 54.18952113776886, 58.83433723529189, 58.83433723529189, 58.83433723529189, 58.83433723529189, 58.83433723529189]
====================================

====================================
TIME: 2026-08-14 17:43:47
FINISH CYCLE - DUT 1
Charging samples: [95.53056124720626, 95.52116418235804, 94.37156592633403, 94.33563462532138, 94.33563462532138, 94.33563462532138, 94.33563462532138, 94.33563462532138, 94.33563462532138, 94.33563462532138, 94.33563462532138, 95.66631360240399, 95.64749091404147, 96.06791944553176, 96.10451055285792, 96.10451055285792, 96.10451055285792, 96.10451055285792, 96.10451055285792, 96.10451055285792, 96.10451055285792, 96.10451055285792, 95.43612349486486, 95.45490458774982, 95.77063194581295, 95.5966653534815, 95.5966653534815, 95.5966653534815, 95.5966653534815, 95.5966653534815, 95.5966653534815, 95.5966653534815, 95.5966653534815, 95.54884310968285, 95.53944332187078, 95.43422367063525, 95.43825536442387, 95.43825536442387, 95.43825536442387, 95.43825536442387, 95.43825536442387, 95.43825536442387, 95.43825536442387, 95.43825536442387, 94.86505262950242, 94.86505262950242, 94.34552879253908, 94.34154325989324, 94.34154325989324, 94.34154325989324, 94.34154325989324, 94.34154325989324, 94.34154325989324, 94.34154325989324, 94.34154325989324, 94.00902019704367, 94.01826941193909, 93.91540478457372, 93.87574791235662, 93.87574791235662, 93.87574791235662, 93.87574791235662, 93.87574791235662, 93.87574791235662, 93.87574791235662, 93.87574791235662, 93.68600410657116, 93.67678757886762, 93.47225310817139, 93.5987271927152, 93.5987271927152, 93.5987271927152, 93.5987271927152, 93.5987271927152, 93.5987271927152, 93.5987271927152, 93.5987271927152, 94.92569648962458, 94.93503589305726, 96.08894240667453, 96.07675508044868, 96.07675508044868, 96.07675508044868, 96.07675508044868, 96.07675508044868, 96.07675508044868, 96.07675508044868, 96.07675508044868, 96.31658721994054, 96.31658721994054, 96.10420224260882, 96.03923679261594, 96.03923679261594, 96.03923679261594, 96.03923679261594, 96.03923679261594, 96.03923679261594, 96.03923679261594, 96.03923679261594, 95.41746882533307, 95.43624255259826, 94.6018273171657, 94.5459042676179, 94.5459042676179, 94.5459042676179, 94.5459042676179, 94.5459042676179, 94.5459042676179, 94.5459042676179, 94.5459042676179, 94.73546999046025, 94.7261520530165, 94.7261520530165, 95.18029100855281, 95.18029100855281, 95.18029100855281, 95.18029100855281, 95.18029100855281, 95.18029100855281, 95.18029100855281, 95.18029100855281, 95.60881658087746, 95.60881658087746, 95.92331926699879, 96.04148656060326, 96.04148656060326, 96.04148656060326, 96.04148656060326, 96.04148656060326, 96.04148656060326, 96.04148656060326, 96.04148656060326, 95.61102173040135, 95.60161675088824, 95.60161675088824, 95.50425036845579, 95.50425036845579, 95.50425036845579, 95.50425036845579, 95.50425036845579, 95.50425036845579, 95.50425036845579, 95.50425036845579, 96.9375307641805, 96.97567637392535, 96.55220180460688, 96.74927225094872, 96.74927225094872, 96.74927225094872, 96.74927225094872, 96.74927225094872, 96.74927225094872, 96.74927225094872, 96.74927225094872, 97.17842131465426, 97.15930863468284, 97.26549367144207, 97.19523305308502, 97.19523305308502, 97.19523305308502, 97.19523305308502, 97.19523305308502, 97.19523305308502, 97.19523305308502, 97.19523305308502, 94.90604208814484, 94.8967073736678, 94.68973527470669, 94.63343935599403, 94.63343935599403, 94.63343935599403, 94.63343935599403, 94.63343935599403, 94.63343935599403, 94.63343935599403, 94.63343935599403, 95.67963818304523, 95.67022645393024, 97.26119474307544, 97.23229097049206, 97.23229097049206, 97.23229097049206, 97.23229097049206, 97.23229097049206, 97.23229097049206, 97.23229097049206, 97.23229097049206, 96.89400765200624, 96.89400765200624, 96.67964037843986, 96.57304309037576, 96.57304309037576, 96.57304309037576, 96.57304309037576, 96.57304309037576, 96.57304309037576, 96.57304309037576, 96.57304309037576, 96.71754140921422, 96.72705616980537, 96.8341736184984, 96.51900617540835, 96.51900617540835, 96.51900617540835, 96.51900617540835, 96.51900617540835, 96.51900617540835, 96.51900617540835, 96.51900617540835, 96.37480447295505, 96.37480447295505, 94.90343341229925, 95.00382633047754, 95.00382633047754, 95.00382633047754, 95.00382633047754, 95.00382633047754, 95.00382633047754, 95.00382633047754, 95.00382633047754, 93.7718565127257, 93.79030464503198, 95.3500103763795, 95.62921385269807, 95.62921385269807, 95.62921385269807, 95.62921385269807, 95.62921385269807, 95.62921385269807, 95.62921385269807, 95.62921385269807, 95.82250180389099, 95.7848060911436, 95.25677518656174, 95.12759156196564, 95.12759156196564, 95.12759156196564, 95.12759156196564, 95.12759156196564, 95.12759156196564, 95.12759156196564, 95.12759156196564, 94.88773379201616, 94.88773379201616, 95.41371901259275, 95.09533743700692, 95.09533743700692, 95.09533743700692, 95.09533743700692, 95.09533743700692, 95.09533743700692, 95.09533743700692, 95.09533743700692, 96.39340321597516, 96.40288702187993, 96.18960629838018, 96.22212063692697, 96.22212063692697, 96.22212063692697, 96.22212063692697, 96.22212063692697, 96.22212063692697, 96.22212063692697, 96.22212063692697, 96.36609388476276, 96.36609388476276, 96.57976593328775, 96.56344558080018, 96.56344558080018, 96.56344558080018, 96.56344558080018, 96.56344558080018, 96.56344558080018, 96.56344558080018, 96.56344558080018, 96.37108811948384, 96.37108811948384, 96.2643648768266, 96.1912187512923, 96.1912187512923, 96.1912187512923, 96.1912187512923, 96.1912187512923, 96.1912187512923, 96.1912187512923, 96.1912187512923, 94.75123044663222, 94.75123044663222, 94.85627615666175, 94.87630154852049, 94.87630154852049, 94.87630154852049, 94.87630154852049, 94.87630154852049, 94.87630154852049, 94.87630154852049, 94.87630154852049, 94.97242748727281, 94.96308440537537, 94.64828965044045, 94.55646400139331, 94.55646400139331, 94.55646400139331, 94.55646400139331, 94.55646400139331, 94.55646400139331, 94.55646400139331, 94.55646400139331, 94.93928369370663, 94.95796517416584, 95.16828181906986, 95.29691476598478, 95.29691476598478, 95.29691476598478, 95.29691476598478, 95.29691476598478, 95.29691476598478, 95.29691476598478, 95.29691476598478, 95.7772419573456, 95.75839929711397, 95.75839929711397, 95.77862709586707, 95.77862709586707, 95.77862709586707, 95.77862709586707, 95.77862709586707, 95.77862709586707, 95.77862709586707, 95.77862709586707, 96.35502806133867, 96.38346815226588, 96.70474637944008, 96.70474637944008, 96.70474637944008, 96.70474637944008, 96.70474637944008, 96.70474637944008, 96.70474637944008, 96.70474637944008, 96.70474637944008, 96.75295412938, 96.7244050133784, 96.50993848341527, 96.47733102045946, 96.47733102045946, 96.47733102045946, 96.47733102045946, 96.47733102045946, 96.47733102045946, 96.47733102045946, 96.47733102045946, 96.33311976332872, 96.33311976332872, 96.11999339217091, 96.31931963010805, 96.31931963010805, 96.31931963010805, 96.31931963010805, 96.31931963010805, 96.31931963010805, 96.31931963010805, 96.31931963010805, 96.12706549910985, 96.14598070286803, 95.82796753626536, 96.21070936538834, 96.21070936538834, 96.21070936538834, 96.21070936538834, 96.21070936538834, 96.21070936538834, 96.21070936538834, 96.21070936538834, 96.59555220284987, 96.58605037792339, 96.37353981603574, 96.54994294101829, 96.54994294101829, 96.54994294101829, 96.54994294101829, 96.54994294101829, 96.54994294101829, 96.54994294101829, 96.54994294101829, 95.87678596832197, 95.8862180180975, 96.20372205126998, 96.2980032565697, 96.2980032565697, 96.2980032565697, 96.2980032565697, 96.2980032565697, 96.2980032565697, 96.2980032565697, 96.2980032565697, 96.24970937329157, 96.24970937329157, 96.7838365063287, 96.62327118287513, 96.62327118287513, 96.62327118287513, 96.62327118287513, 96.62327118287513, 96.62327118287513, 96.62327118287513, 96.62327118287513, 96.96264042436039, 96.98171629302543, 96.6598743141769, 96.6064506346529, 96.6064506346529, 96.6064506346529, 96.6064506346529, 96.6064506346529, 96.6064506346529, 96.6064506346529, 96.6064506346529, 96.36493450806627, 96.34597995761229, 95.92154832784304, 95.84412651738302, 95.84412651738302, 95.84412651738302, 95.84412651738302, 95.84412651738302, 95.84412651738302, 95.84412651738302, 95.84412651738302, 95.36370483057908, 95.34494352724826, 95.76682380834228, 95.79531009426668, 95.79531009426668, 95.79531009426668, 95.79531009426668, 95.79531009426668, 95.79531009426668, 95.79531009426668, 95.79531009426668, 97.29135775820737, 97.31050206315783, 97.20297664651342, 97.29393260271362, 97.29393260271362, 97.29393260271362, 97.29393260271362, 97.29393260271362, 97.29393260271362, 97.29393260271362, 97.29393260271362, 97.82480227465304, 97.8344250173517, 97.8344250173517, 97.951078081291, 97.951078081291, 97.951078081291, 97.951078081291, 97.951078081291, 97.951078081291, 97.951078081291, 97.951078081291, 97.56449267199139, 97.56449267199139, 96.92191643046345, 96.78179034471123, 96.78179034471123, 96.78179034471123, 96.78179034471123, 96.78179034471123, 96.78179034471123, 96.78179034471123, 96.78179034471123, 96.4941772976244, 96.48468637824821, 97.23180231259306, 97.24420749278092, 97.24420749278092, 97.24420749278092, 97.24420749278092, 97.24420749278092, 97.24420749278092, 97.24420749278092, 97.24420749278092, 97.29251559387025, 97.27337482747366, 97.1658904353991, 97.1039460962206, 97.1039460962206, 97.1039460962206, 97.1039460962206, 97.1039460962206, 97.1039460962206, 97.1039460962206, 97.1039460962206, 97.9235921159007, 97.97176389478494, 97.86362729004455, 97.90107510660964, 97.90107510660964, 97.90107510660964, 97.90107510660964, 97.90107510660964, 97.90107510660964, 97.90107510660964, 97.90107510660964, 96.79239724966624, 96.76384211231262, 96.5507058962062, 96.5260818957226, 96.5260818957226, 96.5260818957226, 96.5260818957226, 96.5260818957226, 96.5260818957226, 96.5260818957226, 96.5260818957226, 95.61273749531487, 95.60333234702692, 94.66502265114555, 94.66099897525608, 94.66099897525608, 94.66099897525608, 94.66099897525608, 94.66099897525608, 94.66099897525608, 94.66099897525608, 94.66099897525608, 94.75618348905724, 94.76550529756574, 94.14947817753823, 94.22958153243468, 94.22958153243468, 94.22958153243468, 94.22958153243468, 94.22958153243468, 94.22958153243468, 94.22958153243468, 94.22958153243468, 94.37156482957045, 94.352998714121, 96.33608165169656, 96.30330730965048, 96.30330730965048, 96.30330730965048, 96.30330730965048, 96.30330730965048, 96.30330730965048, 96.30330730965048, 96.30330730965048, 96.97945891563597, 96.98900038148757, 95.92785158081483, 95.90338123051149, 95.90338123051149, 95.90338123051149, 95.90338123051149, 95.90338123051149, 95.90338123051149, 95.90338123051149, 95.90338123051149, 95.61681734237253, 95.62622381727093, 95.73096228804559, 95.37009589060229, 95.37009589060229, 95.37009589060229, 95.37009589060229, 95.37009589060229, 95.37009589060229, 95.37009589060229, 95.37009589060229, 95.84646999594997, 95.84646999594997, 96.16244736956301, 96.0932569685268, 96.0932569685268, 96.0932569685268, 96.0932569685268, 96.0932569685268, 96.0932569685268, 96.0932569685268, 96.0932569685268, 95.66341635584453, 95.67282648926533, 95.25412702979368, 95.20577263559944, 95.20577263559944, 95.20577263559944, 95.20577263559944, 95.20577263559944, 95.20577263559944, 95.20577263559944, 95.20577263559944, 94.58786197945227, 94.56925514125429, 94.67283592454154, 94.7088941354311, 94.7088941354311, 94.7088941354311, 94.7088941354311, 94.7088941354311, 94.7088941354311, 94.7088941354311, 94.7088941354311, 94.42333968075141, 94.41405061634602, 95.56544147752099, 95.63829333024823, 95.63829333024823, 95.63829333024823, 95.63829333024823, 95.63829333024823, 95.63829333024823, 95.63829333024823, 95.63829333024823, 96.12034117969506, 96.12979811999216, 96.0233420866367, 96.12919330745635, 96.12919330745635, 96.12919330745635, 96.12919330745635, 96.12919330745635, 96.12919330745635, 96.12919330745635, 96.12919330745635, 95.45426416688242, 95.47304513376228, 94.11807833601237, 94.17397741528882, 94.17397741528882, 94.17397741528882, 94.17397741528882, 94.17397741528882, 94.17397741528882, 94.17397741528882, 94.17397741528882, 94.50691571928228, 94.48832480441666, 96.0613823760773, 95.96367627432168, 95.96367627432168, 95.96367627432168, 95.96367627432168, 95.96367627432168, 95.96367627432168, 95.96367627432168, 95.96367627432168, 96.2534508378073, 96.2534508378073, 95.82802122084463, 95.79148437733741, 95.79148437733741, 95.79148437733741, 95.79148437733741, 95.79148437733741, 95.79148437733741, 95.79148437733741, 95.79148437733741, 95.69535644519759, 95.69535644519759, 95.16955778341081, 94.91623337322171, 94.91623337322171, 94.91623337322171, 94.91623337322171, 94.91623337322171, 94.91623337322171, 94.91623337322171, 94.91623337322171, 94.29648900664618, 94.29648900664618, 94.71280904641064, 94.62884733464676, 94.62884733464676, 94.62884733464676, 94.62884733464676, 94.62884733464676, 94.62884733464676, 94.62884733464676, 94.62884733464676, 95.25077605828194, 95.24140559334752, 95.76993725590773, 95.75781038558155, 95.75781038558155, 95.75781038558155, 95.75781038558155, 95.75781038558155, 95.75781038558155, 95.75781038558155, 95.75781038558155, 95.13257104102478, 95.16065031228837, 95.05515069996873, 95.03910492841237, 95.03910492841237, 95.03910492841237, 95.03910492841237, 95.03910492841237, 95.03910492841237, 95.03910492841237, 95.03910492841237, 95.90397039287718, 95.8756717884532, 94.61691023324374, 95.38981896217426, 95.38981896217426, 95.38981896217426, 95.38981896217426, 95.38981896217426, 95.38981896217426, 95.38981896217426, 95.38981896217426, 96.05888582864243, 96.06833672256496, 96.49061512574107, 96.74168911467892, 96.74168911467892, 96.74168911467892, 96.74168911467892, 96.74168911467892, 96.74168911467892, 96.74168911467892, 96.74168911467892, 96.9342098890365, 96.9342098890365, 96.40451475303084, 96.37162762164947, 96.37162762164947, 96.37162762164947, 96.37162762164947, 96.37162762164947, 96.37162762164947, 96.37162762164947, 96.37162762164947, 96.46732933726182, 96.47681948279427, 96.90042791081972, 96.6983802100695, 96.6983802100695, 96.6983802100695, 96.6983802100695, 96.6983802100695, 96.6983802100695, 96.6983802100695, 96.6983802100695, 96.41058741182525, 96.39162015087467, 96.49754500818332, 96.55506717586255, 96.55506717586255, 96.55506717586255, 96.55506717586255, 96.55506717586255, 96.55506717586255, 96.55506717586255, 96.55506717586255, 95.59432023878928, 95.59432023878928, 95.48938684665012, 95.54227152389659, 95.54227152389659, 95.54227152389659, 95.54227152389659, 95.54227152389659, 95.54227152389659, 95.54227152389659, 95.54227152389659, 95.6382939073377, 95.64770342070916, 95.64770342070916, 95.66400538558551, 95.66400538558551, 95.66400538558551, 95.66400538558551, 95.66400538558551, 95.66400538558551, 95.66400538558551, 95.66400538558551, 95.71202948467464, 95.69319780154926, 95.37910634268202, 95.46452775317317, 95.46452775317317, 95.46452775317317, 95.46452775317317, 95.46452775317317, 95.46452775317317, 95.46452775317317, 95.46452775317317, 94.98552861743221, 94.99487482707674, 95.30770097908687, 95.24677034299232, 95.24677034299232, 95.24677034299232, 95.24677034299232, 95.24677034299232, 95.24677034299232, 95.24677034299232, 95.24677034299232, 94.95858041759749, 94.94923777883149, 94.74124382969931, 94.89088209580105, 94.89088209580105, 94.89088209580105, 94.89088209580105, 94.89088209580105, 94.89088209580105, 94.89088209580105, 94.89088209580105, 95.37085620857698, 95.37085620857698, 95.26651172694835, 95.18118751718735, 95.18118751718735, 95.18118751718735, 95.18118751718735, 95.18118751718735, 95.18118751718735, 95.18118751718735, 95.18118751718735, 94.55846208300342, 94.56776627094823, 94.56776627094823, 94.61215291666339, 94.61215291666339, 94.61215291666339, 94.61215291666339, 94.61215291666339, 94.61215291666339, 94.61215291666339, 94.61215291666339, 94.70801122762253, 94.72664719992234, 95.14302806673518, 95.31384140258211, 95.31384140258211, 95.31384140258211, 95.31384140258211, 95.31384140258211, 95.31384140258211, 95.31384140258211, 95.31384140258211, 96.03737764804706, 96.04682456695795, 96.04682456695795, 95.67058732519007, 95.67058732519007, 95.67058732519007, 95.67058732519007, 95.67058732519007, 95.67058732519007, 95.67058732519007, 95.67058732519007, 96.29525715704716, 96.26684309474057, 95.74079477181847, 95.84281599296402, 95.84281599296402, 95.84281599296402, 95.84281599296402, 95.84281599296402, 95.84281599296402, 95.84281599296402, 95.84281599296402, 96.0819447753816, 96.10085110060304, 95.78679603164683, 95.64004007739143, 95.64004007739143, 95.64004007739143, 95.64004007739143, 95.64004007739143, 95.64004007739143, 95.64004007739143, 95.64004007739143, 95.44961690152803, 95.42144959376643, 95.31761776613445, 95.22035902601338, 95.22035902601338, 95.22035902601338, 95.22035902601338, 95.22035902601338, 95.22035902601338, 95.22035902601338, 95.22035902601338, 95.22035902601338, 95.25783629021728, 95.36160299641577, 95.40622135596323, 95.40622135596323, 95.40622135596323, 95.40622135596323, 95.40622135596323, 95.40622135596323, 95.40622135596323, 95.40622135596323, 94.93037985294096, 94.9210427446639, 94.61185368034901, 95.32547698744345, 95.32547698744345, 95.32547698744345, 95.32547698744345, 95.32547698744345, 95.32547698744345, 95.32547698744345, 95.32547698744345, 95.80329892723013, 95.79387503396562, 95.79387503396562, 95.57678539541429, 95.57678539541429, 95.57678539541429, 95.57678539541429, 95.57678539541429, 95.57678539541429, 95.57678539541429, 95.57678539541429, 94.52806256314538, 94.50946382973405, 95.12919801878147, 95.3697939842782, 95.3697939842782, 95.3697939842782, 95.3697939842782, 95.3697939842782, 95.3697939842782, 95.3697939842782, 95.3697939842782, 96.04310569168109, 96.03365542053166, 96.34955560283606, 96.06130579976748, 96.06130579976748, 96.06130579976748, 96.06130579976748, 96.06130579976748, 96.06130579976748, 96.06130579976748, 96.06130579976748, 96.2537170282097, 96.2537170282097, 96.67774221335598, 96.59930017970294, 96.59930017970294, 96.59930017970294, 96.59930017970294, 96.59930017970294, 96.59930017970294, 96.59930017970294, 96.59930017970294, 95.39241237136082, 95.4111867095563, 95.4111867095563, 95.5213236074254, 95.5213236074254, 95.5213236074254, 95.5213236074254, 95.5213236074254, 95.5213236074254, 95.5213236074254, 95.5213236074254, 96.58482012532184, 96.58482012532184, 96.47856619779121, 96.42497386515988, 96.42497386515988, 96.42497386515988, 96.42497386515988, 96.42497386515988, 96.42497386515988, 96.42497386515988, 96.42497386515988, 96.37671311747961, 96.38619528130464, 96.28027638539112, 96.56498278251944, 96.56498278251944, 96.56498278251944, 96.56498278251944, 96.56498278251944, 96.56498278251944, 96.56498278251944, 96.56498278251944, 96.8067579021552, 96.8067579021552, 96.8067579021552, 96.48835542646145, 96.48835542646145, 96.48835542646145, 96.48835542646145, 96.48835542646145, 96.48835542646145, 96.48835542646145, 96.48835542646145, 96.24737551780395, 96.2568440249872, 96.36273714272644, 96.34216088351421, 96.34216088351421, 96.34216088351421, 96.34216088351421, 96.34216088351421, 96.34216088351421, 96.34216088351421, 96.34216088351421, 96.53513466595493, 96.52563878412667, 96.41956665359469, 96.43192127282164, 96.43192127282164, 96.43192127282164, 96.43192127282164, 96.43192127282164, 96.43192127282164, 96.43192127282164, 96.43192127282164, 95.90181076107699, 95.91124527271113, 95.8059639935973, 95.89607263400852, 95.89607263400852, 95.89607263400852, 95.89607263400852, 95.89607263400852, 95.89607263400852, 95.89607263400852, 95.89607263400852, 97.10079716458651, 97.11990021340898, 97.22662537847866, 97.19338408598632, 97.19338408598632, 97.19338408598632, 97.19338408598632, 97.19338408598632, 97.19338408598632, 97.19338408598632, 97.19338408598632, 97.7239683167287, 97.69513551726466, 97.91032304043043, 97.91869251711894, 97.91869251711894, 97.91869251711894, 97.91869251711894, 97.91869251711894, 97.91869251711894, 97.91869251711894, 97.91869251711894, 97.87036147441552, 97.88961781705684, 97.9975446283215, 97.97242027384686, 97.97242027384686, 97.97242027384686, 97.97242027384686, 97.97242027384686, 97.97242027384686, 97.97242027384686, 97.97242027384686, 97.4402244106309, 97.43064044049117, 97.43064044049117, 97.33082674814595, 97.33082674814595, 97.33082674814595, 97.33082674814595, 97.33082674814595, 97.33082674814595, 97.33082674814595, 97.33082674814595, 98.3456963418456, 98.3456963418456, 98.12931417167648, 98.1251256231802, 98.1251256231802, 98.1251256231802, 98.1251256231802, 98.1251256231802, 98.1251256231802, 98.1251256231802, 98.1251256231802, 97.35362586398077, 97.36320225841948, 96.3037550085999, 96.40663044658713, 96.40663044658713, 96.40663044658713, 96.40663044658713, 96.40663044658713, 96.40663044658713, 96.40663044658713, 96.40663044658713, 95.26063781126363, 95.25126821966225, 95.45901362472149, 95.42639339880215, 95.42639339880215, 95.42639339880215, 95.42639339880215, 95.42639339880215, 95.42639339880215, 95.42639339880215, 95.42639339880215, 95.6177245133862, 95.6271301522327, 95.41901887877845, 95.30096633835674, 95.30096633835674, 95.30096633835674, 95.30096633835674, 95.30096633835674, 95.30096633835674, 95.30096633835674, 95.30096633835674, 94.53817721308725, 94.51958014862122, 94.31432590291303, 94.3747192812927, 94.3747192812927, 94.3747192812927, 94.3747192812927, 94.3747192812927, 94.3747192812927, 94.3747192812927, 94.3747192812927, 95.4693327676617, 95.45994080182129, 96.82665801594428, 96.8431947407666, 96.8431947407666, 96.8431947407666, 96.8431947407666, 96.8431947407666, 96.8431947407666, 96.8431947407666, 96.8431947407666, 96.4569806042132, 96.4569806042132, 96.24498724024791, 96.28609825098656, 96.28609825098656, 96.28609825098656, 96.28609825098656, 96.28609825098656, 96.28609825098656, 96.28609825098656, 96.28609825098656, 95.7559946069621, 95.77483679401581, 96.09162236224299, 95.75622402939048, 95.75622402939048, 95.75622402939048, 95.75622402939048, 95.75622402939048, 95.75622402939048, 95.75622402939048, 95.75622402939048, 94.55144013370112, 94.56074088523897, 94.76971489824501, 94.68105090812121, 94.68105090812121, 94.68105090812121, 94.68105090812121, 94.68105090812121, 94.68105090812121, 94.68105090812121, 94.68105090812121, 96.03225856634107, 96.00392210763161, 95.68672853238613, 95.67452255459902, 95.67452255459902, 95.67452255459902, 95.67452255459902, 95.67452255459902, 95.67452255459902, 95.67452255459902, 95.67452255459902, 94.37642601742607, 94.36714065477186, 94.57545663855723, 94.78099412901474, 94.78099412901474, 94.78099412901474, 94.78099412901474, 94.78099412901474, 94.78099412901474, 94.78099412901474, 94.78099412901474, 96.22950652018665, 96.24844374473062, 96.14232638668791, 96.17511289127438, 96.17511289127438, 96.17511289127438, 96.17511289127438, 96.17511289127438, 96.17511289127438, 96.17511289127438, 96.17511289127438, 96.07859998320487, 96.07859998320487, 95.6567400491403, 95.37215626727792, 95.37215626727792, 95.37215626727792, 95.37215626727792, 95.37215626727792, 95.37215626727792, 95.37215626727792, 95.37215626727792, 95.08474645431777, 95.07539232284168, 95.38951806840174, 95.34899403676556, 95.34899403676556, 95.34899403676556, 95.34899403676556, 95.34899403676556, 95.34899403676556, 95.34899403676556, 95.34899403676556, 95.01275073285757, 95.01275073285757, 95.11750569507683, 95.0327235380481, 95.0327235380481, 95.0327235380481, 95.0327235380481, 95.0327235380481, 95.0327235380481, 95.0327235380481, 95.0327235380481, 95.41708237945578, 95.40769463030391, 95.40769463030391, 95.53339646776149, 95.53339646776149, 95.53339646776149, 95.53339646776149, 95.53339646776149, 95.53339646776149, 95.53339646776149, 95.53339646776149, 96.15874095622115, 96.17766425464805, 95.96605223208559, 95.93751032328099, 95.93751032328099, 95.93751032328099, 95.93751032328099, 95.93751032328099, 95.93751032328099, 95.93751032328099, 95.93751032328099, 97.08933636017882, 97.09888769676122, 97.09888769676122, 96.98350962616584, 96.98350962616584, 96.98350962616584, 96.98350962616584, 96.98350962616584, 96.98350962616584, 96.98350962616584, 96.98350962616584, 96.36028390933927, 96.35080522707395, 95.0954201426821, 95.14791220084756, 95.14791220084756, 95.14791220084756, 95.14791220084756, 95.14791220084756, 95.14791220084756, 95.14791220084756, 95.14791220084756, 94.43785315457257, 94.41927217018406, 94.21468003113708, 94.05094648242242, 94.05094648242242, 94.05094648242242, 94.05094648242242, 94.05094648242242, 94.05094648242242, 94.05094648242242, 94.05094648242242, 93.95665981928214, 93.96590479220541, 94.58073077775965, 94.83800580197659, 94.83800580197659, 94.83800580197659, 94.83800580197659, 94.83800580197659, 94.83800580197659, 94.83800580197659, 94.83800580197659, 94.55249248797166, 94.58040054360566, 94.47737178484358, 94.40113829166347, 94.40113829166347, 94.40113829166347, 94.40113829166347, 94.40113829166347, 94.40113829166347, 94.40113829166347, 94.40113829166347, 94.35362891154686, 94.32578776993827, 95.25970646072973, 95.35689784597217, 95.35689784597217, 95.35689784597217, 95.35689784597217, 95.35689784597217, 95.35689784597217, 95.35689784597217, 95.35689784597217, 96.0771161076487, 96.0865687951839, 95.6655980666179, 95.69814430453127, 95.69814430453127, 95.69814430453127, 95.69814430453127, 95.69814430453127, 95.69814430453127, 95.69814430453127, 95.69814430453127, 96.0329204215386, 96.05181524110014, 95.01116718865052, 95.03945875621564, 95.03945875621564, 95.03945875621564, 95.03945875621564, 95.03945875621564, 95.03945875621564, 95.03945875621564, 95.03945875621564, 94.99212834846853, 94.97344198506764, 96.11895499146648, 96.02092444073578, 96.02092444073578, 96.02092444073578, 96.02092444073578, 96.02092444073578, 96.02092444073578, 96.02092444073578, 96.02092444073578, 96.30798251081272, 96.30798251081272, 96.62583063791111, 96.65869097820625, 96.65869097820625, 96.65869097820625, 96.65869097820625, 96.65869097820625, 96.65869097820625, 96.65869097820625, 96.65869097820625, 96.85075991209241, 96.85075991209241, 96.95742374459472, 97.13911568006161, 97.13911568006161, 97.13911568006161, 97.13911568006161, 97.13911568006161, 97.13911568006161, 97.13911568006161, 97.13911568006161, 96.56119332599083, 96.58019208513022, 96.9003474180091, 97.0325894479211, 97.0325894479211, 97.0325894479211, 97.0325894479211, 97.0325894479211, 97.0325894479211, 97.0325894479211, 97.0325894479211, 97.51654251249924, 97.50695103590708, 97.0778775439999, 96.83834223822467, 96.83834223822467, 96.83834223822467, 96.83834223822467, 96.83834223822467, 96.83834223822467, 96.83834223822467, 96.83834223822467, 95.7810501641597, 95.77162845944162, 95.8771038211811, 96.29495823024624, 96.29495823024624, 96.29495823024624, 96.29495823024624, 96.29495823024624, 96.29495823024624, 96.29495823024624, 96.29495823024624, 96.29495823024624, 96.28548504202878, 96.17956041601995, 96.15490952484113, 96.15490952484113, 96.15490952484113, 96.15490952484113, 96.15490952484113, 96.15490952484113, 96.15490952484113, 96.15490952484113, 95.72069267299788, 95.73952791358681, 95.84496792230223, 95.73046757663177, 95.73046757663177, 95.73046757663177, 95.73046757663177, 95.73046757663177, 95.73046757663177, 95.73046757663177, 95.73046757663177, 95.82697006410822, 95.82697006410822, 96.14462852840911, 95.99718000548917, 95.99718000548917, 95.99718000548917, 95.99718000548917, 95.99718000548917, 95.99718000548917, 95.99718000548917, 95.99718000548917, 97.01225592699736, 96.97408466753366, 96.33539695292862, 96.59463961697692, 96.59463961697692, 96.59463961697692, 96.59463961697692, 96.59463961697692, 96.59463961697692, 96.59463961697692, 96.59463961697692, 97.22031491095834, 97.26815013773995, 97.80495008331246, 97.77989009695641, 97.77989009695641, 97.77989009695641, 97.77989009695641, 97.77989009695641, 97.77989009695641, 97.77989009695641, 97.77989009695641, 97.87670186932964, 97.85744806744721, 97.9655778443173, 98.01161823380234, 98.01161823380234, 98.01161823380234, 98.01161823380234, 98.01161823380234, 98.01161823380234, 98.01161823380234, 98.01161823380234, 97.62383735058256, 97.62383735058256, 97.30129163246394, 97.16015494664893, 97.16015494664893, 97.16015494664893, 97.16015494664893, 97.16015494664893, 97.16015494664893, 97.16015494664893, 97.16015494664893, 97.6425787547256, 97.6425787547256, 97.53516117633757, 97.61011775140264, 97.61011775140264, 97.61011775140264, 97.61011775140264, 97.61011775140264, 97.61011775140264, 97.61011775140264, 97.61011775140264, 97.465438723115, 97.50379206840692, 96.44281500563862, 96.53348773769522, 96.53348773769522, 96.53348773769522, 96.53348773769522, 96.53348773769522, 96.53348773769522, 96.53348773769522, 96.53348773769522]
Discharging samples: []
====================================

====================================
TIME: 2026-08-14 17:43:48
FINISH CYCLE - DUT 2
Charging samples: []
Discharging samples: [56.97106282419171, 56.97106282419171, 56.97106282419171, 56.97106282419171, 56.97106282419171, 56.88967559158572, 60.20363727653246, 60.20363727653246, 60.20363727653246, 60.20363727653246, 60.20363727653246, 60.20363727653246, 60.20363727653246, 60.20363727653246, 60.20363727653246, 60.20363727653246, 60.11750904008536, 55.784715595754875, 55.779168189669385, 55.779168189669385, 55.779168189669385, 55.779168189669385, 55.779168189669385, 55.779168189669385, 55.779168189669385, 55.779168189669385, 55.779168189669385, 55.93899388648791, 59.13550782285865, 59.141389027018064, 59.141389027018064, 59.141389027018064, 59.141389027018064, 59.141389027018064, 59.141389027018064, 59.141389027018064, 59.141389027018064, 59.141389027018064, 58.930169780493, 57.293220619923744, 57.293220619923744, 57.293220619923744, 57.293220619923744, 57.293220619923744, 57.293220619923744, 57.293220619923744, 57.293220619923744, 57.293220619923744, 57.293220619923744, 57.498572665156445, 55.94455718771979, 55.93343169161007, 55.93343169161007, 55.93343169161007, 55.93343169161007, 55.93343169161007, 55.93343169161007, 55.93343169161007, 55.93343169161007, 55.93343169161007, 55.7736218867769, 57.3228891614096, 57.334291028970284, 57.334291028970284, 57.334291028970284, 57.334291028970284, 57.334291028970284, 57.334291028970284, 57.334291028970284, 57.334291028970284, 57.334291028970284, 57.37536143801684, 60.75038269907665, 60.75038269907665, 60.75038269907665, 60.75038269907665, 60.75038269907665, 60.75038269907665, 60.75038269907665, 60.75038269907665, 60.75038269907665, 60.75038269907665, 60.79386901453769, 60.20363727653246, 60.20363727653246, 60.20363727653246, 60.20363727653246, 60.20363727653246, 60.20363727653246, 60.20363727653246, 60.20363727653246, 60.20363727653246, 60.20363727653246, 60.07444492186179, 61.26403789061155, 61.25794560362957, 61.25794560362957, 61.25794560362957, 61.25794560362957, 61.25794560362957, 61.25794560362957, 61.25794560362957, 61.25794560362957, 61.25794560362957, 61.21403309782052, 59.44824368153723, 59.45415598821864, 59.45415598821864, 59.45415598821864, 59.45415598821864, 59.45415598821864, 59.45415598821864, 59.45415598821864, 59.45415598821864, 59.45415598821864, 59.53945606854607, 60.70689638361561, 60.70689638361561, 60.70689638361561, 60.70689638361561, 60.70689638361561, 60.70689638361561, 60.70689638361561, 60.70689638361561, 60.70689638361561, 60.70689638361561, 60.88084164545978, 58.035942503148576, 58.03017122803886, 58.03017122803886, 58.03017122803886, 58.03017122803886, 58.03017122803886, 58.03017122803886, 58.03017122803886, 58.03017122803886, 58.03017122803886, 57.86437073881589, 56.286251536848184, 56.2918493738981, 56.2918493738981, 56.2918493738981, 56.2918493738981, 56.2918493738981, 56.2918493738981, 56.2918493738981, 56.2918493738981, 56.2918493738981, 56.372496722571306, 59.05690132840804, 59.05690132840804, 59.05690132840804, 59.05690132840804, 59.05690132840804, 59.05690132840804, 59.05690132840804, 59.05690132840804, 59.05690132840804, 59.05690132840804, 59.05690132840804, 61.39578850973113, 61.39578850973113, 61.39578850973113, 61.39578850973113, 61.39578850973113, 61.39578850973113, 61.39578850973113, 61.39578850973113, 61.39578850973113, 61.39578850973113, 61.439705382771, 55.904596789728565, 55.89903746228329, 55.89903746228329, 55.89903746228329, 55.89903746228329, 55.89903746228329, 55.89903746228329, 55.89903746228329, 55.89903746228329, 55.89903746228329, 55.89903746228329, 61.43359562686579, 61.43359562686579, 61.43359562686579, 61.43359562686579, 61.43359562686579, 61.43359562686579, 61.43359562686579, 61.43359562686579, 61.43359562686579, 61.43359562686579, 61.301858109438626, 61.91487669053301, 61.92103431128791, 61.92103431128791, 61.92103431128791, 61.92103431128791, 61.92103431128791, 61.92103431128791, 61.92103431128791, 61.92103431128791, 61.92103431128791, 62.00974639482845, 62.63610746952368, 62.629878739663944, 62.629878739663944, 62.629878739663944, 62.629878739663944, 62.629878739663944, 62.629878739663944, 62.629878739663944, 62.629878739663944, 62.629878739663944, 62.719477993941, 55.43953858392998, 55.445052212829424, 55.445052212829424, 55.445052212829424, 55.445052212829424, 55.445052212829424, 55.445052212829424, 55.445052212829424, 55.445052212829424, 55.445052212829424, 55.36584499538253, 56.372496722571306, 56.372496722571306, 56.372496722571306, 56.372496722571306, 56.372496722571306, 56.372496722571306, 56.372496722571306, 56.372496722571306, 56.372496722571306, 56.372496722571306, 56.41282039690792, 61.439705382771, 61.43359562686579, 61.43359562686579, 61.43359562686579, 61.43359562686579, 61.43359562686579, 61.43359562686579, 61.43359562686579, 61.43359562686579, 61.43359562686579, 61.301858109438626, 57.86437073881589, 57.86437073881589, 57.86437073881589, 57.86437073881589, 57.86437073881589, 57.86437073881589, 57.86437073881589, 57.86437073881589, 57.86437073881589, 57.86437073881589, 57.86437073881589, 56.80263916562661, 56.80263916562661, 56.80263916562661, 56.80263916562661, 56.80263916562661, 56.80263916562661, 56.80263916562661, 56.80263916562661, 56.80263916562661, 56.80263916562661, 56.80263916562661, 59.53353527935866, 59.53353527935866, 59.53353527935866, 59.53353527935866, 59.53353527935866, 59.53353527935866, 59.53353527935866, 59.53353527935866, 59.53353527935866, 59.53353527935866, 59.70411847500152, 57.49285482777924, 57.498572665156445, 57.498572665156445, 57.498572665156445, 57.498572665156445, 57.498572665156445, 57.498572665156445, 57.498572665156445, 57.498572665156445, 57.498572665156445, 57.416431847063365, 58.49976074983816, 58.49976074983816, 58.49976074983816, 58.49976074983816, 58.49976074983816, 58.49976074983816, 58.49976074983816, 58.49976074983816, 58.49976074983816, 58.49976074983816, 58.54160607226293, 56.93036920788872, 56.93036920788872, 56.93036920788872, 56.93036920788872, 56.93036920788872, 56.93036920788872, 56.93036920788872, 56.93036920788872, 56.93036920788872, 56.93036920788872, 56.84898197528273, 60.160573158308914, 60.15459060330113, 60.15459060330113, 60.15459060330113, 60.15459060330113, 60.15459060330113, 60.15459060330113, 60.15459060330113, 60.15459060330113, 60.15459060330113, 60.15459060330113, 55.32073957267871, 55.32624138665908, 55.32624138665908, 55.32624138665908, 55.32624138665908, 55.32624138665908, 55.32624138665908, 55.32624138665908, 55.32624138665908, 55.32624138665908, 55.40544860410599, 61.439705382771, 61.439705382771, 61.439705382771, 61.439705382771, 61.439705382771, 61.439705382771, 61.439705382771, 61.439705382771, 61.439705382771, 61.439705382771, 61.39578850973113, 56.88967559158572, 56.88967559158572, 56.88967559158572, 56.88967559158572, 56.88967559158572, 56.88967559158572, 56.88967559158572, 56.88967559158572, 56.88967559158572, 56.88967559158572, 56.97106282419171, 57.498572665156445, 57.49285482777924, 57.49285482777924, 57.49285482777924, 57.49285482777924, 57.49285482777924, 57.49285482777924, 57.49285482777924, 57.49285482777924, 57.49285482777924, 57.369655853148295, 60.15459060330113, 60.15459060330113, 60.15459060330113, 60.15459060330113, 60.15459060330113, 60.15459060330113, 60.15459060330113, 60.15459060330113, 60.15459060330113, 60.15459060330113, 60.11153076750778, 55.779168189669385, 55.784715595754875, 55.784715595754875, 55.784715595754875, 55.784715595754875, 55.784715595754875, 55.784715595754875, 55.784715595754875, 55.784715595754875, 55.784715595754875, 55.704794799772415, 63.744662090461226, 63.744662090461226, 63.744662090461226, 63.744662090461226, 63.744662090461226, 63.744662090461226, 63.744662090461226, 63.744662090461226, 63.744662090461226, 63.744662090461226, 63.927573602915935, 59.05690132840804, 59.05690132840804, 59.05690132840804, 59.05690132840804, 59.05690132840804, 59.05690132840804, 59.05690132840804, 59.05690132840804, 59.05690132840804, 59.05690132840804, 59.099145177713055, 58.54160607226293, 58.54160607226293, 58.54160607226293, 58.54160607226293, 58.54160607226293, 58.54160607226293, 58.54160607226293, 58.54160607226293, 58.54160607226293, 58.54160607226293, 58.49976074983816, 59.6247561488735, 59.6188268771801, 59.6188268771801, 59.6188268771801, 59.6188268771801, 59.6188268771801, 59.6188268771801, 59.6188268771801, 59.6188268771801, 59.6188268771801, 59.66147267609081, 57.98872110573312, 57.98872110573312, 57.98872110573312, 57.98872110573312, 57.98872110573312, 57.98872110573312, 57.98872110573312, 57.98872110573312, 57.98872110573312, 57.98872110573312, 57.90582086112164, 59.00878887752397, 59.00878887752397, 59.00878887752397, 59.00878887752397, 59.00878887752397, 59.00878887752397, 59.00878887752397, 59.00878887752397, 59.00878887752397, 59.00878887752397, 59.05102852596885, 60.19765043909446, 60.19765043909446, 60.19765043909446, 60.19765043909446, 60.19765043909446, 60.19765043909446, 60.19765043909446, 60.19765043909446, 60.19765043909446, 60.19765043909446, 60.24071027488781, 55.89903746228329, 55.904596789728565, 55.904596789728565, 55.904596789728565, 55.904596789728565, 55.904596789728565, 55.904596789728565, 55.904596789728565, 55.904596789728565, 55.904596789728565, 55.74475519776365, 61.26403789061155, 61.25794560362957, 61.25794560362957, 61.25794560362957, 61.25794560362957, 61.25794560362957, 61.25794560362957, 61.25794560362957, 61.25794560362957, 61.25794560362957, 61.34577061524769, 60.15459060330113, 60.160573158308914, 60.160573158308914, 60.160573158308914, 60.160573158308914, 60.160573158308914, 60.160573158308914, 60.160573158308914, 60.160573158308914, 60.160573158308914, 60.11750904008536, 57.87012552456815, 57.87012552456815, 57.87012552456815, 57.87012552456815, 57.87012552456815, 57.87012552456815, 57.87012552456815, 57.87012552456815, 57.87012552456815, 57.87012552456815, 57.87012552456815, 58.97241362979801, 58.97241362979801, 58.97241362979801, 58.97241362979801, 58.97241362979801, 58.97241362979801, 58.97241362979801, 58.97241362979801, 58.97241362979801, 58.97241362979801, 59.01465747910303, 56.332173048234715, 56.332173048234715, 56.332173048234715, 56.332173048234715, 56.332173048234715, 56.332173048234715, 56.332173048234715, 56.332173048234715, 56.332173048234715, 56.332173048234715, 56.41282039690792, 57.99448825850347, 57.99448825850347, 57.99448825850347, 57.99448825850347, 57.99448825850347, 57.99448825850347, 57.99448825850347, 57.99448825850347, 57.99448825850347, 57.99448825850347, 57.87012552456815, 55.784715595754875, 55.784715595754875, 55.784715595754875, 55.784715595754875, 55.784715595754875, 55.784715595754875, 55.784715595754875, 55.784715595754875, 55.784715595754875, 55.784715595754875, 55.784715595754875, 58.416070104988606, 58.41026102880473, 58.41026102880473, 58.41026102880473, 58.41026102880473, 58.41026102880473, 58.41026102880473, 58.41026102880473, 58.41026102880473, 58.41026102880473, 58.53578451239099, 58.53578451239099, 58.54160607226293, 58.54160607226293, 58.54160607226293, 58.54160607226293, 58.54160607226293, 58.54160607226293, 58.54160607226293, 58.54160607226293, 58.54160607226293, 58.54160607226293, 58.54160607226293, 58.54160607226293, 58.54160607226293, 58.54160607226293, 58.54160607226293, 58.54160607226293, 58.54160607226293, 58.54160607226293, 58.54160607226293, 58.54160607226293, 58.49976074983816, 54.39451438142847, 54.39451438142847, 54.39451438142847, 54.39451438142847, 54.39451438142847, 54.39451438142847, 54.39451438142847, 54.39451438142847, 54.39451438142847, 54.39451438142847, 54.316696764287656, 57.87012552456815, 57.87012552456815, 57.87012552456815, 57.87012552456815, 57.87012552456815, 57.87012552456815, 57.87012552456815, 57.87012552456815, 57.87012552456815, 57.87012552456815, 57.99448825850347, 56.93036920788872, 56.93036920788872, 56.93036920788872, 56.93036920788872, 56.93036920788872, 56.93036920788872, 56.93036920788872, 56.93036920788872, 56.93036920788872, 56.93036920788872, 56.88967559158572, 59.05690132840804, 59.05690132840804, 59.05690132840804, 59.05690132840804, 59.05690132840804, 59.05690132840804, 59.05690132840804, 59.05690132840804, 59.05690132840804, 59.05690132840804, 58.930169780493, 61.87667826951765, 61.87667826951765, 61.87667826951765, 61.87667826951765, 61.87667826951765, 61.87667826951765, 61.87667826951765, 61.87667826951765, 61.87667826951765, 61.87667826951765, 61.87667826951765, 62.501695221735, 62.495479858248345, 62.495479858248345, 62.495479858248345, 62.495479858248345, 62.495479858248345, 62.495479858248345, 62.495479858248345, 62.495479858248345, 62.495479858248345, 62.629878739663944, 59.6188268771801, 59.6247561488735, 59.6247561488735, 59.6247561488735, 59.6247561488735, 59.6247561488735, 59.6247561488735, 59.6247561488735, 59.6247561488735, 59.6247561488735, 59.66740618903722, 56.93036920788872, 56.93036920788872, 56.93036920788872, 56.93036920788872, 56.93036920788872, 56.93036920788872, 56.93036920788872, 56.93036920788872, 56.93036920788872, 56.93036920788872, 56.93036920788872, 59.66740618903722, 59.66740618903722, 59.66740618903722, 59.66740618903722, 59.66740618903722, 59.66740618903722, 59.66740618903722, 59.66740618903722, 59.66740618903722, 59.66740618903722, 59.53945606854607, 58.416070104988606, 58.41026102880473, 58.41026102880473, 58.41026102880473, 58.41026102880473, 58.41026102880473, 58.41026102880473, 58.41026102880473, 58.41026102880473, 58.41026102880473, 58.36841986760931, 53.800456573622505, 53.800456573622505, 53.800456573622505, 53.800456573622505, 53.800456573622505, 53.800456573622505, 53.800456573622505, 53.800456573622505, 53.800456573622505, 53.800456573622505, 53.83902320915915, 61.301858109438626, 61.301858109438626, 61.301858109438626, 61.301858109438626, 61.301858109438626, 61.301858109438626, 61.301858109438626, 61.301858109438626, 61.301858109438626, 61.301858109438626, 61.301858109438626, 61.301858109438626, 61.301858109438626, 61.301858109438626, 61.301858109438626, 61.301858109438626, 61.301858109438626, 61.301858109438626, 61.301858109438626, 61.301858109438626, 61.301858109438626, 61.389683121056734, 55.85908103807864, 55.85908103807864, 55.85908103807864, 55.85908103807864, 55.85908103807864, 55.85908103807864, 55.85908103807864, 55.85908103807864, 55.85908103807864, 55.85908103807864, 55.93899388648791, 59.13550782285865, 59.13550782285865, 59.13550782285865, 59.13550782285865, 59.13550782285865, 59.13550782285865, 59.13550782285865, 59.13550782285865, 59.13550782285865, 59.13550782285865, 59.00878887752397, 60.15459060330113, 60.160573158308914, 60.160573158308914, 60.160573158308914, 60.160573158308914, 60.160573158308914, 60.160573158308914, 60.160573158308914, 60.160573158308914, 60.160573158308914, 60.160573158308914, 60.160573158308914, 60.15459060330113, 60.15459060330113, 60.15459060330113, 60.15459060330113, 60.15459060330113, 60.15459060330113, 60.15459060330113, 60.15459060330113, 60.15459060330113, 60.11153076750778, 57.86437073881589, 57.86437073881589, 57.86437073881589, 57.86437073881589, 57.86437073881589, 57.86437073881589, 57.86437073881589, 57.86437073881589, 57.86437073881589, 57.86437073881589, 57.86437073881589, 59.53353527935866, 59.53945606854607, 59.53945606854607, 59.53945606854607, 59.53945606854607, 59.53945606854607, 59.53945606854607, 59.53945606854607, 59.53945606854607, 59.53945606854607, 59.53945606854607, 58.97241362979801, 58.97241362979801, 58.97241362979801, 58.97241362979801, 58.97241362979801, 58.97241362979801, 58.97241362979801, 58.97241362979801, 58.97241362979801, 58.97241362979801, 59.05690132840804, 60.79386901453769, 60.79386901453769, 60.79386901453769, 60.79386901453769, 60.79386901453769, 60.79386901453769, 60.79386901453769, 60.79386901453769, 60.79386901453769, 60.79386901453769, 60.79386901453769, 59.6247561488735, 59.6188268771801, 59.6188268771801, 59.6188268771801, 59.6188268771801, 59.6188268771801, 59.6188268771801, 59.6188268771801, 59.6188268771801, 59.6188268771801, 59.576181078269386, 54.831175505663865, 54.831175505663865, 54.831175505663865, 54.831175505663865, 54.831175505663865, 54.831175505663865, 54.831175505663865, 54.831175505663865, 54.831175505663865, 54.831175505663865, 54.87042473651974, 58.49394335119557, 58.49394335119557, 58.49394335119557, 58.49394335119557, 58.49394335119557, 58.49394335119557, 58.49394335119557, 58.49394335119557, 58.49394335119557, 58.49394335119557, 58.41026102880473, 58.96654922907906, 58.97241362979801, 58.97241362979801, 58.97241362979801, 58.97241362979801, 58.97241362979801, 58.97241362979801, 58.97241362979801, 58.97241362979801, 58.97241362979801, 59.05690132840804, 55.864636391737335, 55.864636391737335, 55.864636391737335, 55.864636391737335, 55.864636391737335, 55.864636391737335, 55.864636391737335, 55.864636391737335, 55.864636391737335, 55.864636391737335, 55.904596789728565, 57.45750225610992, 57.45750225610992, 57.45750225610992, 57.45750225610992, 57.45750225610992, 57.45750225610992, 57.45750225610992, 57.45750225610992, 57.45750225610992, 57.45750225610992, 57.498572665156445, 54.95438803395485, 54.948923198231505, 54.948923198231505, 54.948923198231505, 54.948923198231505, 54.948923198231505, 54.948923198231505, 54.948923198231505, 54.948923198231505, 54.948923198231505, 54.909673967375625, 55.39993891351289, 55.40544860410599, 55.40544860410599, 55.40544860410599, 55.40544860410599, 55.40544860410599, 55.40544860410599, 55.40544860410599, 55.40544860410599, 55.40544860410599, 55.247034169212185, 60.66341006815457, 60.66341006815457, 60.66341006815457, 60.66341006815457, 60.66341006815457, 60.66341006815457, 60.66341006815457, 60.66341006815457, 60.66341006815457, 60.66341006815457, 60.75038269907665, 57.37536143801684, 57.369655853148295, 57.369655853148295, 57.369655853148295, 57.369655853148295, 57.369655853148295, 57.369655853148295, 57.369655853148295, 57.369655853148295, 57.369655853148295, 57.28752320339432, 55.73921176546474, 55.74475519776365, 55.74475519776365, 55.74475519776365, 55.74475519776365, 55.74475519776365, 55.74475519776365, 55.74475519776365, 55.74475519776365, 55.74475519776365, 55.784715595754875, 58.97241362979801, 58.97241362979801, 58.97241362979801, 58.97241362979801, 58.97241362979801, 58.97241362979801, 58.97241362979801, 58.97241362979801, 58.97241362979801, 58.97241362979801, 59.141389027018064, 57.498572665156445, 57.498572665156445, 57.498572665156445, 57.498572665156445, 57.498572665156445, 57.498572665156445, 57.498572665156445, 57.498572665156445, 57.498572665156445, 57.498572665156445, 57.498572665156445, 60.28976551297958, 60.283770110681154, 60.283770110681154, 60.283770110681154, 60.283770110681154, 60.283770110681154, 60.283770110681154, 60.283770110681154, 60.283770110681154, 60.283770110681154, 60.15459060330113, 60.15459060330113, 60.160573158308914, 60.160573158308914, 60.160573158308914, 60.160573158308914, 60.160573158308914, 60.160573158308914, 60.160573158308914, 60.160573158308914, 60.160573158308914, 60.24670139475603, 57.45750225610992, 57.45750225610992, 57.45750225610992, 57.45750225610992, 57.45750225610992, 57.45750225610992, 57.45750225610992, 57.45750225610992, 57.45750225610992, 57.45750225610992, 57.293220619923744, 59.49680602838235, 59.49680602838235, 59.49680602838235, 59.49680602838235, 59.49680602838235, 59.49680602838235, 59.49680602838235, 59.49680602838235, 59.49680602838235, 59.49680602838235, 59.53945606854607, 57.334291028970284, 57.3285895282713, 57.3285895282713, 57.3285895282713, 57.3285895282713, 57.3285895282713, 57.3285895282713, 57.3285895282713, 57.3285895282713, 57.3285895282713, 57.49285482777924, 59.70411847500152, 59.71005622920092, 59.71005622920092, 59.71005622920092, 59.71005622920092, 59.71005622920092, 59.71005622920092, 59.71005622920092, 59.71005622920092, 59.71005622920092, 59.71005622920092, 56.45314407124451, 56.44753019454689, 56.44753019454689, 56.44753019454689, 56.44753019454689, 56.44753019454689, 56.44753019454689, 56.44753019454689, 56.44753019454689, 56.44753019454689, 56.36689086569754, 59.6188268771801, 59.6247561488735, 59.6247561488735, 59.6247561488735, 59.6247561488735, 59.6247561488735, 59.6247561488735, 59.6247561488735, 59.6247561488735, 59.6247561488735, 59.53945606854607, 61.30795476365141, 61.301858109438626, 61.301858109438626, 61.301858109438626, 61.301858109438626, 61.301858109438626, 61.301858109438626, 61.301858109438626, 61.301858109438626, 61.301858109438626, 61.34577061524769, 59.00878887752397, 59.01465747910303, 59.01465747910303, 59.01465747910303, 59.01465747910303, 59.01465747910303, 59.01465747910303, 59.01465747910303, 59.01465747910303, 59.01465747910303, 58.930169780493, 60.07444492186179, 60.06847093171444, 60.06847093171444, 60.06847093171444, 60.06847093171444, 60.06847093171444, 60.06847093171444, 60.06847093171444, 60.06847093171444, 60.06847093171444, 60.11153076750778, 55.779168189669385, 55.784715595754875, 55.784715595754875, 55.784715595754875, 55.784715595754875, 55.784715595754875, 55.784715595754875, 55.784715595754875, 55.784715595754875, 55.784715595754875, 55.904596789728565, 55.904596789728565, 55.89903746228329, 55.89903746228329, 55.89903746228329, 55.89903746228329, 55.89903746228329, 55.89903746228329, 55.89903746228329, 55.89903746228329, 55.89903746228329, 55.73921176546474, 59.49088948044795, 59.49680602838235, 59.49680602838235, 59.49680602838235, 59.49680602838235, 59.49680602838235, 59.49680602838235, 59.49680602838235, 59.49680602838235, 59.49680602838235, 59.53945606854607, 61.30795476365141, 61.30795476365141, 61.30795476365141, 61.30795476365141, 61.30795476365141, 61.30795476365141, 61.30795476365141, 61.30795476365141, 61.30795476365141, 61.30795476365141, 61.26403789061155, 55.247034169212185, 55.247034169212185, 55.247034169212185, 55.247034169212185, 55.247034169212185, 55.247034169212185, 55.247034169212185, 55.247034169212185, 55.247034169212185, 55.247034169212185, 55.36584499538253, 56.88967559158572, 56.88401830483238, 56.88401830483238, 56.88401830483238, 56.88401830483238, 56.88401830483238, 56.88401830483238, 56.88401830483238, 56.88401830483238, 56.88401830483238, 57.006087013641036, 54.50582003935855, 54.50582003935855, 54.50582003935855, 54.50582003935855, 54.50582003935855, 54.50582003935855, 54.50582003935855, 54.50582003935855, 54.50582003935855, 54.50582003935855, 54.38910522128712, 58.49394335119557, 58.49394335119557, 58.49394335119557, 58.49394335119557, 58.49394335119557, 58.49394335119557, 58.49394335119557, 58.49394335119557, 58.49394335119557, 58.49394335119557, 58.53578451239099, 59.09326817441376, 59.09326817441376, 59.09326817441376, 59.09326817441376, 59.09326817441376, 59.09326817441376, 59.09326817441376, 59.09326817441376, 59.09326817441376, 59.09326817441376, 58.96654922907906, 59.53353527935866, 59.53353527935866, 59.53353527935866, 59.53353527935866, 59.53353527935866, 59.53353527935866, 59.53353527935866, 59.53353527935866, 59.53353527935866, 59.53353527935866, 59.6188268771801, 58.49394335119557, 58.49976074983816, 58.49976074983816, 58.49976074983816, 58.49976074983816, 58.49976074983816, 58.49976074983816, 58.49976074983816, 58.49976074983816, 58.49976074983816, 58.45791542741339, 60.160573158308914, 60.15459060330113, 60.15459060330113, 60.15459060330113, 60.15459060330113, 60.15459060330113, 60.15459060330113, 60.15459060330113, 60.15459060330113, 60.15459060330113, 60.11153076750778, 58.96654922907906, 58.97241362979801, 58.97241362979801, 58.97241362979801, 58.97241362979801, 58.97241362979801, 58.97241362979801, 58.97241362979801, 58.97241362979801, 58.97241362979801, 59.05690132840804, 58.49976074983816, 58.49976074983816, 58.49976074983816, 58.49976074983816, 58.49976074983816, 58.49976074983816, 58.49976074983816, 58.49976074983816, 58.49976074983816, 58.49976074983816, 58.5834513946877, 56.97106282419171, 56.965397444038146, 56.965397444038146, 56.965397444038146, 56.965397444038146, 56.965397444038146, 56.965397444038146, 56.965397444038146, 56.965397444038146, 56.965397444038146, 56.88401830483238, 57.410722178025274, 57.416431847063365, 57.416431847063365, 57.416431847063365, 57.416431847063365, 57.416431847063365, 57.416431847063365, 57.416431847063365, 57.416431847063365, 57.416431847063365, 57.37536143801684, 59.01465747910303, 59.00878887752397, 59.00878887752397, 59.00878887752397, 59.00878887752397, 59.00878887752397, 59.00878887752397, 59.00878887752397, 59.00878887752397, 59.00878887752397, 59.05102852596885, 56.88401830483238, 56.88967559158572, 56.88967559158572, 56.88967559158572, 56.88967559158572, 56.88967559158572, 56.88967559158572, 56.88967559158572, 56.88967559158572, 56.88967559158572, 56.97106282419171, 56.97106282419171, 56.965397444038146, 56.965397444038146, 56.965397444038146, 56.965397444038146, 56.965397444038146, 56.965397444038146, 56.965397444038146, 56.965397444038146, 56.965397444038146, 56.88401830483238, 54.38910522128712, 54.39451438142847, 54.39451438142847, 54.39451438142847, 54.39451438142847, 54.39451438142847, 54.39451438142847, 54.39451438142847, 54.39451438142847, 54.39451438142847, 54.39451438142847, 59.6247561488735, 59.6247561488735, 59.6247561488735, 59.6247561488735, 59.6247561488735, 59.6247561488735, 59.6247561488735, 59.6247561488735, 59.6247561488735, 59.6247561488735, 59.49680602838235, 60.66341006815457, 60.66341006815457, 60.66341006815457, 60.66341006815457, 60.66341006815457, 60.66341006815457, 60.66341006815457, 60.66341006815457, 60.66341006815457, 60.66341006815457, 60.75038269907665, 64.54728161776895, 64.54728161776895, 64.54728161776895, 64.54728161776895, 64.54728161776895, 64.54728161776895, 64.54728161776895, 64.54728161776895, 64.54728161776895, 64.54728161776895, 64.5010774075916, 57.87012552456815, 57.87012552456815, 57.87012552456815, 57.87012552456815, 57.87012552456815, 57.87012552456815, 57.87012552456815, 57.87012552456815, 57.87012552456815, 57.87012552456815, 57.91157976921326, 56.84898197528273, 56.84898197528273, 56.84898197528273, 56.84898197528273, 56.84898197528273, 56.84898197528273, 56.84898197528273, 56.84898197528273, 56.84898197528273, 56.84898197528273, 56.76759474267674, 58.37422478256382, 58.36841986760931, 58.36841986760931, 58.36841986760931, 58.36841986760931, 58.36841986760931, 58.36841986760931, 58.36841986760931, 58.36841986760931, 58.36841986760931, 58.49394335119557, 58.49394335119557, 58.49976074983816, 58.49976074983816, 58.49976074983816, 58.49976074983816, 58.49976074983816, 58.49976074983816, 58.49976074983816, 58.49976074983816, 58.49976074983816, 58.5834513946877, 59.71005622920092, 59.71005622920092, 59.71005622920092, 59.71005622920092, 59.71005622920092, 59.71005622920092, 59.71005622920092, 59.71005622920092, 59.71005622920092, 59.71005622920092, 59.71005622920092, 58.5834513946877, 58.5834513946877, 58.5834513946877, 58.5834513946877, 58.5834513946877, 58.5834513946877, 58.5834513946877, 58.5834513946877, 58.5834513946877, 58.5834513946877, 58.54160607226293, 57.45750225610992, 57.45750225610992, 57.45750225610992, 57.45750225610992, 57.45750225610992, 57.45750225610992, 57.45750225610992, 57.45750225610992, 57.45750225610992, 57.45750225610992, 57.416431847063365, 57.416431847063365, 57.416431847063365, 57.416431847063365, 57.416431847063365, 57.416431847063365, 57.416431847063365, 57.416431847063365, 57.416431847063365, 57.416431847063365, 57.416431847063365, 57.334291028970284, 60.11750904008536, 60.11153076750778, 60.11153076750778, 60.11153076750778, 60.11153076750778, 60.11153076750778, 60.11153076750778, 60.11153076750778, 60.11153076750778, 60.11153076750778, 60.15459060330113, 57.369655853148295, 57.37536143801684, 57.37536143801684, 57.37536143801684, 57.37536143801684, 57.37536143801684, 57.37536143801684, 57.37536143801684, 57.37536143801684, 57.37536143801684, 57.293220619923744, 61.87667826951765, 61.87667826951765, 61.87667826951765, 61.87667826951765, 61.87667826951765, 61.87667826951765, 61.87667826951765, 61.87667826951765, 61.87667826951765, 61.87667826951765, 62.00974639482845, 52.99978324344312, 52.99978324344312, 52.99978324344312, 52.99978324344312, 52.99978324344312, 52.99978324344312, 52.99978324344312, 52.99978324344312, 52.99978324344312, 52.99978324344312, 52.99978324344312, 61.39578850973113, 61.389683121056734, 61.389683121056734, 61.389683121056734, 61.389683121056734, 61.389683121056734, 61.389683121056734, 61.389683121056734, 61.389683121056734, 61.389683121056734, 61.34577061524769, 58.45210219000015, 58.45791542741339, 58.45791542741339, 58.45791542741339, 58.45791542741339, 58.45791542741339, 58.45791542741339, 58.45791542741339, 58.45791542741339, 58.45791542741339, 58.45791542741339, 59.58210610870979, 59.58210610870979, 59.58210610870979, 59.58210610870979, 59.58210610870979, 59.58210610870979, 59.58210610870979, 59.58210610870979, 59.58210610870979, 59.58210610870979, 59.53945606854607, 57.334291028970284, 57.334291028970284, 57.334291028970284, 57.334291028970284, 57.334291028970284, 57.334291028970284, 57.334291028970284, 57.334291028970284, 57.334291028970284, 57.334291028970284, 57.37536143801684, 62.59130338692746, 62.58507911252542, 62.58507911252542, 62.58507911252542, 62.58507911252542]
====================================

====================================
TIME: 2026-08-14 17:49:57
FINISH CYCLE - DUT 1
Charging samples: [95.21454877882245, 95.2051827992062, 94.48393141436374, 94.69058209204333, 94.69058209204333, 94.69058209204333, 94.69058209204333, 94.69058209204333, 94.69058209204333, 94.69058209204333, 94.69058209204333, 95.83430326477057, 95.84373113523439, 96.47016075049736, 96.59443526194164, 96.59443526194164, 96.59443526194164, 96.59443526194164, 96.59443526194164, 96.59443526194164, 96.59443526194164, 96.59443526194164, 95.68180757920825, 95.66298369418381, 95.45502068615299, 95.80883207219769, 95.80883207219769, 95.80883207219769, 95.80883207219769, 95.80883207219769, 95.80883207219769, 95.80883207219769, 95.80883207219769, 95.85692887544677, 95.8663598995392, 95.76227047510972, 95.72513892393675, 95.72513892393675, 95.72513892393675, 95.72513892393675, 95.72513892393675, 95.72513892393675, 95.72513892393675, 95.72513892393675, 96.97393652153954, 96.99301648937457, 97.84290053309309, 97.89351111141099, 97.89351111141099, 97.89351111141099, 97.89351111141099, 97.89351111141099, 97.89351111141099, 97.89351111141099, 97.89351111141099, 96.63287154286382, 96.62336698187801, 95.57652660287606, 95.47364108939553, 95.47364108939553, 95.47364108939553, 95.47364108939553, 95.47364108939553, 95.47364108939553, 95.47364108939553, 95.47364108939553, 95.80897249312146, 95.79954804176467, 96.32133207249326, 96.20534216633335, 96.20534216633335, 96.20534216633335, 96.20534216633335, 96.20534216633335, 96.20534216633335, 96.20534216633335, 96.20534216633335, 96.20534216633335, 96.19587779425599, 95.98675632079025, 95.76024619088749, 95.76024619088749, 95.76024619088749, 95.76024619088749, 95.76024619088749, 95.76024619088749, 95.76024619088749, 95.76024619088749, 95.28144495993305, 95.30956817273115, 95.20608329957942, 95.46002079859312, 95.46002079859312, 95.46002079859312, 95.46002079859312, 95.46002079859312, 95.46002079859312, 95.46002079859312, 95.46002079859312, 94.64453318373079, 94.61660620433163, 94.51398515638768, 93.95217178242521, 93.95217178242521, 93.95217178242521, 93.95217178242521, 93.95217178242521, 93.95217178242521, 93.95217178242521, 93.95217178242521, 95.76169156333354, 95.77111321736379, 96.08375014843247, 96.12074496132384, 96.12074496132384, 96.12074496132384, 96.12074496132384, 96.12074496132384, 96.12074496132384, 96.12074496132384, 96.12074496132384, 94.97360528998033, 94.97360528998033, 94.05252506626287, 94.19759944401622, 94.19759944401622, 94.19759944401622, 94.19759944401622, 94.19759944401622, 94.19759944401622, 94.19759944401622, 94.19759944401622, 94.95611056183418, 94.95611056183418, 95.05854433806053, 95.08706353103013, 95.08706353103013, 95.08706353103013, 95.08706353103013, 95.08706353103013, 95.08706353103013, 95.08706353103013, 95.08706353103013, 94.75475726806596, 94.75475726806596, 94.75475726806596, 95.20769977944596, 95.20769977944596, 95.20769977944596, 95.20769977944596, 95.20769977944596, 95.20769977944596, 95.20769977944596, 95.20769977944596, 95.11230128267297, 95.10294444044152, 95.00046281927726, 94.91054283553918, 94.91054283553918, 94.91054283553918, 94.91054283553918, 94.91054283553918, 94.91054283553918, 94.91054283553918, 94.91054283553918, 97.19524998504062, 97.20481268181209, 97.5200715337531, 97.76824631897098, 97.76824631897098, 97.76824631897098, 97.76824631897098, 97.76824631897098, 97.76824631897098, 97.76824631897098, 97.76824631897098, 96.14037150269034, 96.15928746363528, 97.10408395618191, 96.99948651127241, 96.99948651127241, 96.99948651127241, 96.99948651127241, 96.99948651127241, 96.99948651127241, 96.99948651127241, 96.99948651127241, 96.95117999408554, 96.96071586307286, 95.81015720666102, 95.69470837928283, 95.69470837928283, 95.69470837928283, 95.69470837928283, 95.69470837928283, 95.69470837928283, 95.69470837928283, 95.69470837928283, 96.17151310464051, 96.13368009397777, 96.23749616319371, 95.99788359494025, 95.99788359494025, 95.99788359494025, 95.99788359494025, 95.99788359494025, 95.99788359494025, 95.99788359494025, 95.99788359494025, 95.23637336315093, 95.23637336315093, 95.64954634954202, 95.9337028421847, 95.9337028421847, 95.9337028421847, 95.9337028421847, 95.9337028421847, 95.9337028421847, 95.9337028421847, 95.9337028421847, 96.1254743621091, 96.13493180744187, 96.44875639440846, 95.95300334175155, 95.95300334175155, 95.95300334175155, 95.95300334175155, 95.95300334175155, 95.95300334175155, 95.95300334175155, 95.95300334175155, 96.47942879649433, 96.46044612481768, 96.98812909048951, 96.97566755520872, 96.97566755520872, 96.97566755520872, 96.97566755520872, 96.97566755520872, 96.97566755520872, 96.97566755520872, 96.97566755520872, 96.35032842910866, 96.36928943047226, 95.53311338335321, 95.627311343047, 95.627311343047, 95.627311343047, 95.627311343047, 95.627311343047, 95.627311343047, 95.627311343047, 95.627311343047, 96.29569993955357, 96.30517320073795, 97.14810688302012, 97.18143670783633, 97.18143670783633, 97.18143670783633, 97.18143670783633, 97.18143670783633, 97.18143670783633, 97.18143670783633, 97.18143670783633, 96.31417549775149, 96.30470135103721, 95.67662721179133, 96.22547307847961, 96.22547307847961, 96.22547307847961, 96.22547307847961, 96.22547307847961, 96.22547307847961, 96.22547307847961, 96.22547307847961, 93.28912797703526, 93.2799504927286, 93.99513083604637, 93.94245660978251, 93.94245660978251, 93.94245660978251, 93.94245660978251, 93.94245660978251, 93.94245660978251, 93.94245660978251, 93.94245660978251, 97.1417353178556, 97.15129274950829, 96.51700792198159, 96.6419867823778, 96.6419867823778, 96.6419867823778, 96.6419867823778, 96.6419867823778, 96.6419867823778, 96.6419867823778, 96.6419867823778, 95.05057682039254, 95.04122605041513, 95.24851334823502, 95.08025150811793, 95.08025150811793, 95.08025150811793, 95.08025150811793, 95.08025150811793, 95.08025150811793, 95.08025150811793, 95.08025150811793, 96.91335630634647, 96.93242623084593, 97.25058517908721, 96.91651987725687, 96.91651987725687, 96.91651987725687, 96.91651987725687, 96.91651987725687, 96.91651987725687, 96.91651987725687, 96.91651987725687, 95.0351140658019, 95.00706907837349, 95.00706907837349, 95.3386604518373, 95.3386604518373, 95.3386604518373, 95.3386604518373, 95.3386604518373, 95.3386604518373, 95.3386604518373, 95.3386604518373, 95.58063674740033, 95.59944627937857, 95.3907138639214, 94.81466818081667, 94.81466818081667, 94.81466818081667, 94.81466818081667, 94.81466818081667, 94.81466818081667, 94.81466818081667, 94.81466818081667, 95.82282414628358, 95.8133974050985, 95.70891169364253, 95.77864645700586, 95.77864645700586, 95.77864645700586, 95.77864645700586, 95.77864645700586, 95.77864645700586, 95.77864645700586, 95.77864645700586, 94.91491116831541, 94.90557282601236, 95.21707908255286, 95.07852816717124, 95.07852816717124, 95.07852816717124, 95.07852816717124, 95.07852816717124, 95.07852816717124, 95.07852816717124, 95.07852816717124, 95.03046015495325, 95.05851204715682, 94.74752454863832, 95.02406466664448, 95.02406466664448, 95.02406466664448, 95.02406466664448, 95.02406466664448, 95.02406466664448, 95.02406466664448, 95.02406466664448, 95.55277721663593, 95.5621764668048, 95.45807823535948, 95.50316943906061, 95.50316943906061, 95.50316943906061, 95.50316943906061, 95.50316943906061, 95.50316943906061, 95.50316943906061, 95.50316943906061, 95.88748802835262, 95.86862553439603, 95.97317147281959, 96.41618826952327, 96.41618826952327, 96.41618826952327, 96.41618826952327, 96.41618826952327, 96.41618826952327, 96.41618826952327, 96.41618826952327, 96.56110238014881, 96.55160300952605, 96.76264476473811, 96.67506166314513, 96.67506166314513, 96.67506166314513, 96.67506166314513, 96.67506166314513, 96.67506166314513, 96.67506166314513, 96.67506166314513, 97.64229589689346, 97.63268921685638, 97.63268921685638, 97.7675351771887, 97.7675351771887, 97.7675351771887, 97.7675351771887, 97.7675351771887, 97.7675351771887, 97.7675351771887, 97.7675351771887, 96.31482291601205, 96.3242999230883, 95.9050429049247, 95.70676396882459, 95.70676396882459, 95.70676396882459, 95.70676396882459, 95.70676396882459, 95.70676396882459, 95.70676396882459, 95.70676396882459, 96.66912459193998, 96.65961365878452, 97.08216934691035, 96.71558574242512, 96.71558574242512, 96.71558574242512, 96.71558574242512, 96.71558574242512, 96.71558574242512, 96.71558574242512, 96.71558574242512, 95.75276258919041, 95.75276258919041, 95.33599321992301, 95.68910469832058, 95.68910469832058, 95.68910469832058, 95.68910469832058, 95.68910469832058, 95.68910469832058, 95.68910469832058, 95.68910469832058, 95.06368571336425, 95.07303961336557, 95.38441419725213, 94.95908387625937, 94.95908387625937, 94.95908387625937, 94.95908387625937, 94.95908387625937, 94.95908387625937, 94.95908387625937, 94.95908387625937, 97.16966983694152, 97.16966983694152, 97.16966983694152, 97.11137719531159, 97.11137719531159, 97.11137719531159, 97.11137719531159, 97.11137719531159, 97.11137719531159, 97.11137719531159, 97.11137719531159, 95.57450080052921, 95.57450080052921, 94.74701594511339, 94.77950667028638, 94.77950667028638, 94.77950667028638, 94.77950667028638, 94.77950667028638, 94.77950667028638, 94.77950667028638, 94.77950667028638, 94.35085563509413, 94.35085563509413, 95.27889683806227, 95.35655874453687, 95.35655874453687, 95.35655874453687, 95.35655874453687, 95.35655874453687, 95.35655874453687, 95.35655874453687, 95.35655874453687, 96.70435462785188, 96.68532582922381, 96.4744527085494, 96.40827800035527, 96.40827800035527, 96.40827800035527, 96.40827800035527, 96.40827800035527, 96.40827800035527, 96.40827800035527, 96.40827800035527, 95.88040788686402, 95.9087134589621, 95.59596765420461, 96.3269057627533, 96.3269057627533, 96.3269057627533, 96.3269057627533, 96.3269057627533, 96.3269057627533, 96.3269057627533, 96.3269057627533, 97.38756238276359, 97.36840103256532, 96.73750426561566, 96.5456557984366, 96.5456557984366, 96.5456557984366, 96.5456557984366, 96.5456557984366, 96.5456557984366, 96.5456557984366, 96.5456557984366, 97.40596362238307, 97.44430110683545, 97.44430110683545, 97.52418727015223, 97.52418727015223, 97.52418727015223, 97.52418727015223, 97.52418727015223, 97.52418727015223, 97.52418727015223, 97.52418727015223, 95.08368994396098, 95.04628119410596, 95.04628119410596, 94.96842478786809, 94.96842478786809, 94.96842478786809, 94.96842478786809, 94.96842478786809, 94.96842478786809, 94.96842478786809, 94.96842478786809, 96.11550188646338, 96.14387407043064, 96.8761995530128, 96.58886900929042, 96.58886900929042, 96.58886900929042, 96.58886900929042, 96.58886900929042, 96.58886900929042, 96.58886900929042, 96.58886900929042, 95.53220311261992, 95.53220311261992, 95.3247499028205, 95.57947512021445, 95.57947512021445, 95.57947512021445, 95.57947512021445, 95.57947512021445, 95.57947512021445, 95.57947512021445, 95.57947512021445, 95.81974529397066, 95.81031978292462, 96.1234254031303, 95.5960444150634, 95.5960444150634, 95.5960444150634, 95.5960444150634, 95.5960444150634, 95.5960444150634, 95.5960444150634, 95.5960444150634, 96.7466487610822, 96.7466487610822, 95.39572885356976, 95.32218409087643, 95.32218409087643, 95.32218409087643, 95.32218409087643, 95.32218409087643, 95.32218409087643, 95.32218409087643, 95.32218409087643, 93.47998132598832, 93.47078506614316, 94.58837053976012, 94.68164095872751, 94.68164095872751, 94.68164095872751, 94.68164095872751, 94.68164095872751, 94.68164095872751, 94.68164095872751, 94.68164095872751, 97.40870186557311, 97.41828556311991, 98.16519465286999, 98.31271641383394, 98.31271641383394, 98.31271641383394, 98.31271641383394, 98.31271641383394, 98.31271641383394, 98.31271641383394, 98.31271641383394, 97.05724950481641, 97.05724950481641, 96.63388091373761, 96.76267623203704, 96.76267623203704, 96.76267623203704, 96.76267623203704, 96.76267623203704, 96.76267623203704, 96.76267623203704, 96.76267623203704, 95.99242607297604, 95.98298264689902, 95.15285955373665, 95.48538960912762, 95.48538960912762, 95.48538960912762, 95.48538960912762, 95.48538960912762, 95.48538960912762, 95.48538960912762, 95.48538960912762, 95.91636679392309, 95.96355115381778, 96.69529936523033, 96.54118667617094, 96.54118667617094, 96.54118667617094, 96.54118667617094, 96.54118667617094, 96.54118667617094, 96.54118667617094, 96.54118667617094, 97.84254066531555, 97.81367572068027, 98.34934754828531, 98.51484739961356, 98.51484739961356, 98.51484739961356, 98.51484739961356, 98.51484739961356, 98.51484739961356, 98.51484739961356, 98.51484739961356, 96.18543228868674, 96.17597080606933, 95.86098400211932, 95.80311191173425, 95.80311191173425, 95.80311191173425, 95.80311191173425, 95.80311191173425, 95.80311191173425, 95.80311191173425, 95.80311191173425, 96.09313142307147, 96.08367808992607, 95.97889763399377, 95.86315083695047, 95.86315083695047, 95.86315083695047, 95.86315083695047, 95.86315083695047, 95.86315083695047, 95.86315083695047, 95.86315083695047, 95.47738363036314, 95.47738363036314, 95.58161658192464, 95.20845912733822, 95.20845912733822, 95.20845912733822, 95.20845912733822, 95.20845912733822, 95.20845912733822, 95.20845912733822, 95.20845912733822, 94.96803372550151, 94.94000301897096, 94.733162053788, 94.80637475040766, 94.80637475040766, 94.80637475040766, 94.80637475040766, 94.80637475040766, 94.80637475040766, 94.80637475040766, 94.80637475040766, 99.22267170080642, 99.28126200000972, 100.15406430330651, 99.67901511359335, 99.67901511359335, 99.67901511359335, 99.67901511359335, 99.67901511359335, 99.67901511359335, 99.67901511359335, 99.67901511359335, 96.93024691742751, 96.90164548723646, 96.05718670303396, 95.95877585692826, 95.95877585692826, 95.95877585692826, 95.95877585692826, 95.95877585692826, 95.95877585692826, 95.95877585692826, 95.95877585692826, 93.85818573866713, 93.85818573866713, 94.57937926245492, 94.591492917315, 94.591492917315, 94.591492917315, 94.591492917315, 94.591492917315, 94.591492917315, 94.591492917315, 94.591492917315, 96.75660847239087, 96.75660847239087, 96.01881298294997, 96.31487544429089, 96.31487544429089, 96.31487544429089, 96.31487544429089, 96.31487544429089, 96.31487544429089, 96.31487544429089, 96.31487544429089, 95.26120699089736, 95.26120699089736, 95.88792545794276, 96.02774573780596, 96.02774573780596, 96.02774573780596, 96.02774573780596, 96.02774573780596, 96.02774573780596, 96.02774573780596, 96.02774573780596, 96.1243045570496, 96.1243045570496, 96.22981971024063, 96.45734271273669, 96.45734271273669, 96.45734271273669, 96.45734271273669, 96.45734271273669, 96.45734271273669, 96.45734271273669, 96.45734271273669, 96.7964694826961, 96.7964694826961, 96.3733155177444, 96.2988000676018, 96.2988000676018, 96.2988000676018, 96.2988000676018, 96.2988000676018, 96.2988000676018, 96.2988000676018, 96.2988000676018, 97.21455442259904, 97.21455442259904, 97.6414020819738, 97.65398635856639, 97.65398635856639, 97.65398635856639, 97.65398635856639, 97.65398635856639, 97.65398635856639, 97.65398635856639, 97.65398635856639, 96.44359981470711, 96.44359981470711, 96.2323323452335, 96.17448799965652, 96.17448799965652, 96.17448799965652, 96.17448799965652, 96.17448799965652, 96.17448799965652, 96.17448799965652, 96.17448799965652, 96.3676094615032, 96.3581281933547, 96.46378403567198, 96.15827066016847, 96.15827066016847, 96.15827066016847, 96.15827066016847, 96.15827066016847, 96.15827066016847, 96.15827066016847, 96.15827066016847, 96.30279711907652, 96.30279711907652, 95.0521114422054, 95.30909723831125, 95.30909723831125, 95.30909723831125, 95.30909723831125, 95.30909723831125, 95.30909723831125, 95.30909723831125, 95.30909723831125, 94.6415998089284, 94.65091217730476, 94.753459211083, 94.21972802494905, 94.21972802494905, 94.21972802494905, 94.21972802494905, 94.21972802494905, 94.21972802494905, 94.21972802494905, 94.21972802494905, 96.023430626938, 96.03287803254868, 97.08471678427428, 97.11787130208673, 97.11787130208673, 97.11787130208673, 97.11787130208673, 97.11787130208673, 97.11787130208673, 97.11787130208673, 97.11787130208673, 95.00556960298054, 94.99622326066839, 93.96701174105118, 94.03123524330906, 94.03123524330906, 94.03123524330906, 94.03123524330906, 94.03123524330906, 94.03123524330906, 94.03123524330906, 94.03123524330906, 94.98152564495946, 94.98152564495946, 96.23265441305992, 96.40974193562431, 96.40974193562431, 96.40974193562431, 96.40974193562431, 96.40974193562431, 96.40974193562431, 96.40974193562431, 96.40974193562431, 96.45797092108485, 96.45797092108485, 96.03629673126589, 96.43661992778212, 96.43661992778212, 96.43661992778212, 96.43661992778212, 96.43661992778212, 96.43661992778212, 96.43661992778212, 96.43661992778212, 96.19552837796267, 96.2049927156622, 96.0999654310381, 96.0586853771588, 96.0586853771588, 96.0586853771588, 96.0586853771588, 96.0586853771588, 96.0586853771588, 96.0586853771588, 96.0586853771588, 97.55132660357079, 97.54172981787441, 96.28041434609158, 96.4046471387962, 96.4046471387962, 96.4046471387962, 96.4046471387962, 96.4046471387962, 96.4046471387962, 96.4046471387962, 96.4046471387962, 95.07230255839822, 95.09101021336839, 96.65329406134265, 96.5785235914654, 96.5785235914654, 96.5785235914654, 96.5785235914654, 96.5785235914654, 96.5785235914654, 96.5785235914654, 96.5785235914654, 95.9017971999336, 95.89236361767905, 94.54614253017382, 94.45277765626572, 94.45277765626572, 94.45277765626572, 94.45277765626572, 94.45277765626572, 94.45277765626572, 94.45277765626572, 94.45277765626572, 94.69081389027849, 94.68149851262082, 95.81974603572337, 95.42234072678437, 95.42234072678437, 95.42234072678437, 95.42234072678437, 95.42234072678437, 95.42234072678437, 95.42234072678437, 95.42234072678437, 95.80614099114548, 95.82499304564985, 95.82499304564985, 96.1910355530992, 96.1910355530992, 96.1910355530992, 96.1910355530992, 96.1910355530992, 96.1910355530992, 96.1910355530992, 96.1910355530992, 95.90202893651502, 95.88316172641538, 95.98806671736332, 95.59827162724837, 95.59827162724837, 95.59827162724837, 95.59827162724837, 95.59827162724837, 95.59827162724837, 95.59827162724837, 95.59827162724837, 93.38957223254549, 93.37119569334192, 93.47346425379463, 93.50144194438242, 93.50144194438242, 93.50144194438242, 93.50144194438242, 93.50144194438242, 93.50144194438242, 93.50144194438242, 93.50144194438242, 95.95315070487781, 95.98147775192707, 95.87646519421163, 95.99961003112674, 95.99961003112674, 95.99961003112674, 95.99961003112674, 95.99961003112674, 95.99961003112674, 95.99961003112674, 95.99961003112674, 96.81724198028964, 96.79819284266438, 96.79819284266438, 96.81891873184789, 96.81891873184789, 96.81891873184789, 96.81891873184789, 96.81891873184789, 96.81891873184789, 96.81891873184789, 96.81891873184789, 96.53033775202123, 96.55883239073579, 96.66459233858983, 97.16389291885113, 97.16389291885113, 97.16389291885113, 97.16389291885113, 97.16389291885113, 97.16389291885113, 97.16389291885113, 97.16389291885113, 98.37420548635053, 98.36452870044788, 98.25690886598349, 98.33733282102827, 98.33733282102827, 98.33733282102827, 98.33733282102827, 98.33733282102827, 98.33733282102827, 98.33733282102827, 98.33733282102827, 96.83710776322714, 96.82758124008271, 96.82758124008271, 96.76088696569116, 96.76088696569116, 96.76088696569116, 96.76088696569116, 96.76088696569116, 96.76088696569116, 96.76088696569116, 96.76088696569116, 96.27732431218944, 96.27732431218944, 96.27732431218944, 96.18209042008637, 96.18209042008637, 96.18209042008637, 96.18209042008637, 96.18209042008637, 96.18209042008637, 96.18209042008637, 96.18209042008637, 95.98885668744931, 95.97941268344623, 95.87451715045887, 95.64827188323119, 95.64827188323119, 95.64827188323119, 95.64827188323119, 95.64827188323119, 95.64827188323119, 95.64827188323119, 95.64827188323119, 95.84081998968963, 95.84081998968963, 95.84081998968963, 95.60290997216761, 95.60290997216761, 95.60290997216761, 95.60290997216761, 95.60290997216761, 95.60290997216761, 95.60290997216761, 95.60290997216761, 96.37119051438493, 96.38067306781547, 96.69771475553854, 96.58197346484668, 96.58197346484668, 96.58197346484668, 96.58197346484668, 96.58197346484668, 96.58197346484668, 96.58197346484668, 96.58197346484668, 96.4376057915061, 96.42811763666631, 96.11195987392314, 96.04626756079642, 96.04626756079642, 96.04626756079642, 96.04626756079642, 96.04626756079642, 96.04626756079642, 96.04626756079642, 96.04626756079642, 95.61492204779883, 95.62433018732925, 96.04419552294875, 96.22506197289565, 96.22506197289565, 96.22506197289565, 96.22506197289565, 96.22506197289565, 96.22506197289565, 96.22506197289565, 96.22506197289565, 96.65915999683352, 96.64965004405933, 96.01726411138284, 96.31819405643398, 96.31819405643398, 96.31819405643398, 96.31819405643398, 96.31819405643398, 96.31819405643398, 96.31819405643398, 96.31819405643398, 96.79882376729442, 96.8083483981876, 96.17904169137381, 96.48973765238742, 96.48973765238742, 96.48973765238742, 96.48973765238742, 96.48973765238742, 96.48973765238742, 96.48973765238742, 96.48973765238742, 96.63346615931749, 96.65248100901431, 97.49753002330077, 97.43457965525886, 97.43457965525886, 97.43457965525886, 97.43457965525886, 97.43457965525886, 97.43457965525886, 97.43457965525886, 97.43457965525886, 97.1447395571272, 97.1447395571272, 97.46429462145989, 97.33023094247577, 97.33023094247577, 97.33023094247577, 97.33023094247577, 97.33023094247577, 97.33023094247577, 97.33023094247577, 97.33023094247577, 96.604247121423, 96.58524176098203, 96.37389549892296, 96.34904619196148, 96.34904619196148, 96.34904619196148, 96.34904619196148, 96.34904619196148, 96.34904619196148, 96.34904619196148, 96.34904619196148, 96.78348577899938, 96.78348577899938, 95.42622006688829, 95.04229331263872, 95.04229331263872, 95.04229331263872, 95.04229331263872, 95.04229331263872, 95.04229331263872, 95.04229331263872, 95.04229331263872, 94.56826691207692, 94.56826691207692, 94.67039247029729, 94.84088198593712, 94.84088198593712, 94.84088198593712, 94.84088198593712, 94.84088198593712, 94.84088198593712, 94.84088198593712, 94.84088198593712, 95.07857843201717, 95.08793287696327, 94.57725654572286, 94.50431778746136, 94.50431778746136, 94.50431778746136, 94.50431778746136, 94.50431778746136, 94.50431778746136, 94.50431778746136, 94.50431778746136, 94.83508289971748, 94.82575332933875, 96.37857680088909, 96.1643289386436, 96.1643289386436, 96.1643289386436, 96.1643289386436, 96.1643289386436, 96.1643289386436, 96.1643289386436, 96.1643289386436, 95.25395412557224, 95.25395412557224, 94.02222196015538, 94.12684310930216, 94.12684310930216, 94.12684310930216, 94.12684310930216, 94.12684310930216, 94.12684310930216, 94.12684310930216, 94.12684310930216, 94.97909822799805, 94.98844288543883, 96.23283296690744, 96.3317785581681, 96.3317785581681, 96.3317785581681, 96.3317785581681, 96.3317785581681, 96.3317785581681, 96.3317785581681, 96.3317785581681, 95.89958214389914, 95.89014785150918, 95.89014785150918, 96.00119370147662, 96.00119370147662, 96.00119370147662, 96.00119370147662, 96.00119370147662, 96.00119370147662, 96.00119370147662, 96.00119370147662, 96.43384805466304, 96.42436026953368, 95.1774935419104, 95.60806815724435, 95.60806815724435, 95.60806815724435, 95.60806815724435, 95.60806815724435, 95.60806815724435, 95.60806815724435, 95.60806815724435, 96.03701761557694, 96.06536663189561, 97.43022976437061, 97.40504965674715, 97.40504965674715, 97.40504965674715, 97.40504965674715, 97.40504965674715, 97.40504965674715, 97.40504965674715, 97.40504965674715, 98.8069089322041, 98.7874702328273, 99.11242901648792, 99.1551388454186, 99.1551388454186, 99.1551388454186, 99.1551388454186, 99.1551388454186, 99.1551388454186, 99.1551388454186, 99.1551388454186, 98.08791132359903, 98.09756184616137, 97.77593049584605, 97.62028322878302, 97.62028322878302, 97.62028322878302, 97.62028322878302, 97.62028322878302, 97.62028322878302, 97.62028322878302, 97.62028322878302, 96.07535293040466, 96.05644976209567, 96.05644976209567, 95.73517695726551, 95.73517695726551, 95.73517695726551, 95.73517695726551, 95.73517695726551, 95.73517695726551, 95.73517695726551, 95.73517695726551, 95.25409566602298, 95.2634683016292, 95.2634683016292, 95.5584904409779, 95.5584904409779, 95.5584904409779, 95.5584904409779, 95.5584904409779, 95.5584904409779, 95.5584904409779, 95.5584904409779, 95.31718112168251, 95.30780320146195, 95.41207869730597, 94.88559404712407, 94.88559404712407, 94.88559404712407, 94.88559404712407, 94.88559404712407, 94.88559404712407, 94.88559404712407, 94.88559404712407, 96.66319758117147, 96.67270886697106, 96.67270886697106, 96.69338929072218, 96.69338929072218, 96.69338929072218, 96.69338929072218, 96.69338929072218, 96.69338929072218, 96.69338929072218, 96.69338929072218, 94.86717219676221, 94.86717219676221, 94.86717219676221, 94.93215805775242, 94.93215805775242, 94.93215805775242, 94.93215805775242, 94.93215805775242, 94.93215805775242, 94.93215805775242, 94.93215805775242, 96.90389994243725, 96.90389994243725, 96.4816607270018, 96.63888458341185, 96.63888458341185, 96.63888458341185, 96.63888458341185, 96.63888458341185, 96.63888458341185, 96.63888458341185, 96.63888458341185, 95.583770210789, 95.59317435976685, 96.01152523223845, 96.17236928224091, 96.17236928224091, 96.17236928224091, 96.17236928224091, 96.17236928224091, 96.17236928224091, 96.17236928224091, 96.17236928224091, 96.36538959188915, 96.3464293578327, 96.45195666271533, 96.54319163763063, 96.54319163763063, 96.54319163763063, 96.54319163763063, 96.54319163763063, 96.54319163763063, 96.54319163763063, 96.54319163763063, 98.47695611710246, 98.50602537503332, 98.39825073020285, 98.59324984848605, 98.59324984848605, 98.59324984848605, 98.59324984848605, 98.59324984848605, 98.59324984848605, 98.59324984848605, 98.59324984848605, 98.25444142976271, 98.25444142976271, 98.1470595265608, 98.06678772891951, 98.06678772891951, 98.06678772891951, 98.06678772891951, 98.06678772891951, 98.06678772891951, 98.06678772891951, 98.06678772891951, 95.89289341965777, 95.86459530041137, 94.72581501066566, 94.72581501066566, 94.72581501066566, 94.72581501066566, 94.72581501066566, 94.72581501066566, 94.72581501066566, 94.72581501066566, 94.72581501066566, 94.63037338345086, 94.66761843840845, 94.26044588598518, 93.87252618756469, 93.87252618756469, 93.87252618756469, 93.87252618756469, 93.87252618756469, 93.87252618756469, 93.87252618756469, 93.87252618756469, 93.68317162137696, 93.66474274921775, 93.76556593839884, 94.13683480288486, 94.13683480288486, 94.13683480288486, 94.13683480288486, 94.13683480288486, 94.13683480288486, 94.13683480288486, 94.13683480288486, 95.23089604617256, 95.212159027767, 94.70245796230786, 94.25622663329293, 94.25622663329293, 94.25622663329293, 94.25622663329293, 94.25622663329293, 94.25622663329293, 94.25622663329293, 94.25622663329293, 93.78541631044932, 93.78541631044932, 95.73287304257883, 95.67140073540254, 95.67140073540254, 95.67140073540254, 95.67140073540254, 95.67140073540254, 95.67140073540254, 95.67140073540254, 95.67140073540254, 95.28717824248926, 95.3153059149017, 93.77796227111294, 93.82214221821911, 93.82214221821911, 93.82214221821911, 93.82214221821911, 93.82214221821911, 93.82214221821911, 93.82214221821911, 93.82214221821911, 93.63298467342432, 93.5961430504956, 95.23458756779092, 95.39392471558774, 95.39392471558774, 95.39392471558774, 95.39392471558774, 95.39392471558774, 95.39392471558774, 95.39392471558774, 95.39392471558774, 96.26114221300216, 96.27061487017721, 96.16540108343385, 96.53813519616035, 96.53813519616035, 96.53813519616035, 96.53813519616035, 96.53813519616035, 96.53813519616035, 96.53813519616035, 96.53813519616035, 97.2628959709063, 97.27246626471432, 97.37889128250943, 97.34116214989318, 97.34116214989318, 97.34116214989318, 97.34116214989318, 97.34116214989318, 97.34116214989318, 97.34116214989318, 97.34116214989318, 95.93883045473824, 95.93883045473824, 95.93883045473824, 95.91818424004107, 95.91818424004107, 95.91818424004107, 95.91818424004107, 95.91818424004107, 95.91818424004107, 95.91818424004107, 95.91818424004107, 97.94871031770323, 97.94871031770323, 97.94871031770323, 97.91920896353501, 97.91920896353501, 97.91920896353501, 97.91920896353501, 97.91920896353501, 97.91920896353501, 97.91920896353501, 97.91920896353501, 96.51760133276377, 96.52709735808183, 96.31633950358821, 96.04359404483176, 96.04359404483176, 96.04359404483176, 96.04359404483176, 96.04359404483176, 96.04359404483176, 96.04359404483176, 96.04359404483176, 95.41837285175075, 95.39959894661511, 95.60835080426634, 95.33021742010848, 95.33021742010848, 95.33021742010848, 95.33021742010848, 95.33021742010848, 95.33021742010848, 95.33021742010848, 95.33021742010848]
Discharging samples: []
====================================

====================================
TIME: 2026-08-14 17:49:58
FINISH CYCLE - DUT 2
Charging samples: []
Discharging samples: [55.94984342870967, 55.94984342870967, 55.94984342870967, 55.94984342870967, 55.94984342870967, 55.98989342400581, 58.630926132685325, 58.630926132685325, 58.630926132685325, 58.630926132685325, 58.630926132685325, 58.630926132685325, 58.630926132685325, 58.630926132685325, 58.630926132685325, 58.630926132685325, 58.67286527870298, 57.58633073650478, 57.58633073650478, 57.58633073650478, 57.58633073650478, 57.58633073650478, 57.58633073650478, 57.58633073650478, 57.58633073650478, 57.58633073650478, 57.58633073650478, 57.5451682413393, 63.417124184333105, 63.41081778773562, 63.41081778773562, 63.41081778773562, 63.41081778773562, 63.41081778773562, 63.41081778773562, 63.41081778773562, 63.41081778773562, 63.41081778773562, 63.41081778773562, 61.527328150476144, 61.533447228362824, 61.533447228362824, 61.533447228362824, 61.533447228362824, 61.533447228362824, 61.533447228362824, 61.533447228362824, 61.533447228362824, 61.533447228362824, 61.44541654563269, 56.935661202833955, 56.935661202833955, 56.935661202833955, 56.935661202833955, 56.935661202833955, 56.935661202833955, 56.935661202833955, 56.935661202833955, 56.935661202833955, 56.935661202833955, 57.017230918024254, 57.017230918024254, 57.017230918024254, 57.017230918024254, 57.017230918024254, 57.017230918024254, 57.017230918024254, 57.017230918024254, 57.017230918024254, 57.017230918024254, 57.017230918024254, 56.85409148764363, 62.59692901164805, 62.59692901164805, 62.59692901164805, 62.59692901164805, 62.59692901164805, 62.59692901164805, 62.59692901164805, 62.59692901164805, 62.59692901164805, 62.59692901164805, 62.776547172370144, 57.5451682413393, 57.5451682413393, 57.5451682413393, 57.5451682413393, 57.5451682413393, 57.5451682413393, 57.5451682413393, 57.5451682413393, 57.5451682413393, 57.5451682413393, 57.462843251008344, 55.41059884918661, 55.41059884918661, 55.41059884918661, 55.41059884918661, 55.41059884918661, 55.41059884918661, 55.41059884918661, 55.41059884918661, 55.41059884918661, 55.41059884918661, 55.370906443134174, 57.95833197786008, 57.95833197786008, 57.95833197786008, 57.95833197786008, 57.95833197786008, 57.95833197786008, 57.95833197786008, 57.95833197786008, 57.95833197786008, 57.95833197786008, 58.166067934769984, 61.01734577470969, 61.01734577470969, 61.01734577470969, 61.01734577470969, 61.01734577470969, 61.01734577470969, 61.01734577470969, 61.01734577470969, 61.01734577470969, 61.01734577470969, 60.84301050106766, 58.54704784065001, 58.54704784065001, 58.54704784065001, 58.54704784065001, 58.54704784065001, 58.54704784065001, 58.54704784065001, 58.54704784065001, 58.54704784065001, 58.54704784065001, 58.630926132685325, 59.18931590537757, 59.18931590537757, 59.18931590537757, 59.18931590537757, 59.18931590537757, 59.18931590537757, 59.18931590537757, 59.18931590537757, 59.18931590537757, 59.18931590537757, 59.146977338921644, 55.94984342870967, 55.9442796017975, 55.9442796017975, 55.9442796017975, 55.9442796017975, 55.9442796017975, 55.9442796017975, 55.9442796017975, 55.9442796017975, 55.9442796017975, 55.9442796017975, 58.03565454018245, 58.04142636062405, 58.04142636062405, 58.04142636062405, 58.04142636062405, 58.04142636062405, 58.04142636062405, 58.04142636062405, 58.04142636062405, 58.04142636062405, 58.12452074338801, 57.05801577561941, 57.05801577561941, 57.05801577561941, 57.05801577561941, 57.05801577561941, 57.05801577561941, 57.05801577561941, 57.05801577561941, 57.05801577561941, 57.05801577561941, 57.13958549080972, 58.7567435707383, 58.7567435707383, 58.7567435707383, 58.7567435707383, 58.7567435707383, 58.7567435707383, 58.7567435707383, 58.7567435707383, 58.7567435707383, 58.7567435707383, 58.630926132685325, 59.18931590537757, 59.18931590537757, 59.18931590537757, 59.18931590537757, 59.18931590537757, 59.18931590537757, 59.18931590537757, 59.18931590537757, 59.18931590537757, 59.18931590537757, 59.146977338921644, 56.97644606042911, 56.97644606042911, 56.97644606042911, 56.97644606042911, 56.97644606042911, 56.97644606042911, 56.97644606042911, 56.97644606042911, 56.97644606042911, 56.97644606042911, 57.098800633214566, 54.11973277409034, 54.11973277409034, 54.11973277409034, 54.11973277409034, 54.11973277409034, 54.11973277409034, 54.11973277409034, 54.11973277409034, 54.11973277409034, 54.11973277409034, 54.081075822108836, 55.03826300480104, 55.03826300480104, 55.03826300480104, 55.03826300480104, 55.03826300480104, 55.03826300480104, 55.03826300480104, 55.03826300480104, 55.03826300480104, 55.03826300480104, 54.998921858979166, 58.082973552006024, 58.082973552006024, 58.082973552006024, 58.082973552006024, 58.082973552006024, 58.082973552006024, 58.082973552006024, 58.082973552006024, 58.082973552006024, 58.082973552006024, 57.99987916924208, 58.54704784065001, 58.54704784065001, 58.54704784065001, 58.54704784065001, 58.54704784065001, 58.54704784065001, 58.54704784065001, 58.54704784065001, 58.54704784065001, 58.54704784065001, 58.54704784065001, 55.909793433413526, 55.90423358919778, 55.90423358919778, 55.90423358919778, 55.90423358919778, 55.90423358919778, 55.90423358919778, 55.90423358919778, 55.90423358919778, 55.90423358919778, 55.864187576598056, 60.20315360196491, 60.20914098670901, 60.20914098670901, 60.20914098670901, 60.20914098670901, 60.20914098670901, 60.20914098670901, 60.20914098670901, 60.20914098670901, 60.20914098670901, 60.252301661251465, 59.67295260681635, 59.67295260681635, 59.67295260681635, 59.67295260681635, 59.67295260681635, 59.67295260681635, 59.67295260681635, 59.67295260681635, 59.67295260681635, 59.67295260681635, 59.80118961098573, 58.67286527870298, 58.67286527870298, 58.67286527870298, 58.67286527870298, 58.67286527870298, 58.67286527870298, 58.67286527870298, 58.67286527870298, 58.67286527870298, 58.67286527870298, 58.630926132685325, 60.93017813788868, 60.93017813788868, 60.93017813788868, 60.93017813788868, 60.93017813788868, 60.93017813788868, 60.93017813788868, 60.93017813788868, 60.93017813788868, 60.93017813788868, 60.97376195629918, 57.58633073650478, 57.58060417219127, 57.58060417219127, 57.58060417219127, 57.58060417219127, 57.58060417219127, 57.58060417219127, 57.58060417219127, 57.58060417219127, 57.58060417219127, 57.621762574029866, 55.072127061904666, 55.0776041506229, 55.0776041506229, 55.0776041506229, 55.0776041506229, 55.0776041506229, 55.0776041506229, 55.0776041506229, 55.0776041506229, 55.0776041506229, 54.998921858979166, 59.758443942929276, 59.764387691083535, 59.764387691083535, 59.764387691083535, 59.764387691083535, 59.764387691083535, 59.764387691083535, 59.764387691083535, 59.764387691083535, 59.764387691083535, 59.764387691083535, 60.34462446478337, 60.338623010336356, 60.338623010336356, 60.338623010336356, 60.338623010336356, 60.338623010336356, 60.338623010336356, 60.338623010336356, 60.338623010336356, 60.338623010336356, 60.338623010336356, 60.93017813788868, 60.93017813788868, 60.93017813788868, 60.93017813788868, 60.93017813788868, 60.93017813788868, 60.93017813788868, 60.93017813788868, 60.93017813788868, 60.93017813788868, 60.93017813788868, 60.338623010336356, 60.338623010336356, 60.338623010336356, 60.338623010336356, 60.338623010336356, 60.338623010336356, 60.338623010336356, 60.338623010336356, 60.338623010336356, 60.338623010336356, 60.338623010336356, 57.5451682413393, 57.5451682413393, 57.5451682413393, 57.5451682413393, 57.5451682413393, 57.5451682413393, 57.5451682413393, 57.5451682413393, 57.5451682413393, 57.5451682413393, 57.62749323167026, 58.166067934769984, 58.166067934769984, 58.166067934769984, 58.166067934769984, 58.166067934769984, 58.166067934769984, 58.166067934769984, 58.166067934769984, 58.166067934769984, 58.166067934769984, 58.04142636062405, 58.58898698666767, 58.58898698666767, 58.58898698666767, 58.58898698666767, 58.58898698666767, 58.58898698666767, 58.58898698666767, 58.58898698666767, 58.58898698666767, 58.58898698666767, 58.54704784065001, 54.920239567335415, 54.920239567335415, 54.920239567335415, 54.920239567335415, 54.920239567335415, 54.920239567335415, 54.920239567335415, 54.920239567335415, 54.920239567335415, 54.920239567335415, 54.95958071315729, 54.477479127954155, 54.472061717539674, 54.472061717539674, 54.472061717539674, 54.472061717539674, 54.472061717539674, 54.472061717539674, 54.472061717539674, 54.472061717539674, 54.472061717539674, 54.4330695473768, 55.40508864643709, 55.41059884918661, 55.41059884918661, 55.41059884918661, 55.41059884918661, 55.41059884918661, 55.41059884918661, 55.41059884918661, 55.41059884918661, 55.41059884918661, 55.52967606734389, 59.23165447183349, 59.237545823979076, 59.237545823979076, 59.237545823979076, 59.237545823979076, 59.237545823979076, 59.237545823979076, 59.237545823979076, 59.237545823979076, 59.237545823979076, 59.068174713688926, 58.5109277824277, 58.50510869463235, 58.50510869463235, 58.50510869463235, 58.50510869463235, 58.50510869463235, 58.50510869463235, 58.50510869463235, 58.50510869463235, 58.50510869463235, 58.50510869463235, 60.20914098670901, 60.20914098670901, 60.20914098670901, 60.20914098670901, 60.20914098670901, 60.20914098670901, 60.20914098670901, 60.20914098670901, 60.20914098670901, 60.20914098670901, 60.338623010336356, 56.49889245513313, 56.49889245513313, 56.49889245513313, 56.49889245513313, 56.49889245513313, 56.49889245513313, 56.49889245513313, 56.49889245513313, 56.49889245513313, 56.49889245513313, 56.37765019664571, 59.63020693875989, 59.62427712502294, 59.62427712502294, 59.62427712502294, 59.62427712502294, 59.62427712502294, 59.62427712502294, 59.62427712502294, 59.62427712502294, 59.62427712502294, 59.7097599596108, 57.49828736851409, 57.49828736851409, 57.49828736851409, 57.49828736851409, 57.49828736851409, 57.49828736851409, 57.49828736851409, 57.49828736851409, 57.49828736851409, 57.49828736851409, 57.58060417219127, 58.11874065978186, 58.12452074338801, 58.12452074338801, 58.12452074338801, 58.12452074338801, 58.12452074338801, 58.12452074338801, 58.12452074338801, 58.12452074338801, 58.12452074338801, 58.082973552006024, 60.338623010336356, 60.338623010336356, 60.338623010336356, 60.338623010336356, 60.338623010336356, 60.338623010336356, 60.338623010336356, 60.338623010336356, 60.338623010336356, 60.338623010336356, 60.338623010336356, 60.338623010336356, 60.338623010336356, 60.338623010336356, 60.338623010336356, 60.338623010336356, 60.338623010336356, 60.338623010336356, 60.338623010336356, 60.338623010336356, 60.338623010336356, 60.338623010336356, 57.5451682413393, 57.5451682413393, 57.5451682413393, 57.5451682413393, 57.5451682413393, 57.5451682413393, 57.5451682413393, 57.5451682413393, 57.5451682413393, 57.5451682413393, 57.462843251008344, 59.67295260681635, 59.67295260681635, 59.67295260681635, 59.67295260681635, 59.67295260681635, 59.67295260681635, 59.67295260681635, 59.67295260681635, 59.67295260681635, 59.67295260681635, 59.758443942929276, 58.630926132685325, 58.630926132685325, 58.630926132685325, 58.630926132685325, 58.630926132685325, 58.630926132685325, 58.630926132685325, 58.630926132685325, 58.630926132685325, 58.630926132685325, 58.54704784065001, 59.10463877246572, 59.10463877246572, 59.10463877246572, 59.10463877246572, 59.10463877246572, 59.10463877246572, 59.10463877246572, 59.10463877246572, 59.10463877246572, 59.10463877246572, 59.23165447183349, 58.67286527870298, 58.67286527870298, 58.67286527870298, 58.67286527870298, 58.67286527870298, 58.67286527870298, 58.67286527870298, 58.67286527870298, 58.67286527870298, 58.67286527870298, 58.67286527870298, 58.12452074338801, 58.12452074338801, 58.12452074338801, 58.12452074338801, 58.12452074338801, 58.12452074338801, 58.12452074338801, 58.12452074338801, 58.12452074338801, 58.12452074338801, 58.04142636062405, 59.71569827487282, 59.71569827487282, 59.71569827487282, 59.71569827487282, 59.71569827487282, 59.71569827487282, 59.71569827487282, 59.71569827487282, 59.71569827487282, 59.71569827487282, 59.758443942929276, 58.082973552006024, 58.082973552006024, 58.082973552006024, 58.082973552006024, 58.082973552006024, 58.082973552006024, 58.082973552006024, 58.082973552006024, 58.082973552006024, 58.082973552006024, 57.99987916924208, 58.54704784065001, 58.54704784065001, 58.54704784065001, 58.54704784065001, 58.54704784065001, 58.54704784065001, 58.54704784065001, 58.54704784065001, 58.54704784065001, 58.54704784065001, 58.67286527870298, 60.3817836848788, 60.3817836848788, 60.3817836848788, 60.3817836848788, 60.3817836848788, 60.3817836848788, 60.3817836848788, 60.3817836848788, 60.3817836848788, 60.3817836848788, 60.252301661251465, 60.252301661251465, 60.252301661251465, 60.252301661251465, 60.252301661251465, 60.252301661251465, 60.252301661251465, 60.252301661251465, 60.252301661251465, 60.252301661251465, 60.252301661251465, 60.3817836848788, 59.80118961098573, 59.795242794198636, 59.795242794198636, 59.795242794198636, 59.795242794198636, 59.795242794198636, 59.795242794198636, 59.795242794198636, 59.795242794198636, 59.795242794198636, 59.7097599596108, 56.97078014494974, 56.97644606042911, 56.97644606042911, 56.97644606042911, 56.97644606042911, 56.97644606042911, 56.97644606042911, 56.97644606042911, 56.97644606042911, 56.97644606042911, 56.894876345238785, 56.37765019664571, 56.37765019664571, 56.37765019664571, 56.37765019664571, 56.37765019664571, 56.37765019664571, 56.37765019664571, 56.37765019664571, 56.37765019664571, 56.37765019664571, 56.49889245513313, 56.49889245513313, 56.49889245513313, 56.49889245513313, 56.49889245513313, 56.49889245513313, 56.49889245513313, 56.49889245513313, 56.49889245513313, 56.49889245513313, 56.49889245513313, 56.41806428280819, 56.935661202833955, 56.935661202833955, 56.935661202833955, 56.935661202833955, 56.935661202833955, 56.935661202833955, 56.935661202833955, 56.935661202833955, 56.935661202833955, 56.935661202833955, 56.894876345238785, 56.894876345238785, 56.889218541306285, 56.889218541306285, 56.889218541306285, 56.889218541306285, 56.889218541306285, 56.889218541306285, 56.889218541306285, 56.889218541306285, 56.889218541306285, 57.01156094677147, 61.527328150476144, 61.533447228362824, 61.533447228362824, 61.533447228362824, 61.533447228362824, 61.533447228362824, 61.533447228362824, 61.533447228362824, 61.533447228362824, 61.533447228362824, 61.48943188699776, 61.48943188699776, 61.48943188699776, 61.48943188699776, 61.48943188699776, 61.48943188699776, 61.48943188699776, 61.48943188699776, 61.48943188699776, 61.48943188699776, 61.48943188699776, 61.57746256972788, 58.12452074338801, 58.12452074338801, 58.12452074338801, 58.12452074338801, 58.12452074338801, 58.12452074338801, 58.12452074338801, 58.12452074338801, 58.12452074338801, 58.12452074338801, 58.04142636062405, 60.295462335793914, 60.295462335793914, 60.295462335793914, 60.295462335793914, 60.295462335793914, 60.295462335793914, 60.295462335793914, 60.295462335793914, 60.295462335793914, 60.295462335793914, 60.295462335793914, 59.146977338921644, 59.14109557904307, 59.14109557904307, 59.14109557904307, 59.14109557904307, 59.14109557904307, 59.14109557904307, 59.14109557904307, 59.14109557904307, 59.14109557904307, 59.09876122286624, 57.457128966675505, 57.462843251008344, 57.462843251008344, 57.462843251008344, 57.462843251008344, 57.462843251008344, 57.462843251008344, 57.462843251008344, 57.462843251008344, 57.462843251008344, 57.462843251008344, 57.99987916924208, 57.99987916924208, 57.99987916924208, 57.99987916924208, 57.99987916924208, 57.99987916924208, 57.99987916924208, 57.99987916924208, 57.99987916924208, 57.99987916924208, 58.04142636062405, 57.50400574617382, 57.50400574617382, 57.50400574617382, 57.50400574617382, 57.50400574617382, 57.50400574617382, 57.50400574617382, 57.50400574617382, 57.50400574617382, 57.50400574617382, 57.5451682413393, 61.533447228362824, 61.533447228362824, 61.533447228362824, 61.533447228362824, 61.533447228362824, 61.533447228362824, 61.533447228362824, 61.533447228362824, 61.533447228362824, 61.533447228362824, 61.48943188699776, 54.95958071315729, 54.95958071315729, 54.95958071315729, 54.95958071315729, 54.95958071315729, 54.95958071315729, 54.95958071315729, 54.95958071315729, 54.95958071315729, 54.95958071315729, 54.95958071315729, 58.04142636062405, 58.04142636062405, 58.04142636062405, 58.04142636062405, 58.04142636062405, 58.04142636062405, 58.04142636062405, 58.04142636062405, 58.04142636062405, 58.04142636062405, 57.99987916924208, 56.41806428280819, 56.41806428280819, 56.41806428280819, 56.41806428280819, 56.41806428280819, 56.41806428280819, 56.41806428280819, 56.41806428280819, 56.41806428280819, 56.41806428280819, 56.539306541295595, 58.12452074338801, 58.11874065978186, 58.11874065978186, 58.11874065978186, 58.11874065978186, 58.11874065978186, 58.11874065978186, 58.11874065978186, 58.11874065978186, 58.11874065978186, 58.11874065978186, 56.02437162699692, 56.029943419301944, 56.029943419301944, 56.029943419301944, 56.029943419301944, 56.029943419301944, 56.029943419301944, 56.029943419301944, 56.029943419301944, 56.029943419301944, 55.98989342400581, 57.017230918024254, 57.017230918024254, 57.017230918024254, 57.017230918024254, 57.017230918024254, 57.017230918024254, 57.017230918024254, 57.017230918024254, 57.017230918024254, 57.017230918024254, 56.894876345238785, 60.20914098670901, 60.20914098670901, 60.20914098670901, 60.20914098670901, 60.20914098670901, 60.20914098670901, 60.20914098670901, 60.20914098670901, 60.20914098670901, 60.20914098670901, 60.3817836848788, 58.12452074338801, 58.12452074338801, 58.12452074338801, 58.12452074338801, 58.12452074338801, 58.12452074338801, 58.12452074338801, 58.12452074338801, 58.12452074338801, 58.12452074338801, 58.12452074338801, 59.80118961098573, 59.80118961098573, 59.80118961098573, 59.80118961098573, 59.80118961098573, 59.80118961098573, 59.80118961098573, 59.80118961098573, 59.80118961098573, 59.80118961098573, 59.80118961098573, 57.05801577561941, 57.05234174859319, 57.05234174859319, 57.05234174859319, 57.05234174859319, 57.05234174859319, 57.05234174859319, 57.05234174859319, 57.05234174859319, 57.05234174859319, 56.97078014494974, 58.58316071508983, 58.58898698666767, 58.58898698666767, 58.58898698666767, 58.58898698666767, 58.58898698666767, 58.58898698666767, 58.58898698666767, 58.58898698666767, 58.58898698666767, 58.630926132685325, 58.082973552006024, 58.082973552006024, 58.082973552006024, 58.082973552006024, 58.082973552006024, 58.082973552006024, 58.082973552006024, 58.082973552006024, 58.082973552006024, 58.082973552006024, 58.12452074338801, 59.80118961098573, 59.80118961098573, 59.80118961098573, 59.80118961098573, 59.80118961098573, 59.80118961098573, 59.80118961098573, 59.80118961098573, 59.80118961098573, 59.80118961098573, 59.71569827487282, 61.48943188699776, 61.48943188699776, 61.48943188699776, 61.48943188699776, 61.48943188699776, 61.48943188699776, 61.48943188699776, 61.48943188699776, 61.48943188699776, 61.48943188699776, 61.621477911092946, 59.84393527904219, 59.84393527904219, 59.84393527904219, 59.84393527904219, 59.84393527904219, 59.84393527904219, 59.84393527904219, 59.84393527904219, 59.84393527904219, 59.84393527904219, 59.84393527904219, 55.0776041506229, 55.0776041506229, 55.0776041506229, 55.0776041506229, 55.0776041506229, 55.0776041506229, 55.0776041506229, 55.0776041506229, 55.0776041506229, 55.0776041506229, 54.84155727569166, 59.01996163955388, 59.01996163955388, 59.01996163955388, 59.01996163955388, 59.01996163955388, 59.01996163955388, 59.01996163955388, 59.01996163955388, 59.01996163955388, 59.01996163955388, 59.10463877246572, 58.54704784065001, 58.54704784065001, 58.54704784065001, 58.54704784065001, 58.54704784065001, 58.54704784065001, 58.54704784065001, 58.54704784065001, 58.54704784065001, 58.54704784065001, 58.50510869463235, 60.79942668265714, 60.80547396997389, 60.80547396997389, 60.80547396997389, 60.80547396997389, 60.80547396997389, 60.80547396997389, 60.80547396997389, 60.80547396997389, 60.80547396997389, 60.89265027674089, 59.72163777141895, 59.71569827487282, 59.71569827487282, 59.71569827487282, 59.71569827487282, 59.71569827487282, 59.71569827487282, 59.71569827487282, 59.71569827487282, 59.71569827487282, 59.67295260681635, 59.10463877246572, 59.10463877246572, 59.10463877246572, 59.10463877246572, 59.10463877246572, 59.10463877246572, 59.10463877246572, 59.10463877246572, 59.10463877246572, 59.10463877246572, 59.10463877246572, 56.41806428280819, 56.41806428280819, 56.41806428280819, 56.41806428280819, 56.41806428280819, 56.41806428280819, 56.41806428280819, 56.41806428280819, 56.41806428280819, 56.41806428280819, 56.37765019664571, 60.20914098670901, 60.20914098670901, 60.20914098670901, 60.20914098670901, 60.20914098670901, 60.20914098670901, 60.20914098670901, 60.20914098670901, 60.20914098670901, 60.20914098670901, 60.252301661251465, 60.84301050106766, 60.8490621233574, 60.8490621233574, 60.8490621233574, 60.8490621233574, 60.8490621233574, 60.8490621233574, 60.8490621233574, 60.8490621233574, 60.8490621233574, 60.8490621233574, 59.67888785175437, 59.667018542316875, 59.667018542316875, 59.667018542316875, 59.667018542316875, 59.667018542316875, 59.667018542316875, 59.667018542316875, 59.667018542316875, 59.667018542316875, 59.795242794198636, 56.53368409633326, 56.539306541295595, 56.539306541295595, 56.539306541295595, 56.539306541295595, 56.539306541295595, 56.539306541295595, 56.539306541295595, 56.539306541295595, 56.539306541295595, 56.41806428280819, 60.252301661251465, 60.24630998447529, 60.24630998447529, 60.24630998447529, 60.24630998447529, 60.24630998447529, 60.24630998447529, 60.24630998447529, 60.24630998447529, 60.24630998447529, 60.37577913200639, 59.22576429139674, 59.23165447183349, 59.23165447183349, 59.23165447183349, 59.23165447183349, 59.23165447183349, 59.23165447183349, 59.23165447183349, 59.23165447183349, 59.23165447183349, 59.23165447183349, 57.58633073650478, 57.58633073650478, 57.58633073650478, 57.58633073650478, 57.58633073650478, 57.58633073650478, 57.58633073650478, 57.58633073650478, 57.58633073650478, 57.58633073650478, 57.462843251008344, 62.05987071108902, 62.06604336582454, 62.06604336582454, 62.06604336582454, 62.06604336582454, 62.06604336582454, 62.06604336582454, 62.06604336582454, 62.06604336582454, 62.06604336582454, 62.154963198726875, 59.764387691083535, 59.758443942929276, 59.758443942929276, 59.758443942929276, 59.758443942929276, 59.758443942929276, 59.758443942929276, 59.758443942929276, 59.758443942929276, 59.758443942929276, 59.758443942929276, 61.533447228362824, 61.527328150476144, 61.527328150476144, 61.527328150476144, 61.527328150476144, 61.527328150476144, 61.527328150476144, 61.527328150476144, 61.527328150476144, 61.527328150476144, 61.48331718613389, 58.03565454018245, 58.04142636062405, 58.04142636062405, 58.04142636062405, 58.04142636062405, 58.04142636062405, 58.04142636062405, 58.04142636062405, 58.04142636062405, 58.04142636062405, 57.95833197786008, 56.894876345238785, 56.90053527465446, 56.90053527465446, 56.90053527465446, 56.90053527465446, 56.90053527465446, 56.90053527465446, 56.90053527465446, 56.90053527465446, 56.90053527465446, 56.90053527465446, 55.875300404840864, 55.875300404840864, 55.875300404840864, 55.875300404840864, 55.875300404840864, 55.875300404840864, 55.875300404840864, 55.875300404840864, 55.875300404840864, 55.875300404840864, 55.875300404840864, 60.21512956249842, 60.20914098670901, 60.20914098670901, 60.20914098670901, 60.20914098670901, 60.20914098670901, 60.20914098670901, 60.20914098670901, 60.20914098670901, 60.20914098670901, 60.42494435942124, 58.71480442472063, 58.708965641464395, 58.708965641464395, 58.708965641464395, 58.708965641464395, 58.708965641464395, 58.708965641464395, 58.708965641464395, 58.708965641464395, 58.708965641464395, 58.750900616922586, 56.61450423085267, 56.62013471362054, 56.62013471362054, 56.62013471362054, 56.62013471362054, 56.62013471362054, 56.62013471362054, 56.62013471362054, 56.62013471362054, 56.62013471362054, 56.49889245513313, 59.758443942929276, 59.758443942929276, 59.758443942929276, 59.758443942929276, 59.758443942929276, 59.758443942929276, 59.758443942929276, 59.758443942929276, 59.758443942929276, 59.758443942929276, 59.80118961098573, 57.05801577561941, 57.05801577561941, 57.05801577561941, 57.05801577561941, 57.05801577561941, 57.05801577561941, 57.05801577561941, 57.05801577561941, 57.05801577561941, 57.05801577561941, 56.935661202833955, 58.54704784065001, 58.54704784065001, 58.54704784065001, 58.54704784065001, 58.54704784065001, 58.54704784065001, 58.54704784065001, 58.54704784065001, 58.54704784065001, 58.54704784065001, 58.54704784065001, 53.499888544042264, 53.499888544042264, 53.499888544042264, 53.499888544042264, 53.499888544042264, 53.499888544042264, 53.499888544042264, 53.499888544042264, 53.499888544042264, 53.499888544042264, 53.499888544042264, 57.462843251008344, 57.462843251008344, 57.462843251008344, 57.462843251008344, 57.462843251008344, 57.462843251008344, 57.462843251008344, 57.462843251008344, 57.462843251008344, 57.462843251008344, 57.58633073650478, 57.05801577561941, 57.05801577561941, 57.05801577561941, 57.05801577561941, 57.05801577561941, 57.05801577561941, 57.05801577561941, 57.05801577561941, 57.05801577561941, 57.05801577561941, 56.894876345238785, 62.641833551828576, 62.641833551828576, 62.641833551828576, 62.641833551828576, 62.641833551828576, 62.641833551828576, 62.641833551828576, 62.641833551828576, 62.641833551828576, 62.641833551828576, 62.776547172370144, 55.48998366129146, 55.48998366129146, 55.48998366129146, 55.48998366129146, 55.48998366129146, 55.48998366129146, 55.48998366129146, 55.48998366129146, 55.48998366129146, 55.48998366129146, 55.370906443134174, 56.37765019664571, 56.37765019664571, 56.37765019664571, 56.37765019664571, 56.37765019664571, 56.37765019664571, 56.37765019664571, 56.37765019664571, 56.37765019664571, 56.37765019664571, 56.45847836897067, 59.146977338921644, 59.146977338921644, 59.146977338921644, 59.146977338921644, 59.146977338921644, 59.146977338921644, 59.146977338921644, 59.146977338921644, 59.146977338921644, 59.146977338921644, 59.18931590537757, 58.082973552006024, 58.077197599982156, 58.077197599982156, 58.077197599982156, 58.077197599982156, 58.077197599982156, 58.077197599982156, 58.077197599982156, 58.077197599982156, 58.077197599982156, 58.03565454018245, 56.97078014494974, 56.97644606042911, 56.97644606042911, 56.97644606042911, 56.97644606042911, 56.97644606042911, 56.97644606042911, 56.97644606042911, 56.97644606042911, 56.97644606042911, 57.017230918024254, 61.533447228362824, 61.527328150476144, 61.527328150476144, 61.527328150476144, 61.527328150476144, 61.527328150476144, 61.527328150476144, 61.527328150476144, 61.527328150476144, 61.527328150476144, 61.395295257449355, 59.62427712502294, 59.63020693875989, 59.63020693875989, 59.63020693875989, 59.63020693875989, 59.63020693875989, 59.63020693875989, 59.63020693875989, 59.63020693875989, 59.63020693875989, 59.758443942929276, 62.14878170064645, 62.14260143198091, 62.14260143198091, 62.14260143198091, 62.14260143198091, 62.14260143198091, 62.14260143198091, 62.14260143198091, 62.14260143198091, 62.14260143198091, 62.23150357995226, 59.837984211492554, 59.84393527904219, 59.84393527904219, 59.84393527904219, 59.84393527904219, 59.84393527904219, 59.84393527904219, 59.84393527904219, 59.84393527904219, 59.84393527904219, 59.67295260681635, 57.462843251008344, 57.457128966675505, 57.457128966675505, 57.457128966675505, 57.457128966675505, 57.457128966675505, 57.457128966675505, 57.457128966675505, 57.457128966675505, 57.457128966675505, 57.621762574029866, 57.621762574029866, 57.621762574029866, 57.621762574029866, 57.621762574029866, 57.621762574029866, 57.621762574029866, 57.621762574029866, 57.621762574029866, 57.621762574029866, 57.621762574029866, 57.4159705648369, 57.95256842058304, 57.95833197786008, 57.95833197786008, 57.95833197786008, 57.95833197786008, 57.95833197786008, 57.95833197786008, 57.95833197786008, 57.95833197786008, 57.95833197786008, 58.04142636062405, 60.88659431947817, 60.88053956666199, 60.88053956666199, 60.88053956666199, 60.88053956666199, 60.88053956666199, 60.88053956666199, 60.88053956666199, 60.88053956666199, 60.88053956666199, 60.924119050961664, 59.18342993521991, 59.18342993521991, 59.18342993521991, 59.18342993521991, 59.18342993521991, 59.18342993521991, 59.18342993521991, 59.18342993521991, 59.18342993521991, 59.18342993521991, 59.056426866689385, 60.20315360196491, 60.21512956249842, 60.21512956249842, 60.21512956249842, 60.21512956249842, 60.21512956249842, 60.21512956249842, 60.21512956249842, 60.21512956249842, 60.21512956249842, 60.34462446478337, 60.34462446478337, 60.338623010336356, 60.338623010336356, 60.338623010336356, 60.338623010336356, 60.338623010336356, 60.338623010336356, 60.338623010336356, 60.338623010336356, 60.338623010336356, 60.295462335793914, 54.95958071315729, 54.95411536105773, 54.95411536105773, 54.95411536105773, 54.95411536105773, 54.95411536105773, 54.95411536105773, 54.95411536105773, 54.95411536105773, 54.95411536105773, 55.03278982828902, 60.37577913200639, 60.3817836848788, 60.3817836848788, 60.3817836848788, 60.3817836848788]
====================================

====================================
TIME: 2026-08-17 09:59:33
FINISH CYCLE - DUT 1
Charging samples: [95.12937736939115, 96.6351066791928, 96.6351066791928, 96.6351066791928, 96.6351066791928, 96.6351066791928, 96.6351066791928, 96.6351066791928, 96.6351066791928, 107.25962945773388, 107.37582562909837, 97.3740088949104, 97.49006337712825, 97.49006337712825, 97.49006337712825, 97.49006337712825, 97.49006337712825, 97.49006337712825, 97.49006337712825, 97.49006337712825, 96.859216774887, 96.89733156751853, 96.07442429305976, 95.81220320192709, 95.81220320192709, 95.81220320192709, 95.81220320192709, 95.81220320192709, 95.81220320192709, 95.81220320192709, 95.81220320192709, 96.19622004842779, 96.17730054404223, 96.38193309839126, 96.17447802605122, 96.17447802605122, 96.17447802605122, 96.17447802605122, 96.17447802605122, 96.17447802605122, 96.17447802605122, 96.17447802605122, 95.83853923055104, 95.84796566305134, 95.34083356959606, 95.41208353313938, 95.41208353313938, 95.41208353313938, 95.41208353313938, 95.41208353313938, 95.41208353313938, 95.41208353313938, 95.41208353313938, 96.46319311637878, 96.47268005511958, 96.8827658364378, 96.99789433771787, 96.99789433771787, 96.99789433771787, 96.99789433771787, 96.99789433771787, 96.99789433771787, 96.99789433771787, 96.99789433771787, 95.79683076246131, 95.78741028544661, 95.58425565069487, 95.93894388123154, 95.93894388123154, 95.93894388123154, 95.93894388123154, 95.93894388123154, 95.93894388123154, 95.93894388123154, 95.93894388123154, 96.03517150799304, 96.06350603931915, 95.96174385071818, 96.12735620624426, 96.12735620624426, 96.12735620624426, 96.12735620624426, 96.12735620624426, 96.12735620624426, 96.12735620624426, 96.12735620624426, 95.0678362480592, 95.03979539575911, 95.1405799083739, 95.19112834363912, 95.19112834363912, 95.19112834363912, 95.19112834363912, 95.19112834363912, 95.19112834363912, 95.19112834363912, 95.19112834363912, 97.60225114869584, 97.62144907378408, 97.62144907378408, 97.7122999681138, 97.7122999681138, 97.7122999681138, 97.7122999681138, 97.7122999681138, 97.7122999681138, 97.7122999681138, 97.7122999681138, 96.11916464254674, 96.10026215195823, 96.30451350616005, 96.17664736740437, 96.17664736740437, 96.17664736740437, 96.17664736740437, 96.17664736740437, 96.17664736740437, 96.17664736740437, 96.17664736740437, 96.32156446539643, 96.34051048515752, 96.34051048515752, 96.33624687609019, 96.33624687609019, 96.33624687609019, 96.33624687609019, 96.33624687609019, 96.33624687609019, 96.33624687609019, 96.33624687609019, 96.67443831447166, 96.67443831447166, 96.36721022660791, 95.98913300773339, 95.98913300773339, 95.98913300773339, 95.98913300773339, 95.98913300773339, 95.98913300773339, 95.98913300773339, 95.98913300773339, 95.26957428953446, 95.26957428953446, 95.37060247011723, 95.39583390072795, 95.39583390072795, 95.39583390072795, 95.39583390072795, 95.39583390072795, 95.39583390072795, 95.39583390072795, 95.39583390072795, 95.10762896447199, 95.07957361669484, 95.07957361669484, 94.72871106853327, 94.72871106853327, 94.72871106853327, 94.72871106853327, 94.72871106853327, 94.72871106853327, 94.72871106853327, 94.72871106853327, 96.69026518661906, 96.70928559877339, 95.29452071018109, 95.2694090617002, 95.2694090617002, 95.2694090617002, 95.2694090617002, 95.2694090617002, 95.2694090617002, 95.2694090617002, 95.2694090617002, 93.52523878199564, 93.52523878199564, 93.91778962683088, 94.03342649898036, 94.03342649898036, 94.03342649898036, 94.03342649898036, 94.03342649898036, 94.03342649898036, 94.03342649898036, 94.03342649898036, 95.218323506276, 95.22768709399418, 96.03384740801741, 96.08032221318628, 96.08032221318628, 96.08032221318628, 96.08032221318628, 96.08032221318628, 96.08032221318628, 96.08032221318628, 96.08032221318628, 95.74554757132849, 95.76437658756669, 96.0693586786099, 96.45552024227233, 96.45552024227233, 96.45552024227233, 96.45552024227233, 96.45552024227233, 96.45552024227233, 96.45552024227233, 96.45552024227233, 96.35916108119115, 96.330742138678, 94.62310645947308, 94.62728629454948, 94.62728629454948, 94.62728629454948, 94.62728629454948, 94.62728629454948, 94.62728629454948, 94.62728629454948, 94.62728629454948, 94.48534536510765, 94.48534536510765, 96.19049490991318, 96.26278342118451, 96.26278342118451, 96.26278342118451, 96.26278342118451, 96.26278342118451, 96.26278342118451, 96.26278342118451, 96.26278342118451, 97.41967215533995, 97.43883228360338, 95.81146138951395, 96.25826381649475, 96.25826381649475, 96.25826381649475, 96.25826381649475, 96.25826381649475, 96.25826381649475, 96.25826381649475, 96.25826381649475, 95.35331230114917, 95.35331230114917, 96.66505098888985, 96.60498393545687, 96.60498393545687, 96.60498393545687, 96.60498393545687, 96.60498393545687, 96.60498393545687, 96.60498393545687, 96.60498393545687, 96.89450936183685, 96.90403590881964, 97.10955878455414, 96.91169203649918, 96.91169203649918, 96.91169203649918, 96.91169203649918, 96.91169203649918, 96.91169203649918, 96.91169203649918, 96.91169203649918, 97.00821762617697, 96.98914404819308, 96.57947501314261, 96.37030841532409, 96.37030841532409, 96.37030841532409, 96.37030841532409, 96.37030841532409, 96.37030841532409, 96.37030841532409, 96.37030841532409, 95.21961816558886, 95.21025537127562, 95.61411647571371, 95.43695174760765, 95.43695174760765, 95.43695174760765, 95.43695174760765, 95.43695174760765, 95.43695174760765, 95.43695174760765, 95.43695174760765, 95.725280906966, 95.71586746602718, 95.5132942015488, 95.39545449070309, 95.39545449070309, 95.39545449070309, 95.39545449070309, 95.39545449070309, 95.39545449070309, 95.39545449070309, 95.39545449070309, 95.92223661891481, 95.95997156644388, 95.75731059164674, 95.61827542579296, 95.61827542579296, 95.61827542579296, 95.61827542579296, 95.61827542579296, 95.61827542579296, 95.61827542579296, 95.61827542579296, 94.66352479747749, 94.63560594431269, 94.63560594431269, 94.8191699833512, 94.8191699833512, 94.8191699833512, 94.8191699833512, 94.8191699833512, 94.8191699833512, 94.8191699833512, 94.8191699833512, 95.87112244912718, 95.89940579727816, 96.2041708580746, 96.13636175086187, 96.13636175086187, 96.13636175086187, 96.13636175086187, 96.13636175086187, 96.13636175086187, 96.13636175086187, 96.13636175086187, 95.70482695996024, 95.66719234456113, 95.16315023526418, 95.5969159773641, 95.5969159773641, 95.5969159773641, 95.5969159773641, 95.5969159773641, 95.5969159773641, 95.5969159773641, 95.5969159773641, 95.64481022384574, 95.66362312908252, 95.26209690398669, 95.36760604906024, 95.36760604906024, 95.36760604906024, 95.36760604906024, 95.36760604906024, 95.36760604906024, 95.36760604906024, 95.36760604906024, 96.37047020881502, 96.3894221203605, 96.79569997966652, 96.74855156272562, 96.74855156272562, 96.74855156272562, 96.74855156272562, 96.74855156272562, 96.74855156272562, 96.74855156272562, 96.74855156272562, 95.40615342409512, 95.396774132567, 95.59824567244571, 95.44187365255709, 95.44187365255709, 95.44187365255709, 95.44187365255709, 95.44187365255709, 95.44187365255709, 95.44187365255709, 95.44187365255709, 95.8735203173174, 95.89237264655098, 96.19711535623281, 95.90879537015104, 95.90879537015104, 95.90879537015104, 95.90879537015104, 95.90879537015104, 95.90879537015104, 95.90879537015104, 95.90879537015104, 95.09316279321631, 95.08381519046458, 94.78259930284958, 94.82857578088155, 94.82857578088155, 94.82857578088155, 94.82857578088155, 94.82857578088155, 94.82857578088155, 94.82857578088155, 94.82857578088155, 94.44581664553994, 94.4272468821413, 93.44054628776156, 92.9976417892284, 92.9976417892284, 92.9976417892284, 92.9976417892284, 92.9976417892284, 92.9976417892284, 92.9976417892284, 92.9976417892284, 95.25898262300902, 95.27771595292505, 97.00082358186091, 97.077514178974, 97.077514178974, 97.077514178974, 97.077514178974, 97.077514178974, 97.077514178974, 97.077514178974, 97.077514178974, 95.30112049716291, 95.27301359965098, 94.96991811630112, 94.95323550805091, 94.95323550805091, 94.95323550805091, 94.95323550805091, 94.95323550805091, 94.95323550805091, 94.95323550805091, 94.95323550805091, 96.67530930064024, 96.6943230304663, 97.10622642995708, 97.21722937069917, 97.21722937069917, 97.21722937069917, 97.21722937069917, 97.21722937069917, 97.21722937069917, 97.21722937069917, 97.21722937069917, 96.06274470721733, 96.08163424506165, 95.37067077813202, 95.89345770958899, 95.89345770958899, 95.89345770958899, 95.89345770958899, 95.89345770958899, 95.89345770958899, 95.89345770958899, 95.89345770958899, 95.60534516764731, 95.59594721766524, 95.90007006141181, 95.79843165640082, 95.79843165640082, 95.79843165640082, 95.79843165640082, 95.79843165640082, 95.79843165640082, 95.79843165640082, 95.79843165640082, 97.7711768587677, 97.74234147432253, 98.05428511732566, 98.20607193639273, 98.20607193639273, 98.20607193639273, 98.20607193639273, 98.20607193639273, 98.20607193639273, 98.20607193639273, 98.20607193639273, 95.59626490658701, 95.6150664140915, 95.6150664140915, 95.72514397903863, 95.72514397903863, 95.72514397903863, 95.72514397903863, 95.72514397903863, 95.72514397903863, 95.72514397903863, 95.72514397903863, 96.98341179676108, 96.99294708452008, 96.58196002060265, 96.24528902198696, 96.24528902198696, 96.24528902198696, 96.24528902198696, 96.24528902198696, 96.24528902198696, 96.24528902198696, 96.24528902198696, 95.62094333471859, 95.61154292739114, 94.51025813974579, 94.47690795382024, 94.47690795382024, 94.47690795382024, 94.47690795382024, 94.47690795382024, 94.47690795382024, 94.47690795382024, 94.47690795382024, 94.19219602628489, 94.20145688520006, 94.59767752404422, 94.19465684942053, 94.19465684942053, 94.19465684942053, 94.19465684942053, 94.19465684942053, 94.19465684942053, 94.19465684942053, 94.19465684942053, 96.18769240996241, 96.17823628605264, 95.87578900213425, 95.80005108402496, 95.80005108402496, 95.80005108402496, 95.80005108402496, 95.80005108402496, 95.80005108402496, 95.80005108402496, 95.80005108402496, 94.19314346840738, 94.17462156427437, 94.67079976008193, 94.71236579439879, 94.71236579439879, 94.71236579439879, 94.71236579439879, 94.71236579439879, 94.71236579439879, 94.71236579439879, 94.71236579439879, 95.94795109828961, 95.97625711198758, 96.48460593143668, 96.65010268260552, 96.65010268260552, 96.65010268260552, 96.65010268260552, 96.65010268260552, 96.65010268260552, 96.65010268260552, 96.65010268260552, 95.78843757696566, 95.77902070343272, 96.08437358559031, 96.61553167413616, 96.61553167413616, 96.61553167413616, 96.61553167413616, 96.61553167413616, 96.61553167413616, 96.61553167413616, 96.61553167413616, 96.42239717803592, 96.43187730753922, 96.3295080110344, 96.34655144840367, 96.34655144840367, 96.34655144840367, 96.34655144840367, 96.34655144840367, 96.34655144840367, 96.34655144840367, 96.34655144840367, 97.02199046707051, 97.01245232408317, 96.80691746746436, 96.84118540285107, 96.84118540285107, 96.84118540285107, 96.84118540285107, 96.84118540285107, 96.84118540285107, 96.84118540285107, 96.84118540285107, 94.86680022059502, 94.85747303543914, 95.159887933533, 95.1556775053248, 95.1556775053248, 95.1556775053248, 95.1556775053248, 95.1556775053248, 95.1556775053248, 95.1556775053248, 95.1556775053248, 96.55644636200216, 96.56594060451562, 96.36113479199278, 96.0212515953366, 96.0212515953366, 96.0212515953366, 96.0212515953366, 96.0212515953366, 96.0212515953366, 96.0212515953366, 96.0212515953366, 95.685009093502, 95.69441672393101, 95.69441672393101, 95.77464767961695, 95.77464767961695, 95.77464767961695, 95.77464767961695, 95.77464767961695, 95.77464767961695, 95.77464767961695, 95.77464767961695, 95.14961232829413, 95.14025825708607, 93.84650997534746, 93.47528169221711, 93.47528169221711, 93.47528169221711, 93.47528169221711, 93.47528169221711, 93.47528169221711, 93.47528169221711, 93.47528169221711, 94.93952309315637, 94.94885742833415, 95.2477520477308, 94.65284361607215, 94.65284361607215, 94.65284361607215, 94.65284361607215, 94.65284361607215, 94.65284361607215, 94.65284361607215, 94.65284361607215, 93.42847847476972, 93.41010873853794, 94.70195066790068, 94.82620426597798, 94.82620426597798, 94.82620426597798, 94.82620426597798, 94.82620426597798, 94.82620426597798, 94.82620426597798, 94.82620426597798, 95.20856799285693, 95.25537653169313, 94.2526883576753, 94.48409484406355, 94.48409484406355, 94.48409484406355, 94.48409484406355, 94.48409484406355, 94.48409484406355, 94.48409484406355, 94.48409484406355, 94.57895839310379, 94.54177747579936, 95.64929563579277, 95.98595557027575, 95.98595557027575, 95.98595557027575, 95.98595557027575, 95.98595557027575, 95.98595557027575, 95.98595557027575, 95.98595557027575, 96.65987902964577, 96.67888598648968, 96.57603610778064, 96.6781204445605, 96.6781204445605, 96.6781204445605, 96.6781204445605, 96.6781204445605, 96.6781204445605, 96.6781204445605, 96.6781204445605, 95.81148390671085, 95.80206569341027, 95.9040913224767, 95.84921179139158, 95.84921179139158, 95.84921179139158, 95.84921179139158, 95.84921179139158, 95.84921179139158, 95.84921179139158, 95.84921179139158, 96.1382043897576, 96.1382043897576, 94.92510401890893, 94.94600066488677, 94.94600066488677, 94.94600066488677, 94.94600066488677, 94.94600066488677, 94.94600066488677, 94.94600066488677, 94.94600066488677, 95.4216820309433, 95.41230121281205, 96.42624702803856, 96.04145539150322, 96.04145539150322, 96.04145539150322, 96.04145539150322, 96.04145539150322, 96.04145539150322, 96.04145539150322, 96.04145539150322, 95.22754475259218, 95.22754475259218, 94.32538906546235, 94.16434672542152, 94.16434672542152, 94.16434672542152, 94.16434672542152, 94.16434672542152, 94.16434672542152, 94.16434672542152, 94.16434672542152, 94.3537169551358, 94.3722704340376, 94.57136805098706, 94.46797972663533, 94.46797972663533, 94.46797972663533, 94.46797972663533, 94.46797972663533, 94.46797972663533, 94.46797972663533, 94.46797972663533, 94.84717884244724, 94.8378554197752, 94.63819677678622, 94.62992058992337, 94.62992058992337, 94.62992058992337, 94.62992058992337, 94.62992058992337, 94.62992058992337, 94.62992058992337, 94.62992058992337, 93.82596824108343, 93.8167442961128, 93.52141351658673, 93.61965889540133, 93.61965889540133, 93.61965889540133, 93.61965889540133, 93.61965889540133, 93.61965889540133, 93.61965889540133, 93.61965889540133, 94.6105927849192, 94.62919677524168, 95.53138191398868, 95.7451174032457, 95.7451174032457, 95.7451174032457, 95.7451174032457, 95.7451174032457, 95.7451174032457, 95.7451174032457, 95.7451174032457, 96.27040233663007, 96.28932898606223, 96.18743551623572, 96.73913931579938, 96.73913931579938, 96.73913931579938, 96.73913931579938, 96.73913931579938, 96.73913931579938, 96.73913931579938, 96.73913931579938, 96.49921089487724, 96.48024299101586, 96.07358232508955, 96.14569690030706, 96.14569690030706, 96.14569690030706, 96.14569690030706, 96.14569690030706, 96.14569690030706, 96.14569690030706, 96.14569690030706, 96.57598594660382, 96.57598594660382, 96.98477318870584, 96.99333847822174, 96.99333847822174, 96.99333847822174, 96.99333847822174, 96.99333847822174, 96.99333847822174, 96.99333847822174, 96.99333847822174, 96.1770579068704, 96.1770579068704, 96.38103894166757, 96.41084004916313, 96.41084004916313, 96.41084004916313, 96.41084004916313, 96.41084004916313, 96.41084004916313, 96.41084004916313, 96.41084004916313, 96.41084004916313, 96.42979430848665, 96.73754897117331, 96.54564323569001, 96.54564323569001, 96.54564323569001, 96.54564323569001, 96.54564323569001, 96.54564323569001, 96.54564323569001, 96.54564323569001, 96.5938437565266, 96.58435050406894, 96.3792881887737, 96.09545836552867, 96.09545836552867, 96.09545836552867, 96.09545836552867, 96.09545836552867, 96.09545836552867, 96.09545836552867, 96.09545836552867, 95.42413280808486, 95.42413280808486, 95.83105874756495, 95.37412150331804, 95.37412150331804, 95.37412150331804, 95.37412150331804, 95.37412150331804, 95.37412150331804, 95.37412150331804, 95.37412150331804, 95.90131513976856, 95.87303678853803, 93.96960136640404, 94.1260663936551, 94.1260663936551, 94.1260663936551, 94.1260663936551, 94.1260663936551, 94.1260663936551, 94.1260663936551, 94.1260663936551, 93.32639466517325, 93.3355703995814, 95.02355411957382, 94.91957596695032, 94.91957596695032, 94.91957596695032, 94.91957596695032, 94.91957596695032, 94.91957596695032, 94.91957596695032, 94.91957596695032, 96.16348170038819, 96.17293544416525, 94.26752796404104, 94.54478539922938, 94.54478539922938, 94.54478539922938, 94.54478539922938, 94.54478539922938, 94.54478539922938, 94.54478539922938, 94.54478539922938, 94.26256215923168, 94.26256215923168, 95.55792506416824, 95.77234075241996, 95.77234075241996, 95.77234075241996, 95.77234075241996, 95.77234075241996, 95.77234075241996, 95.77234075241996, 95.77234075241996, 94.43420425488117, 94.42492142737157, 94.92664789616738, 94.94753476641384, 94.94753476641384, 94.94753476641384, 94.94753476641384, 94.94753476641384, 94.94753476641384, 94.94753476641384, 94.94753476641384, 97.06175112760927, 97.07129317943071, 97.07129317943071, 97.52190928906599, 97.52190928906599, 97.52190928906599, 97.52190928906599, 97.52190928906599, 97.52190928906599, 97.52190928906599, 97.52190928906599, 97.47363111615064, 97.47363111615064, 96.24626115456219, 96.1782275703575, 96.1782275703575, 96.1782275703575, 96.1782275703575, 96.1782275703575, 96.1782275703575, 96.1782275703575, 96.1782275703575, 92.74839478924518, 92.73927767582836, 93.92192521260831, 93.80174625782695, 93.80174625782695, 93.80174625782695, 93.80174625782695, 93.80174625782695, 93.80174625782695, 93.80174625782695, 93.80174625782695, 95.05436331109017, 95.02632918899684, 95.02632918899684, 94.67127015426716, 94.67127015426716, 94.67127015426716, 94.67127015426716, 94.67127015426716, 94.67127015426716, 94.67127015426716, 94.67127015426716, 95.72690519906892, 95.71749159840033, 95.92136272001568, 96.00154335757308, 96.00154335757308, 96.00154335757308, 96.00154335757308, 96.00154335757308, 96.00154335757308, 96.00154335757308, 96.00154335757308, 95.1353640190085, 95.15407671846148, 94.8510382575747, 94.51422995899665, 94.51422995899665, 94.51422995899665, 94.51422995899665, 94.51422995899665, 94.51422995899665, 94.51422995899665, 94.51422995899665, 96.37869883527428, 96.40712912991596, 96.40712912991596, 96.21731810389016, 96.21731810389016, 96.21731810389016, 96.21731810389016, 96.21731810389016, 96.21731810389016, 96.21731810389016, 96.21731810389016, 95.97868388240234, 95.9503799355187, 95.9503799355187, 96.15230988276986, 96.15230988276986, 96.15230988276986, 96.15230988276986, 96.15230988276986, 96.15230988276986, 96.15230988276986, 96.15230988276986, 95.72199124082809, 95.74081562455291, 96.04669682463137, 96.20276058039575, 96.20276058039575, 96.20276058039575, 96.20276058039575, 96.20276058039575, 96.20276058039575, 96.20276058039575, 96.20276058039575, 96.29886723432222, 96.29886723432222, 96.29886723432222, 96.33271123282306, 96.33271123282306, 96.33271123282306, 96.33271123282306, 96.33271123282306, 96.33271123282306, 96.33271123282306, 96.33271123282306, 97.48639639728802, 97.48639639728802, 97.69447835331214, 98.16020352047866, 98.16020352047866, 98.16020352047866, 98.16020352047866, 98.16020352047866, 98.16020352047866, 98.16020352047866, 98.16020352047866, 96.22410483171181, 96.21464512813024, 96.31743855241244, 96.21551084284596, 96.21551084284596, 96.21551084284596, 96.21551084284596, 96.21551084284596, 96.21551084284596, 96.21551084284596, 96.21551084284596, 97.23187187287603, 97.26055102100489, 96.7437574449103, 96.70964319183322, 96.70964319183322, 96.70964319183322, 96.70964319183322, 96.70964319183322, 96.70964319183322, 96.70964319183322, 96.70964319183322, 96.46895219334681, 96.44050646339005, 96.64591755276894, 96.2851717688244, 96.2851717688244, 96.2851717688244, 96.2851717688244, 96.2851717688244, 96.2851717688244, 96.2851717688244, 96.2851717688244, 95.22814892505488, 95.20942350003766, 95.00706553298126, 94.6206383694314, 94.6206383694314, 94.6206383694314, 94.6206383694314, 94.6206383694314, 94.6206383694314, 94.6206383694314, 94.6206383694314, 96.38701759227148, 96.3964961071296, 96.49904557107337, 96.52437451255925, 96.52437451255925, 96.52437451255925, 96.52437451255925, 96.52437451255925, 96.52437451255925, 96.52437451255925, 96.52437451255925, 94.80328611114658, 94.81260796818799, 94.81260796818799, 94.82920173024763, 94.82920173024763, 94.82920173024763, 94.82920173024763, 94.82920173024763, 94.82920173024763, 94.82920173024763, 94.82920173024763, 95.1639492905662, 95.17330569104703, 95.17330569104703, 95.28169878526788, 95.28169878526788, 95.28169878526788, 95.28169878526788, 95.28169878526788, 95.28169878526788, 95.28169878526788, 95.28169878526788, 95.95202229430996, 95.94258933891334, 96.04476462042442, 96.66722209327524, 96.66722209327524, 96.66722209327524, 96.66722209327524, 96.66722209327524, 96.66722209327524, 96.66722209327524, 96.66722209327524, 96.28132499909051, 96.28132499909051, 96.4868347642967, 96.3721161708476, 96.3721161708476, 96.3721161708476, 96.3721161708476, 96.3721161708476, 96.3721161708476, 96.3721161708476, 96.3721161708476, 97.53089913081772, 97.52131001478872, 97.00368098073994, 97.32511228203691, 97.32511228203691, 97.32511228203691, 97.32511228203691, 97.32511228203691, 97.32511228203691, 97.32511228203691, 97.32511228203691, 95.83150907374824, 95.85035499490334, 95.95221509585433, 96.07531238573623, 96.07531238573623, 96.07531238573623, 96.07531238573623, 96.07531238573623, 96.07531238573623, 96.07531238573623, 96.07531238573623, 96.1236157102137, 96.13306553480182, 95.92917780302068, 95.41842225808689, 95.41842225808689, 95.41842225808689, 95.41842225808689, 95.41842225808689, 95.41842225808689, 95.41842225808689, 95.41842225808689, 95.17867747854397, 95.17867747854397, 95.38097009805205, 95.3180566575054, 95.3180566575054, 95.3180566575054, 95.3180566575054, 95.3180566575054, 95.3180566575054, 95.3180566575054, 95.3180566575054, 94.98192245266786, 94.94457578110482, 94.74320870627746, 94.3738637402302, 94.3738637402302, 94.3738637402302, 94.3738637402302, 94.3738637402302, 94.3738637402302, 94.3738637402302, 94.3738637402302, 96.04377538376309, 96.05322014483929, 95.8499329064375, 95.99289209747185, 95.99289209747185, 95.99289209747185, 95.99289209747185, 95.99289209747185, 95.99289209747185, 95.99289209747185, 95.99289209747185, 94.51461109646758, 94.52390456855177, 95.12789117921344, 95.02368026472764, 95.02368026472764, 95.02368026472764, 95.02368026472764, 95.02368026472764, 95.02368026472764, 95.02368026472764, 95.02368026472764, 96.50992349792973, 96.50992349792973, 96.40725336654896, 96.750656511786, 96.750656511786, 96.750656511786, 96.750656511786, 96.750656511786, 96.750656511786, 96.750656511786, 96.750656511786, 95.45295769121064, 95.45295769121064, 95.45295769121064, 95.60852124821082, 95.60852124821082, 95.60852124821082, 95.60852124821082, 95.60852124821082, 95.60852124821082, 95.60852124821082, 95.60852124821082, 95.7529449963199, 95.74353068651789, 95.43893833014509, 95.63270587056026, 95.63270587056026, 95.63270587056026, 95.63270587056026, 95.63270587056026, 95.63270587056026, 95.63270587056026, 95.63270587056026, 97.74826095266414, 97.75787238441957, 98.38385662594203, 98.58400953403068, 98.58400953403068, 98.58400953403068, 98.58400953403068, 98.58400953403068, 98.58400953403068, 98.58400953403068, 98.58400953403068, 96.69282587843443, 96.69282587843443, 96.17959431857014, 96.08185946528187, 96.08185946528187, 96.08185946528187, 96.08185946528187, 96.08185946528187, 96.08185946528187, 96.08185946528187, 96.08185946528187, 97.28649662006221, 97.296061706742, 97.39945815914021, 97.33925008715913, 97.33925008715913, 97.33925008715913, 97.33925008715913, 97.33925008715913, 97.33925008715913, 97.33925008715913, 97.33925008715913, 96.51965263719296, 96.52914139580851, 96.73474127098592, 96.3264342378337, 96.3264342378337, 96.3264342378337, 96.3264342378337, 96.3264342378337, 96.3264342378337, 96.3264342378337, 96.3264342378337, 95.5565926055633, 95.53780629029629, 95.33475037894604, 95.07557496355119, 95.07557496355119, 95.07557496355119, 95.07557496355119, 95.07557496355119, 95.07557496355119, 95.07557496355119, 95.07557496355119, 95.12344786131732, 95.12344786131732, 95.2246430186166, 95.22881862234468, 95.22881862234468, 95.22881862234468, 95.22881862234468, 95.22881862234468, 95.22881862234468, 95.22881862234468, 95.22881862234468, 96.57074460192477, 96.58023931676126, 96.27298510896668, 96.20548728846174, 96.20548728846174, 96.20548728846174, 96.20548728846174, 96.20548728846174, 96.20548728846174, 96.20548728846174, 96.20548728846174, 94.7731475273432, 94.745196343448, 94.94656764279644, 94.93824738974973, 94.93824738974973, 94.93824738974973, 94.93824738974973, 94.93824738974973, 94.93824738974973, 94.93824738974973, 94.93824738974973, 96.27742669801822, 96.31529764961545, 96.21305211070927, 96.21305211070927, 96.21305211070927, 96.21305211070927, 96.21305211070927, 96.21305211070927, 96.21305211070927, 96.21305211070927, 96.21305211070927, 95.78288943361221, 95.78288943361221, 95.27717196036188, 95.88213305927682, 95.88213305927682, 95.88213305927682, 95.88213305927682, 95.88213305927682, 95.88213305927682, 95.88213305927682, 95.88213305927682, 94.92522554371519, 94.92522554371519, 95.12612549195586, 95.08000881586896, 95.08000881586896, 95.08000881586896, 95.08000881586896, 95.08000881586896, 95.08000881586896, 95.08000881586896, 95.08000881586896, 97.0448678690195, 97.025788960562, 96.6168288384943, 96.85587374504884, 96.85587374504884, 96.85587374504884, 96.85587374504884, 96.85587374504884, 96.85587374504884, 96.85587374504884, 96.85587374504884, 95.51663203400618, 95.53541418562038, 94.73679003359847, 94.62808939190063, 94.62808939190063, 94.62808939190063, 94.62808939190063, 94.62808939190063, 94.62808939190063, 94.62808939190063, 94.62808939190063, 94.72285963665966, 94.70423723232729, 95.60332809212782, 95.39704146231084, 95.39704146231084, 95.39704146231084, 95.39704146231084, 95.39704146231084, 95.39704146231084, 95.39704146231084, 95.39704146231084, 95.34931908038872, 95.34931908038872, 95.85488280828052, 95.76211049638124, 95.76211049638124, 95.76211049638124, 95.76211049638124, 95.76211049638124, 95.76211049638124, 95.76211049638124, 95.76211049638124, 95.66625252791638, 95.67565831422333, 94.97067977927644, 94.49676174492153, 94.49676174492153, 94.49676174492153, 94.49676174492153, 94.49676174492153, 94.49676174492153, 94.49676174492153, 94.49676174492153, 94.44941867791505, 94.44013344210322, 94.53964886195793, 94.5272355677271, 94.5272355677271, 94.5272355677271, 94.5272355677271, 94.5272355677271, 94.5272355677271, 94.5272355677271, 94.5272355677271, 94.14817898399687, 94.14817898399687, 94.24749140908547, 94.27637510243792, 94.27637510243792, 94.27637510243792, 94.27637510243792, 94.27637510243792, 94.27637510243792, 94.27637510243792, 94.27637510243792, 94.75084100632537, 94.74152522213441, 93.94870911148894, 94.08876506403818, 94.08876506403818, 94.08876506403818, 94.08876506403818, 94.08876506403818, 94.08876506403818, 94.08876506403818, 94.08876506403818, 94.27722528449696, 94.30503567543636, 95.10085876130503, 95.20521840791342, 95.20521840791342, 95.20521840791342, 95.20521840791342, 95.20521840791342, 95.20521840791342, 95.20521840791342, 95.20521840791342, 94.68185139017874, 94.65392987694071, 94.05862214186561, 94.23648927551707, 94.23648927551707, 94.23648927551707, 94.23648927551707, 94.23648927551707, 94.23648927551707, 94.23648927551707, 94.23648927551707]
Discharging samples: []
====================================

====================================
TIME: 2026-08-17 09:59:33
FINISH CYCLE - DUT 2
Charging samples: []
Discharging samples: [0.048193349292539066, 0.048193349292539066, 0.048193349292539066, 0.048193349292539066, 0.048193349292539066, 0.048193349292539066, 0.048193349292539066, 0.048193349292539066, 0.2045944073739866, 7.4904285810809546, 59.39909864797196, 58.86264390631203, 58.86264390631203, 58.86264390631203, 58.86264390631203, 58.86264390631203, 58.86264390631203, 58.86264390631203, 58.86264390631203, 58.20861452957523, 61.56510520047638, 58.63343352426321, 58.755890222822096, 58.755890222822096, 58.755890222822096, 58.755890222822096, 58.755890222822096, 58.755890222822096, 58.755890222822096, 58.755890222822096, 58.623854514456205, 58.7500177594658, 62.94644759942764, 62.93392966215025, 62.93392966215025, 62.93392966215025, 62.93392966215025, 62.93392966215025, 62.93392966215025, 62.93392966215025, 62.93392966215025, 62.93392966215025, 62.978979003354354, 62.34282770029017, 62.34282770029017, 62.34282770029017, 62.34282770029017, 62.34282770029017, 62.34282770029017, 62.34282770029017, 62.34282770029017, 62.34282770029017, 62.34282770029017, 62.34282770029017, 63.62824682813121, 63.62192069502044, 63.62192069502044, 63.62192069502044, 63.62192069502044, 63.62192069502044, 63.62192069502044, 63.62192069502044, 63.62192069502044, 63.62192069502044, 63.576411452749326, 54.095718516813015, 54.095718516813015, 54.095718516813015, 54.095718516813015, 54.095718516813015, 54.095718516813015, 54.095718516813015, 54.095718516813015, 54.095718516813015, 53.97388131294632, 53.97388131294632, 59.7380822298629, 59.74402218036802, 59.74402218036802, 59.74402218036802, 59.74402218036802, 59.74402218036802, 59.74402218036802, 59.74402218036802, 59.74402218036802, 59.74402218036802, 59.74402218036802, 58.606040805503866, 58.606040805503866, 58.606040805503866, 58.606040805503866, 58.606040805503866, 58.606040805503866, 58.606040805503866, 58.606040805503866, 58.606040805503866, 58.606040805503866, 58.64799215897952, 57.551768006475235, 57.551768006475235, 57.551768006475235, 57.551768006475235, 57.551768006475235, 57.551768006475235, 57.551768006475235, 57.551768006475235, 57.551768006475235, 57.551768006475235, 57.551768006475235, 59.21191516050818, 59.21191516050818, 59.21191516050818, 59.21191516050818, 59.21191516050818, 59.21191516050818, 59.21191516050818, 59.21191516050818, 59.21191516050818, 59.21191516050818, 59.21191516050818, 59.78678812323156, 59.78678812323156, 59.78678812323156, 59.78678812323156, 59.78678812323156, 59.78678812323156, 59.78678812323156, 59.78678812323156, 59.78678812323156, 59.78678812323156, 59.78678812323156, 58.64799215897952, 58.642161179444926, 58.642161179444926, 58.642161179444926, 58.642161179444926, 58.642161179444926, 58.642161179444926, 58.642161179444926, 58.642161179444926, 58.642161179444926, 58.60021399691313, 62.15174211793818, 62.1579220664435, 62.1579220664435, 62.1579220664435, 62.1579220664435, 62.1579220664435, 62.1579220664435, 62.1579220664435, 62.1579220664435, 62.1579220664435, 62.1579220664435, 62.1579220664435, 62.1579220664435, 62.1579220664435, 62.1579220664435, 62.1579220664435, 62.1579220664435, 62.1579220664435, 62.1579220664435, 62.1579220664435, 62.1579220664435, 62.20241592619041, 58.64799215897952, 58.642161179444926, 58.642161179444926, 58.642161179444926, 58.642161179444926, 58.642161179444926, 58.642161179444926, 58.642161179444926, 58.642161179444926, 58.642161179444926, 58.55826681438134, 60.28056877951021, 60.2865626712055, 60.2865626712055, 60.2865626712055, 60.2865626712055, 60.2865626712055, 60.2865626712055, 60.2865626712055, 60.2865626712055, 60.2865626712055, 60.329747888018694, 60.329747888018694, 60.329747888018694, 60.329747888018694, 60.329747888018694, 60.329747888018694, 60.329747888018694, 60.329747888018694, 60.329747888018694, 60.329747888018694, 60.329747888018694, 60.37293310483187, 60.37293310483187, 60.366930625899194, 60.366930625899194, 60.366930625899194, 60.366930625899194, 60.366930625899194, 60.366930625899194, 60.366930625899194, 60.366930625899194, 60.366930625899194, 60.323749702704696, 58.60021399691313, 58.60021399691313, 58.60021399691313, 58.60021399691313, 58.60021399691313, 58.60021399691313, 58.60021399691313, 58.60021399691313, 58.60021399691313, 58.60021399691313, 58.60021399691313, 59.1636775930373, 59.1695604286337, 59.1695604286337, 59.1695604286337, 59.1695604286337, 59.1695604286337, 59.1695604286337, 59.1695604286337, 59.1695604286337, 59.1695604286337, 59.12720569675925, 61.492293924629614, 61.48618015510041, 61.48618015510041, 61.48618015510041, 61.48618015510041, 61.48618015510041, 61.48618015510041, 61.48618015510041, 61.48618015510041, 61.48618015510041, 61.57426923841718, 59.78084392079337, 59.78678812323156, 59.78678812323156, 59.78678812323156, 59.78678812323156, 59.78678812323156, 59.78678812323156, 59.78678812323156, 59.78678812323156, 59.78678812323156, 59.829554066095106, 56.53618411750271, 56.53056310098674, 56.53056310098674, 56.53056310098674, 56.53056310098674, 56.53056310098674, 56.53056310098674, 56.53056310098674, 56.53056310098674, 56.53056310098674, 56.490155264602905, 56.490155264602905, 56.490155264602905, 56.490155264602905, 56.490155264602905, 56.490155264602905, 56.490155264602905, 56.490155264602905, 56.490155264602905, 56.490155264602905, 56.490155264602905, 56.44974742821908, 59.1636775930373, 59.1636775930373, 59.1636775930373, 59.1636775930373, 59.1636775930373, 59.1636775930373, 59.1636775930373, 59.1636775930373, 59.1636775930373, 59.1636775930373, 59.24837863468804, 63.52403482482018, 63.53035122482263, 63.53035122482263, 63.53035122482263, 63.53035122482263, 63.53035122482263, 63.53035122482263, 63.53035122482263, 63.53035122482263, 63.53035122482263, 63.484939965905674, 59.21191516050818, 59.20602811386267, 59.20602811386267, 59.20602811386267, 59.20602811386267, 59.20602811386267, 59.20602811386267, 59.20602811386267, 59.20602811386267, 59.20602811386267, 59.20602811386267, 60.96462300833384, 60.96462300833384, 60.96462300833384, 60.96462300833384, 60.96462300833384, 60.96462300833384, 60.96462300833384, 60.96462300833384, 60.96462300833384, 60.96462300833384, 60.96462300833384, 59.78084392079337, 59.78678812323156, 59.78678812323156, 59.78678812323156, 59.78678812323156, 59.78678812323156, 59.78678812323156, 59.78678812323156, 59.78678812323156, 59.78678812323156, 59.78678812323156, 62.83713445604949, 62.83088697797671, 62.83088697797671, 62.83088697797671, 62.83088697797671, 62.83088697797671, 62.83088697797671, 62.83088697797671, 62.83088697797671, 62.83088697797671, 62.785943568121226, 61.53022469675879, 61.53634284577906, 61.53634284577906, 61.53634284577906, 61.53634284577906, 61.53634284577906, 61.53634284577906, 61.53634284577906, 61.53634284577906, 61.53634284577906, 61.580391766928514, 57.01888126567454, 57.013212257793676, 57.013212257793676, 57.013212257793676, 57.013212257793676, 57.013212257793676, 57.013212257793676, 57.013212257793676, 57.013212257793676, 57.013212257793676, 56.97243027477666, 60.92101455124633, 60.92707212453372, 60.92707212453372, 60.92707212453372, 60.92707212453372, 60.92707212453372, 60.92707212453372, 60.92707212453372, 60.92707212453372, 60.92707212453372, 60.970684917750994, 60.37293310483187, 60.366930625899194, 60.366930625899194, 60.366930625899194, 60.366930625899194, 60.366930625899194, 60.366930625899194, 60.366930625899194, 60.366930625899194, 60.366930625899194, 60.366930625899194, 56.490155264602905, 56.50139037901511, 56.50139037901511, 56.50139037901511, 56.50139037901511, 56.50139037901511, 56.50139037901511, 56.50139037901511, 56.50139037901511, 56.50139037901511, 56.46097450606876, 59.74996331224752, 59.74402218036802, 59.74402218036802, 59.74402218036802, 59.74402218036802, 59.74402218036802, 59.74402218036802, 59.74402218036802, 59.74402218036802, 59.74402218036802, 59.78678812323156, 55.982174333571365, 55.97660839856107, 55.97660839856107, 55.97660839856107, 55.97660839856107, 55.97660839856107, 55.97660839856107, 55.97660839856107, 55.97660839856107, 55.97660839856107, 56.016648890977784, 57.0539942408107, 57.0539942408107, 57.0539942408107, 57.0539942408107, 57.0539942408107, 57.0539942408107, 57.0539942408107, 57.0539942408107, 57.0539942408107, 57.182784295530375, 57.10103621219152, 59.29722991266042, 59.29722991266042, 59.29722991266042, 59.29722991266042, 59.29722991266042, 59.29722991266042, 59.29722991266042, 59.29722991266042, 59.29722991266042, 59.1636775930373, 59.20602811386267, 59.78084392079337, 59.78084392079337, 59.78084392079337, 59.78084392079337, 59.78084392079337, 59.78084392079337, 59.78084392079337, 59.78084392079337, 59.78084392079337, 59.915789392397876, 59.87293117394839, 59.87293117394839, 59.86697899866517, 59.86697899866517, 59.86697899866517, 59.86697899866517, 59.86697899866517, 59.86697899866517, 59.86697899866517, 59.86697899866517, 59.73214346037987, 59.73214346037987, 59.73214346037987, 59.74402218036802, 59.74402218036802, 59.74402218036802, 59.74402218036802, 59.74402218036802, 59.74402218036802, 59.74402218036802, 59.74402218036802, 59.74402218036802, 59.74402218036802, 59.74402218036802, 59.73214346037987, 59.73214346037987, 59.73214346037987, 59.73214346037987, 59.73214346037987, 59.73214346037987, 59.73214346037987, 59.73214346037987, 59.73214346037987, 59.77490090022266, 59.77490090022266, 59.78084392079337, 59.78084392079337, 59.78084392079337, 59.78084392079337, 59.78084392079337, 59.78084392079337, 59.78084392079337, 59.78084392079337, 59.78084392079337, 59.7380822298629, 58.60021399691313, 58.60021399691313, 58.60021399691313, 58.60021399691313, 58.60021399691313, 58.60021399691313, 58.60021399691313, 58.60021399691313, 58.60021399691313, 58.60021399691313, 58.60021399691313, 62.785943568121226, 62.785943568121226, 62.785943568121226, 62.785943568121226, 62.785943568121226, 62.785943568121226, 62.785943568121226, 62.785943568121226, 62.785943568121226, 62.927672560374326, 62.927672560374326, 59.29722991266042, 59.29722991266042, 59.29722991266042, 59.29722991266042, 59.29722991266042, 59.29722991266042, 59.29722991266042, 59.29722991266042, 59.29722991266042, 59.29722991266042, 59.33967603285559, 58.77453626111411, 58.77453626111411, 58.77453626111411, 58.77453626111411, 58.77453626111411, 58.77453626111411, 58.77453626111411, 58.77453626111411, 58.77453626111411, 58.77453626111411, 58.77453626111411, 58.77453626111411, 58.77453626111411, 58.77453626111411, 58.77453626111411, 58.77453626111411, 58.77453626111411, 58.77453626111411, 58.77453626111411, 58.77453626111411, 58.77453626111411, 58.7324943896827, 58.7324943896827, 58.7324943896827, 58.7324943896827, 58.7324943896827, 58.7324943896827, 58.7324943896827, 58.7324943896827, 58.7324943896827, 58.7324943896827, 58.7324943896827, 58.81657813254553, 63.667429937291566, 63.667429937291566, 63.667429937291566, 63.667429937291566, 63.667429937291566, 63.667429937291566, 63.667429937291566, 63.667429937291566, 63.667429937291566, 63.667429937291566, 63.576411452749326, 65.60544586081579, 65.60544586081579, 65.60544586081579, 65.60544586081579, 65.60544586081579, 65.60544586081579, 65.60544586081579, 65.60544586081579, 65.60544586081579, 65.60544586081579, 65.60544586081579, 61.05853377145232, 61.052463731312, 61.052463731312, 61.052463731312, 61.052463731312, 61.052463731312, 61.052463731312, 61.052463731312, 61.052463731312, 61.052463731312, 61.00876118032323, 57.58770915152006, 57.593434714171835, 57.593434714171835, 57.593434714171835, 57.593434714171835, 57.593434714171835, 57.593434714171835, 57.593434714171835, 57.593434714171835, 57.593434714171835, 57.593434714171835, 61.01482687540975, 61.01482687540975, 61.01482687540975, 61.01482687540975, 61.01482687540975, 61.01482687540975, 61.01482687540975, 61.01482687540975, 61.01482687540975, 61.01482687540975, 61.05853377145232, 60.4599206952616, 60.4599206952616, 60.4599206952616, 60.4599206952616, 60.4599206952616, 60.4599206952616, 60.4599206952616, 60.4599206952616, 60.4599206952616, 60.4599206952616, 60.4599206952616, 57.63469075623069, 57.63469075623069, 57.63469075623069, 57.63469075623069, 57.63469075623069, 57.63469075623069, 57.63469075623069, 57.63469075623069, 57.63469075623069, 57.63469075623069, 57.675946798289544, 57.14191025386094, 57.13622957881831, 57.13622957881831, 57.13622957881831, 57.13622957881831, 57.13622957881831, 57.13622957881831, 57.13622957881831, 57.13622957881831, 57.13622957881831, 57.13622957881831, 66.35175047862771, 66.36494561643792, 66.36494561643792, 66.36494561643792, 66.36494561643792, 66.36494561643792, 66.36494561643792, 66.36494561643792, 66.36494561643792, 66.36494561643792, 66.36494561643792, 61.71939942328727, 61.713263074169824, 61.713263074169824, 61.713263074169824, 61.713263074169824, 61.713263074169824, 61.713263074169824, 61.713263074169824, 61.713263074169824, 61.713263074169824, 61.713263074169824, 61.713263074169824, 61.71939942328727, 61.71939942328727, 61.71939942328727, 61.71939942328727, 61.71939942328727, 61.71939942328727, 61.71939942328727, 61.71939942328727, 61.71939942328727, 61.71939942328727, 58.22584851253516, 58.22005950393378, 58.22005950393378, 58.22005950393378, 58.22005950393378, 58.22005950393378, 58.22005950393378, 58.22005950393378, 58.22005950393378, 58.22005950393378, 58.178414253930974, 61.05853377145232, 61.064605018720044, 61.064605018720044, 61.064605018720044, 61.064605018720044, 61.064605018720044, 61.064605018720044, 61.064605018720044, 61.064605018720044, 61.064605018720044, 61.10831626068046, 56.623302223199325, 56.61767254510992, 56.61767254510992, 56.61767254510992, 56.61767254510992, 56.61767254510992, 56.61767254510992, 56.61767254510992, 56.61767254510992, 56.61767254510992, 56.57717349464847, 59.29722991266042, 59.30312602779543, 59.30312602779543, 59.30312602779543, 59.30312602779543, 59.30312602779543, 59.30312602779543, 59.30312602779543, 59.30312602779543, 59.30312602779543, 59.38802670929548, 59.38802670929548, 59.38802670929548, 59.38802670929548, 59.38802670929548, 59.38802670929548, 59.38802670929548, 59.38802670929548, 59.38802670929548, 59.38802670929548, 59.38802670929548, 59.30312602779543, 58.184199121610604, 58.178414253930974, 58.178414253930974, 58.178414253930974, 58.178414253930974, 58.178414253930974, 58.178414253930974, 58.178414253930974, 58.178414253930974, 58.178414253930974, 58.178414253930974, 60.4599206952616, 60.4659324204973, 60.4659324204973, 60.4659324204973, 60.4659324204973, 60.4659324204973, 60.4659324204973, 60.4659324204973, 60.4659324204973, 60.4659324204973, 60.509215120869875, 60.509215120869875, 60.50319909232336, 60.50319909232336, 60.50319909232336, 60.50319909232336, 60.50319909232336, 60.50319909232336, 60.50319909232336, 60.50319909232336, 60.50319909232336, 60.41664229819986, 62.88262769812639, 62.88262769812639, 62.88262769812639, 62.88262769812639, 62.88262769812639, 62.88262769812639, 62.88262769812639, 62.88262769812639, 62.88262769812639, 62.88262769812639, 62.97271742262227, 60.50319909232336, 60.50319909232336, 60.50319909232336, 60.50319909232336, 60.50319909232336, 60.50319909232336, 60.50319909232336, 60.50319909232336, 60.50319909232336, 60.50319909232336, 60.4599206952616, 61.669119109166836, 61.669119109166836, 61.669119109166836, 61.669119109166836, 61.669119109166836, 61.669119109166836, 61.669119109166836, 61.669119109166836, 61.669119109166836, 61.669119109166836, 61.669119109166836, 61.05853377145232, 61.05853377145232, 61.05853377145232, 61.05853377145232, 61.05853377145232, 61.05853377145232, 61.05853377145232, 61.05853377145232, 61.05853377145232, 61.05853377145232, 61.05853377145232, 56.57717349464847, 56.57717349464847, 56.57717349464847, 56.57717349464847, 56.57717349464847, 56.57717349464847, 56.57717349464847, 56.57717349464847, 56.57717349464847, 56.57717349464847, 56.61767254510992, 58.77453626111411, 58.77453626111411, 58.77453626111411, 58.77453626111411, 58.77453626111411, 58.77453626111411, 58.77453626111411, 58.77453626111411, 58.77453626111411, 58.77453626111411, 58.7324943896827, 59.87293117394839, 59.87888453291965, 59.87888453291965, 59.87888453291965, 59.87888453291965, 59.87888453291965, 59.87888453291965, 59.87888453291965, 59.87888453291965, 59.87888453291965, 59.83602205293904, 61.63110271452721, 61.63110271452721, 61.63110271452721, 61.63110271452721, 61.63110271452721, 61.63110271452721, 61.63110271452721, 61.63110271452721, 61.63110271452721, 61.63110271452721, 61.675251068907244, 59.30312602779543, 59.29722991266042, 59.29722991266042, 59.29722991266042, 59.29722991266042, 59.29722991266042, 59.29722991266042, 59.29722991266042, 59.29722991266042, 59.29722991266042, 59.29722991266042, 55.557764963213366, 55.563289251267776, 55.563289251267776, 55.563289251267776, 55.563289251267776, 55.563289251267776, 55.563289251267776, 55.563289251267776, 55.563289251267776, 55.563289251267776, 55.563289251267776, 58.73833435134023, 58.73833435134023, 58.73833435134023, 58.73833435134023, 58.73833435134023, 58.73833435134023, 58.73833435134023, 58.73833435134023, 58.73833435134023, 58.73833435134023, 58.78038040313073, 59.34557636854545, 59.33967603285559, 59.33967603285559, 59.33967603285559, 59.33967603285559, 59.33967603285559, 59.33967603285559, 59.33967603285559, 59.33967603285559, 59.33967603285559, 59.33967603285559, 60.50319909232336, 60.509215120869875, 60.509215120869875, 60.509215120869875, 60.509215120869875, 60.509215120869875, 60.509215120869875, 60.509215120869875, 60.509215120869875, 60.509215120869875, 60.509215120869875, 58.22584851253516, 58.22005950393378, 58.22005950393378, 58.22005950393378, 58.22005950393378, 58.22005950393378, 58.22005950393378, 58.22005950393378, 58.22005950393378, 58.22005950393378, 58.136769003928165, 62.88262769812639, 62.88888032094613, 62.88888032094613, 62.88888032094613, 62.88888032094613, 62.88888032094613, 62.88888032094613, 62.88888032094613, 62.88888032094613, 62.88888032094613, 62.978979003354354, 60.509215120869875, 60.50319909232336, 60.50319909232336, 60.50319909232336, 60.50319909232336, 60.50319909232336, 60.50319909232336, 60.50319909232336, 60.50319909232336, 60.50319909232336, 60.50319909232336, 56.10296643106347, 56.108544930261154, 56.108544930261154, 56.108544930261154, 56.108544930261154, 56.108544930261154, 56.108544930261154, 56.108544930261154, 56.108544930261154, 56.108544930261154, 56.108544930261154, 60.509215120869875, 60.50319909232336, 60.50319909232336, 60.50319909232336, 60.50319909232336, 60.50319909232336, 60.50319909232336, 60.50319909232336, 60.50319909232336, 60.50319909232336, 60.50319909232336, 58.22005950393378, 58.22005950393378, 58.22005950393378, 58.22005950393378, 58.22005950393378, 58.22005950393378, 58.22005950393378, 58.22005950393378, 58.22005950393378, 58.22005950393378, 58.22005950393378, 64.28464903559356, 64.29104106592425, 64.29104106592425, 64.29104106592425, 64.29104106592425, 64.29104106592425, 64.29104106592425, 64.29104106592425, 64.29104106592425, 64.29104106592425, 64.24505319677837, 61.675251068907244, 61.669119109166836, 61.669119109166836, 61.669119109166836, 61.669119109166836, 61.669119109166836, 61.669119109166836, 61.669119109166836, 61.669119109166836, 61.669119109166836, 61.713263074169824, 60.50319909232336, 60.50319909232336, 60.50319909232336, 60.50319909232336, 60.50319909232336, 60.50319909232336, 60.50319909232336, 60.50319909232336, 60.50319909232336, 60.50319909232336, 60.50319909232336, 54.61350714528304, 54.60807782754317, 54.60807782754317, 54.60807782754317, 54.60807782754317, 54.60807782754317, 54.60807782754317, 54.60807782754317, 54.60807782754317, 54.60807782754317, 54.60807782754317, 58.76869328107026, 58.78038040313073, 58.78038040313073, 58.78038040313073, 58.78038040313073, 58.78038040313073, 58.78038040313073, 58.78038040313073, 58.78038040313073, 58.78038040313073, 58.73833435134023, 61.064605018720044, 61.05853377145232, 61.05853377145232, 61.05853377145232, 61.05853377145232, 61.05853377145232, 61.05853377145232, 61.05853377145232, 61.05853377145232, 61.05853377145232, 61.10224066749487, 57.14191025386094, 57.14191025386094, 57.14191025386094, 57.14191025386094, 57.14191025386094, 57.14191025386094, 57.14191025386094, 57.14191025386094, 57.14191025386094, 57.14191025386094, 57.10103621219152, 59.29722991266042, 59.29722991266042, 59.29722991266042, 59.29722991266042, 59.29722991266042, 59.29722991266042, 59.29722991266042, 59.29722991266042, 59.29722991266042, 59.29722991266042, 59.29722991266042, 60.4599206952616, 60.4599206952616, 60.4599206952616, 60.4599206952616, 60.4599206952616, 60.4599206952616, 60.4599206952616, 60.4599206952616, 60.4599206952616, 60.4599206952616, 60.4599206952616, 59.29722991266042, 59.29722991266042, 59.29722991266042, 59.29722991266042, 59.29722991266042, 59.29722991266042, 59.29722991266042, 59.29722991266042, 59.29722991266042, 59.29722991266042, 59.29722991266042, 61.05853377145232, 61.064605018720044, 61.064605018720044, 61.064605018720044, 61.064605018720044, 61.064605018720044, 61.064605018720044, 61.064605018720044, 61.064605018720044, 61.064605018720044, 61.02089377675961, 56.54229606837359, 56.54229606837359, 56.54229606837359, 56.54229606837359, 56.54229606837359, 56.54229606837359, 56.54229606837359, 56.54229606837359, 56.54229606837359, 56.54229606837359, 56.623302223199325, 57.68168170400679, 57.68168170400679, 57.68168170400679, 57.68168170400679, 57.68168170400679, 57.68168170400679, 57.68168170400679, 57.68168170400679, 57.68168170400679, 57.68168170400679, 57.68168170400679, 58.78038040313073, 58.78038040313073, 58.78038040313073, 58.78038040313073, 58.78038040313073, 58.78038040313073, 58.78038040313073, 58.78038040313073, 58.78038040313073, 58.78038040313073, 58.73833435134023, 56.58279914578645, 56.58279914578645, 56.58279914578645, 56.58279914578645, 56.58279914578645, 56.58279914578645, 56.58279914578645, 56.58279914578645, 56.58279914578645, 56.58279914578645, 56.58279914578645, 62.93392966215025, 62.93392966215025, 62.93392966215025, 62.93392966215025, 62.93392966215025, 62.93392966215025, 62.93392966215025, 62.93392966215025, 62.93392966215025, 62.93392966215025, 62.978979003354354, 63.62824682813121, 63.62824682813121, 63.62824682813121, 63.62824682813121, 63.62824682813121, 63.62824682813121, 63.62824682813121, 63.62824682813121, 63.62824682813121, 63.62824682813121, 63.58273306072911, 59.87888453291965, 59.87888453291965, 59.87888453291965, 59.87888453291965, 59.87888453291965, 59.87888453291965, 59.87888453291965, 59.87888453291965, 59.87888453291965, 59.87888453291965, 59.92174701290026, 54.13982405551515, 54.13982405551515, 54.13982405551515, 54.13982405551515, 54.13982405551515, 54.13982405551515, 54.13982405551515, 54.13982405551515, 54.13982405551515, 54.13982405551515, 54.101097428866005, 60.4659324204973, 60.4599206952616, 60.4599206952616, 60.4599206952616, 60.4599206952616, 60.4599206952616, 60.4599206952616, 60.4599206952616, 60.4599206952616, 60.4599206952616, 60.4599206952616, 56.57717349464847, 56.58279914578645, 56.58279914578645, 56.58279914578645, 56.58279914578645, 56.58279914578645, 56.58279914578645, 56.58279914578645, 56.58279914578645, 56.58279914578645, 56.58279914578645, 56.58279914578645, 56.57717349464847, 56.57717349464847, 56.57717349464847, 56.57717349464847, 56.57717349464847, 56.57717349464847, 56.57717349464847, 56.57717349464847, 56.57717349464847, 56.57717349464847, 54.574441689528186, 54.574441689528186, 54.574441689528186, 54.574441689528186, 54.574441689528186, 54.574441689528186, 54.574441689528186, 54.574441689528186, 54.574441689528186, 54.574441689528186, 54.61350714528304, 62.97271742262227, 62.978979003354354, 62.978979003354354, 62.978979003354354, 62.978979003354354, 62.978979003354354, 62.978979003354354, 62.978979003354354, 62.978979003354354, 62.978979003354354, 62.88888032094613, 62.88888032094613, 62.88888032094613, 62.88888032094613, 62.88888032094613, 62.88888032094613, 62.88888032094613, 62.88888032094613, 62.88888032094613, 62.88888032094613, 62.88888032094613, 63.02402834455847, 64.33702893507012, 64.33702893507012, 64.33702893507012, 64.33702893507012, 64.33702893507012, 64.33702893507012, 64.33702893507012, 64.33702893507012, 64.33702893507012, 64.33702893507012, 64.24505319677837, 56.06841006264295, 56.06841006264295, 56.06841006264295, 56.06841006264295, 56.06841006264295, 56.06841006264295, 56.06841006264295, 56.06841006264295, 56.06841006264295, 56.06841006264295, 56.06841006264295, 60.4659324204973, 60.4599206952616, 60.4599206952616, 60.4599206952616, 60.4599206952616, 60.4599206952616, 60.4599206952616, 60.4599206952616, 60.4599206952616, 60.4599206952616, 60.4599206952616, 62.292039504208944, 62.29823340293661, 62.29823340293661, 62.29823340293661, 62.29823340293661, 62.29823340293661, 62.29823340293661, 62.29823340293661, 62.29823340293661, 62.29823340293661, 62.29823340293661, 59.30312602779543, 59.309023315586565, 59.309023315586565, 59.309023315586565, 59.309023315586565, 59.309023315586565, 59.309023315586565, 59.309023315586565, 59.309023315586565, 59.309023315586565, 59.351477877730865, 59.351477877730865, 59.34557636854545, 59.34557636854545, 59.34557636854545, 59.34557636854545, 59.34557636854545, 59.34557636854545, 59.34557636854545, 59.34557636854545, 59.34557636854545, 59.34557636854545, 59.34557636854545, 59.34557636854545, 59.34557636854545, 59.34557636854545, 59.34557636854545, 59.34557636854545, 59.34557636854545, 59.34557636854545, 59.34557636854545, 59.34557636854545, 59.34557636854545, 59.92174701290026, 59.915789392397876, 59.915789392397876, 59.915789392397876, 59.915789392397876, 59.915789392397876, 59.915789392397876, 59.915789392397876, 59.915789392397876, 59.915789392397876, 59.95864761084738, 59.38212215305077, 59.38802670929548, 59.38802670929548, 59.38802670929548, 59.38802670929548, 59.38802670929548, 59.38802670929548, 59.38802670929548, 59.38802670929548, 59.38802670929548, 59.30312602779543, 62.93392966215025, 62.93392966215025, 62.93392966215025, 62.93392966215025, 62.93392966215025, 62.93392966215025, 62.93392966215025, 62.93392966215025, 62.93392966215025, 62.93392966215025, 62.93392966215025, 59.30312602779543, 59.30312602779543, 59.30312602779543, 59.30312602779543, 59.30312602779543, 59.30312602779543, 59.30312602779543, 59.30312602779543, 59.30312602779543, 59.30312602779543, 59.30312602779543, 58.73833435134023, 58.73833435134023, 58.73833435134023, 58.73833435134023, 58.73833435134023, 58.73833435134023, 58.73833435134023, 58.73833435134023, 58.73833435134023, 58.73833435134023, 58.78038040313073, 59.92174701290026, 59.915789392397876, 59.915789392397876, 59.915789392397876, 59.915789392397876, 59.915789392397876, 59.915789392397876, 59.915789392397876, 59.915789392397876, 59.915789392397876, 59.915789392397876, 61.10224066749487, 61.10224066749487, 61.10224066749487, 61.10224066749487, 61.10224066749487, 61.10224066749487, 61.10224066749487, 61.10224066749487, 61.10224066749487, 61.10224066749487, 61.10224066749487, 61.713263074169824, 61.713263074169824, 61.713263074169824, 61.713263074169824, 61.713263074169824, 61.713263074169824, 61.713263074169824, 61.713263074169824, 61.713263074169824, 61.713263074169824, 61.757407039172804, 61.757407039172804, 61.757407039172804, 61.757407039172804, 61.757407039172804, 61.757407039172804, 61.757407039172804, 61.757407039172804, 61.757407039172804, 61.757407039172804, 61.757407039172804, 61.669119109166836, 62.927672560374326, 62.927672560374326, 62.927672560374326, 62.927672560374326, 62.927672560374326, 62.927672560374326, 62.927672560374326, 62.927672560374326, 62.927672560374326, 62.927672560374326, 62.927672560374326, 59.87293117394839, 59.87888453291965, 59.87888453291965, 59.87888453291965, 59.87888453291965, 59.87888453291965, 59.87888453291965, 59.87888453291965, 59.87888453291965, 59.87888453291965, 59.87888453291965, 64.9213169146392, 64.9213169146392, 64.9213169146392, 64.9213169146392, 64.9213169146392, 64.9213169146392, 64.9213169146392, 64.9213169146392, 64.9213169146392, 64.9213169146392, 64.87484496266023, 61.02089377675961, 61.02089377675961, 61.02089377675961, 61.02089377675961, 61.02089377675961, 61.02089377675961, 61.02089377675961, 61.02089377675961, 61.02089377675961, 61.02089377675961, 61.064605018720044, 62.29823340293661, 62.29823340293661, 62.29823340293661, 62.29823340293661, 62.29823340293661]
====================================

====================================
TIME: 2026-08-17 10:05:06
FINISH CYCLE - DUT 1
Charging samples: [94.20172381771366, 94.20172381771366, 95.10078586899617, 95.20916283294946, 95.20916283294946, 95.20916283294946, 95.20916283294946, 95.20916283294946, 95.20916283294946, 95.20916283294946, 95.20916283294946, 95.4479019574052, 95.43851671630809, 94.53626183138502, 95.08640010946738, 95.08640010946738, 95.08640010946738, 95.08640010946738, 95.08640010946738, 95.08640010946738, 95.08640010946738, 95.08640010946738, 97.27448135260671, 97.28404713895272, 98.00466971035237, 98.05221961185265, 98.05221961185265, 98.05221961185265, 98.05221961185265, 98.05221961185265, 98.05221961185265, 98.05221961185265, 98.05221961185265, 96.0384331943965, 96.02898988729774, 96.43718963177083, 96.20380883229235, 96.20380883229235, 96.20380883229235, 96.20380883229235, 96.20380883229235, 96.20380883229235, 96.20380883229235, 96.20380883229235, 95.96365953415882, 95.97309641679568, 95.56686108804733, 95.02332116848459, 95.02332116848459, 95.02332116848459, 95.02332116848459, 95.02332116848459, 95.02332116848459, 95.02332116848459, 95.02332116848459, 95.16599882789674, 95.14728378387944, 95.65338635719795, 95.78748968089698, 95.78748968089698, 95.78748968089698, 95.78748968089698, 95.78748968089698, 95.78748968089698, 95.78748968089698, 95.78748968089698, 96.12257835044534, 96.14148523053, 96.03931574569415, 96.05194031616287, 96.05194031616287, 96.05194031616287, 96.05194031616287, 96.05194031616287, 96.05194031616287, 96.05194031616287, 96.05194031616287, 95.52575936821576, 95.5351522649088, 95.13077066802029, 95.48220811793294, 95.48220811793294, 95.48220811793294, 95.48220811793294, 95.48220811793294, 95.48220811793294, 95.48220811793294, 95.48220811793294, 95.76908505769639, 95.74083736767841, 94.8376219208135, 95.21449343144906, 95.21449343144906, 95.21449343144906, 95.21449343144906, 95.21449343144906, 95.21449343144906, 95.21449343144906, 95.21449343144906, 95.59478097386122, 95.60418250621505, 97.02807458609483, 96.60578683896232, 96.60578683896232, 96.60578683896232, 96.60578683896232, 96.60578683896232, 96.60578683896232, 96.60578683896232, 96.60578683896232, 95.4048198220682, 95.4048198220682, 94.00474909092674, 93.59329573122558, 93.59329573122558, 93.59329573122558, 93.59329573122558, 93.59329573122558, 93.59329573122558, 93.59329573122558, 93.59329573122558, 93.26340999601985, 93.26340999601985, 93.1657519750816, 93.2432948736065, 93.2432948736065, 93.2432948736065, 93.2432948736065, 93.2432948736065, 93.2432948736065, 93.2432948736065, 93.2432948736065, 93.9971567826402, 93.9971567826402, 94.99183569039302, 95.14187544490575, 95.14187544490575, 95.14187544490575, 95.14187544490575, 95.14187544490575, 95.14187544490575, 95.14187544490575, 95.14187544490575, 94.42652299795158, 94.43580872152302, 93.64306321284288, 94.07231561826141, 94.07231561826141, 94.07231561826141, 94.07231561826141, 94.07231561826141, 94.07231561826141, 94.07231561826141, 94.07231561826141, 94.73747340546124, 94.728158019679, 95.53008951614189, 95.59329029869126, 95.59329029869126, 95.59329029869126, 95.59329029869126, 95.59329029869126, 95.59329029869126, 95.59329029869126, 95.59329029869126, 95.49740936559328, 95.49740936559328, 95.90334946916646, 95.46545385759366, 95.46545385759366, 95.46545385759366, 95.46545385759366, 95.46545385759366, 95.46545385759366, 95.46545385759366, 95.46545385759366, 96.13639580237593, 96.11748806399412, 95.91363337032713, 95.80427256395826, 95.80427256395826, 95.80427256395826, 95.80427256395826, 95.80427256395826, 95.80427256395826, 95.80427256395826, 95.80427256395826, 94.80133651019801, 94.83863417381959, 93.84347536821814, 93.80233940391348, 93.80233940391348, 93.80233940391348, 93.80233940391348, 93.80233940391348, 93.80233940391348, 93.80233940391348, 93.80233940391348, 94.70019554934134, 94.68157393975541, 95.5842584370624, 96.00932052327865, 96.00932052327865, 96.00932052327865, 96.00932052327865, 96.00932052327865, 96.00932052327865, 96.00932052327865, 96.00932052327865, 96.39259126389055, 96.40207032685288, 95.79321514584117, 96.00456722232569, 96.00456722232569, 96.00456722232569, 96.00456722232569, 96.00456722232569, 96.00456722232569, 96.00456722232569, 96.00456722232569, 95.19339543167979, 95.17467499993315, 96.08495350684005, 95.96215311674271, 95.96215311674271, 95.96215311674271, 95.96215311674271, 95.96215311674271, 95.96215311674271, 95.96215311674271, 95.96215311674271, 96.29886242592427, 96.30833320311012, 96.30833320311012, 96.05434436779801, 96.05434436779801, 96.05434436779801, 96.05434436779801, 96.05434436779801, 96.05434436779801, 96.05434436779801, 96.05434436779801, 96.582115490698, 96.5916131911101, 95.17561048464357, 94.74252085478562, 94.74252085478562, 94.74252085478562, 94.74252085478562, 94.74252085478562, 94.74252085478562, 94.74252085478562, 94.74252085478562, 94.6013248475505, 94.57341885202023, 95.27174578447188, 95.54766553618433, 95.54766553618433, 95.54766553618433, 95.54766553618433, 95.54766553618433, 95.54766553618433, 95.54766553618433, 95.54766553618433, 95.54766553618433, 95.5194720674513, 95.31837844204615, 95.67102075823783, 95.67102075823783, 95.67102075823783, 95.67102075823783, 95.67102075823783, 95.67102075823783, 95.67102075823783, 95.67102075823783, 96.19459350865604, 96.26084322870332, 96.6678658216365, 96.838468717417, 96.838468717417, 96.838468717417, 96.838468717417, 96.838468717417, 96.838468717417, 96.838468717417, 96.838468717417, 95.78431418412498, 95.78431418412498, 96.29326378127764, 95.78612348486539, 95.78612348486539, 95.78612348486539, 95.78612348486539, 95.78612348486539, 95.78612348486539, 95.78612348486539, 95.78612348486539, 95.067368181077, 95.05802127633007, 94.8564135959985, 94.57416460792133, 94.57416460792133, 94.57416460792133, 94.57416460792133, 94.57416460792133, 94.57416460792133, 94.57416460792133, 94.57416460792133, 94.81250675663081, 94.80318399293792, 95.20703142208781, 95.14042105422067, 95.14042105422067, 95.14042105422067, 95.14042105422067, 95.14042105422067, 95.14042105422067, 95.14042105422067, 95.14042105422067, 95.33175422878924, 95.32237948651087, 93.72535532757456, 93.85668656068235, 93.85668656068235, 93.85668656068235, 93.85668656068235, 93.85668656068235, 93.85668656068235, 93.85668656068235, 93.85668656068235, 93.9037797300555, 93.91301495622879, 95.31023303209192, 95.70416355599012, 95.70416355599012, 95.70416355599012, 95.70416355599012, 95.70416355599012, 95.70416355599012, 95.70416355599012, 95.70416355599012, 95.46418320605031, 95.45479544095976, 95.55634309568417, 95.86827434051548, 95.86827434051548, 95.86827434051548, 95.86827434051548, 95.86827434051548, 95.86827434051548, 95.86827434051548, 95.86827434051548, 96.97685669839977, 96.96731924199749, 96.35230453221736, 96.19953276550694, 96.19953276550694, 96.19953276550694, 96.19953276550694, 96.19953276550694, 96.19953276550694, 96.19953276550694, 96.19953276550694, 94.81295898310152, 94.84093566028744, 95.34487261916252, 94.9684287263911, 94.9684287263911, 94.9684287263911, 94.9684287263911, 94.9684287263911, 94.9684287263911, 94.9684287263911, 94.9684287263911, 96.40516743632138, 96.386208701329, 96.59150414052246, 96.32528379049825, 96.32528379049825, 96.32528379049825, 96.32528379049825, 96.32528379049825, 96.32528379049825, 96.32528379049825, 96.32528379049825, 96.18172897113834, 96.20064748588484, 95.79258535444949, 95.95630465980133, 95.95630465980133, 95.95630465980133, 95.95630465980133, 95.95630465980133, 95.95630465980133, 95.95630465980133, 95.95630465980133, 96.86335430583924, 96.83478104498208, 97.14382821852989, 97.31868540339948, 97.31868540339948, 97.31868540339948, 97.31868540339948, 97.31868540339948, 97.31868540339948, 97.31868540339948, 97.31868540339948, 97.12682993685753, 97.1459362277864, 97.04269931362298, 97.53512796036287, 97.53512796036287, 97.53512796036287, 97.53512796036287, 97.53512796036287, 97.53512796036287, 97.53512796036287, 97.53512796036287, 97.19796949333939, 97.21708601797178, 96.29608204516991, 95.92782889624996, 95.92782889624996, 95.92782889624996, 95.92782889624996, 95.92782889624996, 95.92782889624996, 95.92782889624996, 95.92782889624996, 95.45246799983641, 95.46185276711593, 96.27256913881116, 95.83866222850192, 95.83866222850192, 95.83866222850192, 95.83866222850192, 95.83866222850192, 95.83866222850192, 95.83866222850192, 95.83866222850192, 94.16816761794536, 94.1311372728341, 94.3314162883082, 94.30253090274311, 94.30253090274311, 94.30253090274311, 94.30253090274311, 94.30253090274311, 94.30253090274311, 94.30253090274311, 94.30253090274311, 94.44592045809449, 94.45520900259271, 94.25466715757659, 94.36612320861038, 94.36612320861038, 94.36612320861038, 94.36612320861038, 94.36612320861038, 94.36612320861038, 94.36612320861038, 94.36612320861038, 94.8914406961077, 94.8914406961077, 95.09333737843986, 95.43188169663841, 95.43188169663841, 95.43188169663841, 95.43188169663841, 95.43188169663841, 95.43188169663841, 95.43188169663841, 95.43188169663841, 96.82469728254807, 96.83421883798937, 96.22004831681818, 96.53827840121038, 96.53827840121038, 96.53827840121038, 96.53827840121038, 96.53827840121038, 96.53827840121038, 96.53827840121038, 96.53827840121038, 95.3411271313541, 95.35050187345156, 95.85714641050497, 95.73050201043823, 95.73050201043823, 95.73050201043823, 95.73050201043823, 95.73050201043823, 95.73050201043823, 95.73050201043823, 95.73050201043823, 95.92282848358829, 95.91339747105427, 95.50741483625616, 95.17210991735942, 95.17210991735942, 95.17210991735942, 95.17210991735942, 95.17210991735942, 95.17210991735942, 95.17210991735942, 95.17210991735942, 94.98128864434216, 94.95327056509603, 95.3568976450752, 95.13145775746807, 95.13145775746807, 95.13145775746807, 95.13145775746807, 95.13145775746807, 95.13145775746807, 95.13145775746807, 95.13145775746807, 95.80038814853013, 95.81923350864591, 96.22828039662306, 96.38441293366373, 96.38441293366373, 96.38441293366373, 96.38441293366373, 96.38441293366373, 96.38441293366373, 96.38441293366373, 96.38441293366373, 96.14405280165957, 96.12514355732843, 95.81836118427309, 96.06268831645845, 96.06268831645845, 96.06268831645845, 96.06268831645845, 96.06268831645845, 96.06268831645845, 96.06268831645845, 96.06268831645845, 97.45559729704709, 97.49393922575645, 97.70181542879642, 98.0769448670905, 98.0769448670905, 98.0769448670905, 98.0769448670905, 98.0769448670905, 98.0769448670905, 98.0769448670905, 98.0769448670905, 97.11019331591172, 97.10064556315231, 96.79107921172886, 96.35732454015924, 96.35732454015924, 96.35732454015924, 96.35732454015924, 96.35732454015924, 96.35732454015924, 96.35732454015924, 96.35732454015924, 96.06954756293628, 96.04120846336019, 96.55424910686104, 96.20343477154897, 96.20343477154897, 96.20343477154897, 96.20343477154897, 96.20343477154897, 96.20343477154897, 96.20343477154897, 96.20343477154897, 95.38693033264913, 95.39631234605847, 94.78869252219823, 94.79284209504424, 94.79284209504424, 94.79284209504424, 94.79284209504424, 94.79284209504424, 94.79284209504424, 94.79284209504424, 94.79284209504424, 95.65199172128331, 95.64258456238073, 95.64258456238073, 95.80195392056406, 95.80195392056406, 95.80195392056406, 95.80195392056406, 95.80195392056406, 95.80195392056406, 95.80195392056406, 95.80195392056406, 96.18439685038666, 96.21277820088842, 96.62306723372802, 97.06145045657509, 97.06145045657509, 97.06145045657509, 97.06145045657509, 97.06145045657509, 97.06145045657509, 97.06145045657509, 97.06145045657509, 97.44738067707836, 97.44738067707836, 97.03359137484024, 97.21773208842505, 97.21773208842505, 97.21773208842505, 97.21773208842505, 97.21773208842505, 97.21773208842505, 97.21773208842505, 97.21773208842505, 96.25518028556937, 96.23625104657515, 96.23625104657515, 95.94830872813597, 95.94830872813597, 95.94830872813597, 95.94830872813597, 95.94830872813597, 95.94830872813597, 95.94830872813597, 95.94830872813597, 95.61248964758748, 95.62189292154967, 95.82534375755299, 95.65278406438452, 95.65278406438452, 95.65278406438452, 95.65278406438452, 95.65278406438452, 95.65278406438452, 95.65278406438452, 95.65278406438452, 95.94075029839672, 95.93131566861028, 95.93131566861028, 95.55778077363253, 95.55778077363253, 95.55778077363253, 95.55778077363253, 95.55778077363253, 95.55778077363253, 95.55778077363253, 95.55778077363253, 95.60558356541524, 95.63379134970872, 95.22856342026083, 95.4164156626732, 95.4164156626732, 95.4164156626732, 95.4164156626732, 95.4164156626732, 95.4164156626732, 95.4164156626732, 95.4164156626732, 95.46412387050455, 95.46412387050455, 95.6668077853039, 95.92330970939095, 95.92330970939095, 95.92330970939095, 95.92330970939095, 95.92330970939095, 95.92330970939095, 95.92330970939095, 95.92330970939095, 96.64237499956627, 96.61386972722349, 96.81943115217501, 97.16965363020573, 97.16965363020573, 97.16965363020573, 97.16965363020573, 97.16965363020573, 97.16965363020573, 97.16965363020573, 97.16965363020573, 96.2538682041274, 96.28226726044254, 96.07784631084498, 95.65587851994137, 95.65587851994137, 95.65587851994137, 95.65587851994137, 95.65587851994137, 95.65587851994137, 95.65587851994137, 95.65587851994137, 95.03318126367736, 94.97712000248555, 95.07805211725969, 94.74930710162317, 94.74930710162317, 94.74930710162317, 94.74930710162317, 94.74930710162317, 94.74930710162317, 94.74930710162317, 94.74930710162317, 94.79706380883167, 94.82504129938025, 94.72437777358475, 94.79906190849162, 94.79906190849162, 94.79906190849162, 94.79906190849162, 94.79906190849162, 94.79906190849162, 94.79906190849162, 94.79906190849162, 95.94524703987892, 95.93581103997334, 95.93581103997334, 96.03255868998957, 96.03255868998957, 96.03255868998957, 96.03255868998957, 96.03255868998957, 96.03255868998957, 96.03255868998957, 96.03255868998957, 95.60234812343411, 95.6305577274835, 95.32696865533278, 95.82274115748487, 95.82274115748487, 95.82274115748487, 95.82274115748487, 95.82274115748487, 95.82274115748487, 95.82274115748487, 95.82274115748487, 97.2121709042684, 97.20261218539873, 97.51217464458793, 97.5723806179076, 97.5723806179076, 97.5723806179076, 97.5723806179076, 97.5723806179076, 97.5723806179076, 97.5723806179076, 97.5723806179076, 96.08162467943785, 96.09107316254135, 95.78602213662853, 95.45765621887452, 95.45765621887452, 95.45765621887452, 95.45765621887452, 95.45765621887452, 95.45765621887452, 95.45765621887452, 95.45765621887452, 94.979890171733, 94.95187250501567, 95.25426700343928, 94.8208573797635, 94.8208573797635, 94.8208573797635, 94.8208573797635, 94.8208573797635, 94.8208573797635, 94.8208573797635, 94.8208573797635, 95.0116438131232, 95.00229871193179, 95.00229871193179, 94.92339314821756, 94.92339314821756, 94.92339314821756, 94.92339314821756, 94.92339314821756, 94.92339314821756, 94.92339314821756, 94.92339314821756, 96.06704848735271, 96.11429767508008, 96.11429767508008, 96.19840189075659, 96.19840189075659, 96.19840189075659, 96.19840189075659, 96.19840189075659, 96.19840189075659, 96.19840189075659, 96.19840189075659, 95.14861774313921, 95.13926285003696, 95.13926285003696, 95.5447511621971, 95.5447511621971, 95.5447511621971, 95.5447511621971, 95.5447511621971, 95.5447511621971, 95.5447511621971, 95.5447511621971, 97.12598325264469, 97.1164330084704, 96.50177204006233, 96.71850580675441, 96.71850580675441, 96.71850580675441, 96.71850580675441, 96.71850580675441, 96.71850580675441, 96.71850580675441, 96.71850580675441, 95.28705283477481, 95.29642318120364, 95.0957991324011, 94.67885858902861, 94.67885858902861, 94.67885858902861, 94.67885858902861, 94.67885858902861, 94.67885858902861, 94.67885858902861, 94.67885858902861, 93.77805823189715, 93.75039508787594, 94.64705136395551, 94.31211269645235, 94.31211269645235, 94.31211269645235, 94.31211269645235, 94.31211269645235, 94.31211269645235, 94.31211269645235, 94.31211269645235, 94.5981959503344, 94.60750038585621, 93.61267914099969, 93.66178313845091, 93.66178313845091, 93.66178313845091, 93.66178313845091, 93.66178313845091, 93.66178313845091, 93.66178313845091, 93.66178313845091, 94.55874577939375, 94.55874577939375, 95.76716425580771, 96.05267292209714, 96.05267292209714, 96.05267292209714, 96.05267292209714, 96.05267292209714, 96.05267292209714, 96.05267292209714, 96.05267292209714, 95.33335684929061, 95.32398102741321, 94.81908706010701, 94.90646641890383, 94.90646641890383, 94.90646641890383, 94.90646641890383, 94.90646641890383, 94.90646641890383, 94.90646641890383, 94.90646641890383, 96.09995819982566, 96.11886248982267, 95.91565136405139, 96.0378691192057, 96.0378691192057, 96.0378691192057, 96.0378691192057, 96.0378691192057, 96.0378691192057, 96.0378691192057, 96.0378691192057, 94.70202195808413, 94.70202195808413, 95.00330092507699, 94.43071693906742, 94.43071693906742, 94.43071693906742, 94.43071693906742, 94.43071693906742, 94.43071693906742, 94.43071693906742, 94.43071693906742, 94.9540105845736, 94.96334818026487, 95.2664226957338, 95.25394237835008, 95.25394237835008, 95.25394237835008, 95.25394237835008, 95.25394237835008, 95.25394237835008, 95.25394237835008, 95.25394237835008, 95.44483204243494, 95.44483204243494, 95.54647723097854, 96.03293225901547, 96.03293225901547, 96.03293225901547, 96.03293225901547, 96.03293225901547, 96.03293225901547, 96.03293225901547, 96.03293225901547, 97.13731097999415, 97.12775962198236, 97.4390665438477, 97.81687046770469, 97.81687046770469, 97.81687046770469, 97.81687046770469, 97.81687046770469, 97.81687046770469, 97.81687046770469, 97.81687046770469, 96.60806089692238, 96.60806089692238, 96.09473432467517, 95.9383315107037, 95.9383315107037, 95.9383315107037, 95.9383315107037, 95.9383315107037, 95.9383315107037, 95.9383315107037, 95.9383315107037, 95.41014249838251, 95.41952494921333, 95.82686550395917, 95.44898275868661, 95.44898275868661, 95.44898275868661, 95.44898275868661, 95.44898275868661, 95.44898275868661, 95.44898275868661, 95.44898275868661, 96.98615812269162, 96.94801214112911, 96.84465605142641, 96.63718017933299, 96.63718017933299, 96.63718017933299, 96.63718017933299, 96.63718017933299, 96.63718017933299, 96.63718017933299, 96.63718017933299, 94.57903320176423, 94.58833666755233, 94.38708488740862, 94.48209573919252, 94.48209573919252, 94.48209573919252, 94.48209573919252, 94.48209573919252, 94.48209573919252, 94.48209573919252, 94.48209573919252, 95.39057742899243, 95.39057742899243, 94.9863800670052, 95.33268023152954, 95.33268023152954, 95.33268023152954, 95.33268023152954, 95.33268023152954, 95.33268023152954, 95.33268023152954, 95.33268023152954, 95.95389569168486, 95.98220902768124, 95.27571537553216, 95.59062783655922, 95.59062783655922, 95.59062783655922, 95.59062783655922, 95.59062783655922, 95.59062783655922, 95.59062783655922, 95.59062783655922, 95.11457889315007, 95.11457889315007, 96.12536081550022, 95.64483938892855, 95.64483938892855, 95.64483938892855, 95.64483938892855, 95.64483938892855, 95.64483938892855, 95.64483938892855, 95.64483938892855, 94.9267850391618, 94.89878303767533, 93.99974193521314, 93.76948142393317, 93.76948142393317, 93.76948142393317, 93.76948142393317, 93.76948142393317, 93.76948142393317, 93.76948142393317, 93.76948142393317, 93.43847468163992, 93.43847468163992, 94.03236329190459, 93.96659777139617, 93.96659777139617, 93.96659777139617, 93.96659777139617, 93.96659777139617, 93.96659777139617, 93.96659777139617, 93.96659777139617, 95.48832405109488, 95.49771603732987, 94.69521422189014, 95.10261274657277, 95.10261274657277, 95.10261274657277, 95.10261274657277, 95.10261274657277, 95.10261274657277, 95.10261274657277, 95.10261274657277, 95.62359319488567, 95.65180629279918, 96.87289318164339, 97.24858462759045, 97.24858462759045, 97.24858462759045, 97.24858462759045, 97.24858462759045, 97.24858462759045, 97.24858462759045, 97.24858462759045, 95.65908324437575, 95.64027308151185, 94.83318216943158, 94.72047436422977, 94.72047436422977, 94.72047436422977, 94.72047436422977, 94.72047436422977, 94.72047436422977, 94.72047436422977, 94.72047436422977, 94.9589448434952, 94.9589448434952, 95.36131325384899, 94.76480969777971, 94.76480969777971, 94.76480969777971, 94.76480969777971, 94.76480969777971, 94.76480969777971, 94.76480969777971, 94.76480969777971, 94.62201992927477, 94.61271498090922, 93.91630172658076, 93.79731646008574, 93.79731646008574, 93.79731646008574, 93.79731646008574, 93.79731646008574, 93.79731646008574, 93.79731646008574, 93.79731646008574, 94.12758870114239, 94.13684593842612, 94.43474734962366, 94.64147840774456, 94.64147840774456, 94.64147840774456, 94.64147840774456, 94.64147840774456, 94.64147840774456, 94.64147840774456, 94.64147840774456, 94.54659973264909, 94.55589726433683, 95.56395587056643, 96.05601162186935, 96.05601162186935, 96.05601162186935, 96.05601162186935, 96.05601162186935, 96.05601162186935, 96.05601162186935, 96.05601162186935, 96.39338848155478, 96.38391027226456, 94.47033211638887, 94.77899053736166, 94.77899053736166, 94.77899053736166, 94.77899053736166, 94.77899053736166, 94.77899053736166, 94.77899053736166, 94.77899053736166, 95.01593801370507, 95.01593801370507, 96.22248960752991, 95.77004601515843, 95.77004601515843, 95.77004601515843, 95.77004601515843, 95.77004601515843, 95.77004601515843, 95.77004601515843, 95.77004601515843, 95.34015553429238, 95.34015553429238, 94.63912497889316, 94.40680028141736, 94.40680028141736, 94.40680028141736, 94.40680028141736, 94.40680028141736, 94.40680028141736, 94.40680028141736, 94.40680028141736, 93.98111831622057, 93.96263446956581, 93.66746389008026, 93.70854250769716, 93.70854250769716, 93.70854250769716, 93.70854250769716, 93.70854250769716, 93.70854250769716, 93.70854250769716, 93.70854250769716, 94.98188455485761, 95.0192532514465, 96.3305592941947, 96.73358052698411, 96.73358052698411, 96.73358052698411, 96.73358052698411, 96.73358052698411, 96.73358052698411, 96.73358052698411, 96.73358052698411, 97.06979456059331, 97.06979456059331, 96.86413821618525, 97.16366950015103, 97.16366950015103, 97.16366950015103, 97.16366950015103, 97.16366950015103, 97.16366950015103, 97.16366950015103, 97.16366950015103, 96.44251411049132, 96.42354989574143, 96.83386287402118, 96.44615249380576, 96.44615249380576, 96.44615249380576, 96.44615249380576, 96.44615249380576, 96.44615249380576, 96.44615249380576, 96.44615249380576, 95.29226034034049, 95.3391146329653, 95.03580886000785, 94.80222365564686, 94.80222365564686, 94.80222365564686, 94.80222365564686, 94.80222365564686, 94.80222365564686, 94.80222365564686, 94.80222365564686, 94.56306567467904, 94.51659277037656, 94.61692885612005, 94.57127032497652, 94.57127032497652, 94.57127032497652, 94.57127032497652, 94.57127032497652, 94.57127032497652, 94.57127032497652, 94.57127032497652, 94.71477756370942, 94.72409163368323, 94.72409163368323, 95.17921488097544, 95.17921488097544, 95.17921488097544, 95.17921488097544, 95.17921488097544, 95.17921488097544, 95.17921488097544, 95.17921488097544, 96.90974606062952, 96.900217078716, 96.49049100227323, 96.80626564998987, 96.80626564998987, 96.80626564998987, 96.80626564998987, 96.80626564998987, 96.80626564998987, 96.80626564998987, 96.80626564998987, 95.6538101065376, 95.6632165191747, 95.26042402856766, 95.07541967399239, 95.07541967399239, 95.07541967399239, 95.07541967399239, 95.07541967399239, 95.07541967399239, 95.07541967399239, 95.07541967399239, 93.1185460762847, 93.10023367784297, 94.29128144344435, 93.80272558104309, 93.80272558104309, 93.80272558104309, 93.80272558104309, 93.80272558104309, 93.80272558104309, 93.80272558104309, 93.80272558104309, 96.78364253953855, 96.78364253953855, 96.57771989583742, 96.21018297133989, 96.21018297133989, 96.21018297133989, 96.21018297133989, 96.21018297133989, 96.21018297133989, 96.21018297133989, 96.21018297133989, 94.29840586311656, 94.30767989988514, 94.40811406378278, 94.59846134613798, 94.59846134613798, 94.59846134613798, 94.59846134613798, 94.59846134613798, 94.59846134613798, 94.59846134613798, 94.59846134613798, 95.70123104251974, 95.70123104251974, 95.80325794128576, 96.01789360088011, 96.01789360088011, 96.01789360088011, 96.01789360088011, 96.01789360088011, 96.01789360088011, 96.01789360088011, 96.01789360088011, 96.69136580048547, 96.69136580048547, 96.69136580048547, 97.1179955472225, 97.1179955472225, 97.1179955472225, 97.1179955472225, 97.1179955472225, 97.1179955472225, 97.1179955472225, 97.1179955472225, 97.74612188658266, 97.74612188658266, 97.43449769353302, 96.96814015396441, 96.96814015396441, 96.96814015396441, 96.96814015396441, 96.96814015396441, 96.96814015396441, 96.96814015396441, 96.96814015396441, 95.86568477900583, 95.846830283032, 95.23956419887338, 95.03091598391728, 95.03091598391728, 95.03091598391728, 95.03091598391728, 95.03091598391728, 95.03091598391728, 95.03091598391728, 95.03091598391728, 94.65079231998162, 94.67872114627846, 95.0803275986487, 95.0428484926401, 95.0428484926401, 95.0428484926401, 95.0428484926401, 95.0428484926401, 95.0428484926401, 95.0428484926401, 95.0428484926401, 95.4722589526972, 95.45348368053345, 95.75812245823728, 96.13707905929442, 96.13707905929442, 96.13707905929442, 96.13707905929442, 96.13707905929442, 96.13707905929442, 96.13707905929442, 96.13707905929442, 95.65663388658429, 95.67544911748251, 95.57377488887734, 95.66631991737889, 95.66631991737889, 95.66631991737889, 95.66631991737889, 95.66631991737889, 95.66631991737889, 95.66631991737889, 95.66631991737889, 95.47412238866492, 95.45534675004374, 95.6586595226743, 95.69656749395268, 95.69656749395268, 95.69656749395268, 95.69656749395268, 95.69656749395268, 95.69656749395268, 95.69656749395268, 95.69656749395268, 94.3962115189468, 94.38692786321124, 94.58839409130778, 94.28119456693838, 94.28119456693838, 94.28119456693838, 94.28119456693838, 94.28119456693838, 94.28119456693838, 94.28119456693838, 94.28119456693838, 96.34960852937631, 96.37803862926695, 96.1727605917179, 95.95377457994888, 95.95377457994888, 95.95377457994888, 95.95377457994888, 95.95377457994888, 95.95377457994888, 95.95377457994888, 95.95377457994888, 95.18729410402318, 95.15921525620489, 95.05798204848553, 95.24148361520044, 95.24148361520044, 95.24148361520044, 95.24148361520044, 95.24148361520044, 95.24148361520044, 95.24148361520044, 95.24148361520044, 95.76873893466052, 95.7969976360281, 95.49223518331539, 95.80748818264404, 95.80748818264404, 95.80748818264404, 95.80748818264404, 95.80748818264404, 95.80748818264404, 95.80748818264404, 95.80748818264404, 95.99929496579249, 95.97097658969636, 96.58551859560694, 96.72602210513548, 96.72602210513548, 96.72602210513548, 96.72602210513548, 96.72602210513548, 96.72602210513548, 96.72602210513548, 96.72602210513548, 96.48444862335442, 96.4939385858432, 96.39106658308643, 96.03967609967127, 96.03967609967127, 96.03967609967127, 96.03967609967127, 96.03967609967127, 96.03967609967127, 96.03967609967127, 96.03967609967127]
Discharging samples: []
====================================

====================================
TIME: 2026-08-17 10:05:07
FINISH CYCLE - DUT 2
Charging samples: []
Discharging samples: [61.11439306221792, 61.11439306221792, 61.11439306221792, 61.11439306221792, 61.11439306221792, 61.158108650960564, 57.72868199763567, 57.72868199763567, 57.72868199763567, 57.72868199763567, 57.72868199763567, 57.72868199763567, 57.72868199763567, 57.72868199763567, 57.72868199763567, 57.72868199763567, 57.811210492271314, 58.91237640640982, 58.91237640640982, 58.91237640640982, 58.91237640640982, 58.91237640640982, 58.91237640640982, 58.91237640640982, 58.91237640640982, 58.91237640640982, 58.91237640640982, 58.702125241504724, 61.026961884732636, 61.026961884732636, 61.026961884732636, 61.026961884732636, 61.026961884732636, 61.026961884732636, 61.026961884732636, 61.026961884732636, 61.026961884732636, 61.026961884732636, 61.11439306221792, 58.23163867249066, 58.23163867249066, 58.23163867249066, 58.23163867249066, 58.23163867249066, 58.23163867249066, 58.23163867249066, 58.23163867249066, 58.23163867249066, 58.23163867249066, 58.14833160715091, 58.14833160715091, 58.14833160715091, 58.14833160715091, 58.14833160715091, 58.14833160715091, 58.14833160715091, 58.14833160715091, 58.14833160715091, 58.14833160715091, 58.14833160715091, 58.18998513982078, 58.18998513982078, 58.184199121610604, 58.184199121610604, 58.184199121610604, 58.184199121610604, 58.184199121610604, 58.184199121610604, 58.184199121610604, 58.184199121610604, 58.184199121610604, 58.26749790345973, 61.15202750264089, 61.158108650960564, 61.158108650960564, 61.158108650960564, 61.158108650960564, 61.158108650960564, 61.158108650960564, 61.158108650960564, 61.158108650960564, 61.158108650960564, 61.07067747347528, 61.68138424821004, 61.68138424821004, 61.68138424821004, 61.68138424821004, 61.68138424821004, 61.68138424821004, 61.68138424821004, 61.68138424821004, 61.68138424821004, 61.68138424821004, 61.81384248210024, 58.31494573783041, 58.31494573783041, 58.31494573783041, 58.31494573783041, 58.31494573783041, 58.31494573783041, 58.31494573783041, 58.31494573783041, 58.31494573783041, 58.31494573783041, 58.27329220516053, 61.158108650960564, 61.158108650960564, 61.158108650960564, 61.158108650960564, 61.158108650960564, 61.158108650960564, 61.158108650960564, 61.158108650960564, 61.158108650960564, 61.158108650960564, 61.158108650960564, 63.68009251285584, 63.68009251285584, 63.68009251285584, 63.68009251285584, 63.68009251285584, 63.68009251285584, 63.68009251285584, 63.68009251285584, 63.68009251285584, 63.68009251285584, 63.68009251285584, 63.03029565047977, 63.03029565047977, 63.03029565047977, 63.03029565047977, 63.03029565047977, 63.03029565047977, 63.03029565047977, 63.03029565047977, 63.03029565047977, 63.03029565047977, 62.985241829428674, 58.786225707466755, 58.786225707466755, 58.786225707466755, 58.786225707466755, 58.786225707466755, 58.786225707466755, 58.786225707466755, 58.786225707466755, 58.786225707466755, 58.786225707466755, 58.82827594044778, 60.55851935046095, 60.55851935046095, 60.55851935046095, 60.55851935046095, 60.55851935046095, 60.55851935046095, 60.55851935046095, 60.55851935046095, 60.55851935046095, 60.55851935046095, 60.55851935046095, 61.158108650960564, 61.158108650960564, 61.158108650960564, 61.158108650960564, 61.158108650960564, 61.158108650960564, 61.158108650960564, 61.158108650960564, 61.158108650960564, 61.295852138913176, 61.164409997085635, 59.97675155054027, 59.97675155054027, 59.97675155054027, 59.97675155054027, 59.97675155054027, 59.97675155054027, 59.97675155054027, 59.97675155054027, 59.97675155054027, 59.97675155054027, 59.890824972387634, 59.314951655345446, 59.314951655345446, 59.314951655345446, 59.314951655345446, 59.314951655345446, 59.314951655345446, 59.314951655345446, 59.314951655345446, 59.314951655345446, 59.314951655345446, 59.40005201640047, 60.56475891868283, 60.56475891868283, 60.56475891868283, 60.56475891868283, 60.56475891868283, 60.56475891868283, 60.56475891868283, 60.56475891868283, 60.56475891868283, 60.4286583368431, 60.47194534138238, 61.68138424821004, 61.68138424821004, 61.68138424821004, 61.68138424821004, 61.68138424821004, 61.68138424821004, 61.68138424821004, 61.68138424821004, 61.68138424821004, 61.68138424821004, 61.81384248210024, 56.19440225645476, 56.19440225645476, 56.19440225645476, 56.19440225645476, 56.19440225645476, 56.19440225645476, 56.19440225645476, 56.19440225645476, 56.19440225645476, 56.19440225645476, 56.03384682143633, 58.702125241504724, 58.702125241504724, 58.702125241504724, 58.702125241504724, 58.702125241504724, 58.702125241504724, 58.702125241504724, 58.702125241504724, 58.702125241504724, 58.702125241504724, 58.8703261734288, 56.709947231284616, 56.709947231284616, 56.709947231284616, 56.709947231284616, 56.709947231284616, 56.709947231284616, 56.709947231284616, 56.709947231284616, 56.709947231284616, 56.709947231284616, 56.58842591578901, 57.64615350300002, 57.64615350300002, 57.64615350300002, 57.64615350300002, 57.64615350300002, 57.64615350300002, 57.64615350300002, 57.64615350300002, 57.64615350300002, 57.64615350300002, 57.64615350300002, 61.07067747347528, 61.07067747347528, 61.07067747347528, 61.07067747347528, 61.07067747347528, 61.07067747347528, 61.07067747347528, 61.07067747347528, 61.07067747347528, 61.07067747347528, 61.158108650960564, 58.27329220516053, 58.27329220516053, 58.27329220516053, 58.27329220516053, 58.27329220516053, 58.27329220516053, 58.27329220516053, 58.27329220516053, 58.27329220516053, 58.27329220516053, 58.14833160715091, 60.4286583368431, 60.43466814871151, 60.43466814871151, 60.43466814871151, 60.43466814871151, 60.43466814871151, 60.43466814871151, 60.43466814871151, 60.43466814871151, 60.43466814871151, 60.43466814871151, 60.43466814871151, 60.4286583368431, 60.4286583368431, 60.4286583368431, 60.4286583368431, 60.4286583368431, 60.4286583368431, 60.4286583368431, 60.4286583368431, 60.4286583368431, 60.47194534138238, 56.07398568019093, 56.07398568019093, 56.07398568019093, 56.07398568019093, 56.07398568019093, 56.07398568019093, 56.07398568019093, 56.07398568019093, 56.07398568019093, 56.07398568019093, 56.154263397700156, 63.68009251285584, 63.68009251285584, 63.68009251285584, 63.68009251285584, 63.68009251285584, 63.68009251285584, 63.68009251285584, 63.68009251285584, 63.68009251285584, 63.68009251285584, 63.54353763255667, 59.84197233357278, 59.84197233357278, 59.84197233357278, 59.84197233357278, 59.84197233357278, 59.84197233357278, 59.84197233357278, 59.84197233357278, 59.84197233357278, 59.97675155054027, 60.0197148396166, 59.44260219692797, 59.44260219692797, 59.44260219692797, 59.44260219692797, 59.44260219692797, 59.44260219692797, 59.44260219692797, 59.44260219692797, 59.44260219692797, 59.309023315586565, 59.26656875344227, 59.26656875344227, 59.26656875344227, 59.26656875344227, 59.26656875344227, 59.26656875344227, 59.26656875344227, 59.26656875344227, 59.26656875344227, 59.26656875344227, 59.26656875344227, 59.393932439875165, 57.72868199763567, 57.72868199763567, 57.72868199763567, 57.72868199763567, 57.72868199763567, 57.72868199763567, 57.72868199763567, 57.72868199763567, 57.72868199763567, 57.8587015516844, 57.8587015516844, 60.10564141776923, 60.10564141776923, 60.10564141776923, 60.10564141776923, 60.10564141776923, 60.10564141776923, 60.10564141776923, 60.10564141776923, 60.10564141776923, 59.970572560650645, 59.92770581829136, 60.51523234592167, 60.51523234592167, 60.51523234592167, 60.51523234592167, 60.51523234592167, 60.51523234592167, 60.51523234592167, 60.51523234592167, 60.51523234592167, 60.51523234592167, 60.601806355000235, 63.07534947153086, 63.07534947153086, 63.07534947153086, 63.07534947153086, 63.07534947153086, 63.07534947153086, 63.07534947153086, 63.07534947153086, 63.07534947153086, 63.21741106943971, 63.081945188576626, 59.44260219692797, 59.44260219692797, 59.44260219692797, 59.44260219692797, 59.44260219692797, 59.44260219692797, 59.44260219692797, 59.44260219692797, 59.44260219692797, 59.44260219692797, 59.40005201640047, 61.77605409705649, 61.78219791148683, 61.78219791148683, 61.78219791148683, 61.78219791148683, 61.78219791148683, 61.78219791148683, 61.78219791148683, 61.78219791148683, 61.64336151168575, 61.7758329189458, 54.66887868933258, 54.66344224554883, 54.66344224554883, 54.66344224554883, 54.66344224554883, 54.66344224554883, 54.66344224554883, 54.66344224554883, 54.66344224554883, 54.66344224554883, 54.66344224554883, 56.66944012611942, 56.66944012611942, 56.66944012611942, 56.66944012611942, 56.66944012611942, 56.66944012611942, 56.66944012611942, 56.66944012611942, 56.66944012611942, 56.79707400027735, 56.79707400027735, 58.960772057430766, 58.960772057430766, 58.960772057430766, 58.960772057430766, 58.960772057430766, 58.960772057430766, 58.960772057430766, 58.960772057430766, 58.960772057430766, 58.82827594044778, 58.702125241504724, 58.14833160715091, 58.14833160715091, 58.14833160715091, 58.14833160715091, 58.14833160715091, 58.14833160715091, 58.14833160715091, 58.14833160715091, 58.14833160715091, 58.27929631797781, 58.40453835877576, 58.960772057430766, 58.960772057430766, 58.960772057430766, 58.960772057430766, 58.960772057430766, 58.960772057430766, 58.960772057430766, 58.960772057430766, 58.960772057430766, 58.960772057430766, 58.960772057430766, 57.8587015516844, 57.86445577361894, 57.86445577361894, 57.86445577361894, 57.86445577361894, 57.86445577361894, 57.86445577361894, 57.86445577361894, 57.86445577361894, 57.734423288734405, 57.734423288734405, 58.83412658947219, 58.82827594044778, 58.82827594044778, 58.82827594044778, 58.82827594044778, 58.82827594044778, 58.82827594044778, 58.82827594044778, 58.82827594044778, 58.82827594044778, 58.786225707466755, 61.11439306221792, 61.11439306221792, 61.11439306221792, 61.11439306221792, 61.11439306221792, 61.11439306221792, 61.11439306221792, 61.11439306221792, 61.11439306221792, 61.25203809163733, 61.295852138913176, 59.527702557982984, 59.533622767088715, 59.533622767088715, 59.533622767088715, 59.533622767088715, 59.533622767088715, 59.533622767088715, 59.533622767088715, 59.533622767088715, 59.533622767088715, 59.4059595302758, 60.57078226616356, 60.56475891868283, 60.56475891868283, 60.56475891868283, 60.56475891868283, 60.56475891868283, 60.56475891868283, 60.56475891868283, 60.56475891868283, 60.4286583368431, 60.51523234592167, 64.97424946614747, 64.97424946614747, 64.97424946614747, 64.97424946614747, 64.97424946614747, 64.97424946614747, 64.97424946614747, 64.97424946614747, 64.97424946614747, 65.120587865846, 65.07400661558431, 60.0197148396166, 60.0197148396166, 60.0197148396166, 60.0197148396166, 60.0197148396166, 60.0197148396166, 60.0197148396166, 60.0197148396166, 60.0197148396166, 59.884839075932064, 59.884839075932064, 62.30442853354548, 62.30442853354548, 62.30442853354548, 62.30442853354548, 62.30442853354548, 62.30442853354548, 62.30442853354548, 62.30442853354548, 62.30442853354548, 62.44475382303545, 62.578851361667596, 57.900058736496185, 57.900058736496185, 57.900058736496185, 57.900058736496185, 57.900058736496185, 57.900058736496185, 57.900058736496185, 57.900058736496185, 57.900058736496185, 57.900058736496185, 57.73462999724905, 62.40005464349141, 62.40005464349141, 62.40005464349141, 62.40005464349141, 62.40005464349141, 62.40005464349141, 62.40005464349141, 62.40005464349141, 62.40005464349141, 62.40005464349141, 62.53415218212355, 59.527702557982984, 59.527702557982984, 59.527702557982984, 59.527702557982984, 59.527702557982984, 59.527702557982984, 59.527702557982984, 59.527702557982984, 59.527702557982984, 59.393932439875165, 59.309023315586565, 56.58842591578901, 56.58842591578901, 56.58842591578901, 56.58842591578901, 56.58842591578901, 56.58842591578901, 56.58842591578901, 56.58842591578901, 56.58842591578901, 56.58842591578901, 56.709947231284616, 61.20182423970321, 61.20182423970321, 61.20182423970321, 61.20182423970321, 61.20182423970321, 61.20182423970321, 61.20182423970321, 61.20182423970321, 61.20182423970321, 61.20182423970321, 61.158108650960564, 57.72868199763567, 57.72868199763567, 57.72868199763567, 57.72868199763567, 57.72868199763567, 57.72868199763567, 57.72868199763567, 57.72868199763567, 57.72868199763567, 57.8587015516844, 57.8587015516844, 58.40453835877576, 58.40453835877576, 58.40453835877576, 58.40453835877576, 58.40453835877576, 58.40453835877576, 58.40453835877576, 58.40453835877576, 58.40453835877576, 58.40453835877576, 58.32104366491046, 62.44475382303545, 62.44475382303545, 62.44475382303545, 62.44475382303545, 62.44475382303545, 62.44475382303545, 62.44475382303545, 62.44475382303545, 62.44475382303545, 62.44475382303545, 62.44475382303545, 59.44260219692797, 59.44260219692797, 59.44260219692797, 59.44260219692797, 59.44260219692797, 59.44260219692797, 59.44260219692797, 59.44260219692797, 59.44260219692797, 59.309023315586565, 59.309023315586565, 57.64615350300002, 57.64615350300002, 57.64615350300002, 57.64615350300002, 57.64615350300002, 57.64615350300002, 57.64615350300002, 57.64615350300002, 57.64615350300002, 57.64615350300002, 57.6048892556822, 61.63723150357996, 61.63723150357996, 61.63723150357996, 61.63723150357996, 61.63723150357996, 61.63723150357996, 61.63723150357996, 61.63723150357996, 61.63723150357996, 61.63723150357996, 61.63723150357996, 59.26656875344227, 59.26656875344227, 59.26656875344227, 59.26656875344227, 59.26656875344227, 59.26656875344227, 59.26656875344227, 59.26656875344227, 59.26656875344227, 59.40005201640047, 59.44260219692797, 59.44260219692797, 59.44260219692797, 59.44260219692797, 59.44260219692797, 59.44260219692797, 59.44260219692797, 59.44260219692797, 59.44260219692797, 59.44260219692797, 59.44260219692797, 59.44260219692797, 59.44260219692797, 59.44260219692797, 59.44260219692797, 59.44260219692797, 59.44260219692797, 59.44260219692797, 59.44260219692797, 59.44260219692797, 59.44260219692797, 59.44260219692797, 59.485152377455485, 59.485152377455485, 59.485152377455485, 59.485152377455485, 59.485152377455485, 59.485152377455485, 59.485152377455485, 59.485152377455485, 59.485152377455485, 59.485152377455485, 59.485152377455485, 59.485152377455485, 58.362791011843115, 58.362791011843115, 58.362791011843115, 58.362791011843115, 58.362791011843115, 58.362791011843115, 58.362791011843115, 58.362791011843115, 58.362791011843115, 58.362791011843115, 58.23754897104516, 59.35750183587295, 59.35159972770593, 59.35159972770593, 59.35159972770593, 59.35159972770593, 59.35159972770593, 59.35159972770593, 59.35159972770593, 59.35159972770593, 59.35159972770593, 59.52178352620832, 63.817169966243966, 63.817169966243966, 63.817169966243966, 63.817169966243966, 63.817169966243966, 63.817169966243966, 63.817169966243966, 63.817169966243966, 63.817169966243966, 63.817169966243966, 63.68032113858225, 59.39414567733152, 59.40005201640047, 59.40005201640047, 59.40005201640047, 59.40005201640047, 59.40005201640047, 59.40005201640047, 59.40005201640047, 59.40005201640047, 59.40005201640047, 59.527702557982984, 59.527702557982984, 59.527702557982984, 59.527702557982984, 59.527702557982984, 59.527702557982984, 59.527702557982984, 59.527702557982984, 59.527702557982984, 59.527702557982984, 59.527702557982984, 59.40005201640047, 58.27929631797781, 58.27929631797781, 58.27929631797781, 58.27929631797781, 58.27929631797781, 58.27929631797781, 58.27929631797781, 58.27929631797781, 58.27929631797781, 58.27929631797781, 58.27929631797781, 61.164409997085635, 61.164409997085635, 61.164409997085635, 61.164409997085635, 61.164409997085635, 61.164409997085635, 61.164409997085635, 61.164409997085635, 61.164409997085635, 61.164409997085635, 61.25203809163733, 60.651527914268335, 60.651527914268335, 60.651527914268335, 60.651527914268335, 60.651527914268335, 60.651527914268335, 60.651527914268335, 60.651527914268335, 60.651527914268335, 60.651527914268335, 60.56475891868283, 63.036789894955604, 63.036789894955604, 63.036789894955604, 63.036789894955604, 63.036789894955604, 63.036789894955604, 63.036789894955604, 63.036789894955604, 63.036789894955604, 63.036789894955604, 63.172255775818684, 57.32297283361325, 57.32297283361325, 57.32297283361325, 57.32297283361325, 57.32297283361325, 57.32297283361325, 57.32297283361325, 57.32297283361325, 57.32297283361325, 57.32297283361325, 57.241024337782484, 60.0197148396166, 60.0197148396166, 60.0197148396166, 60.0197148396166, 60.0197148396166, 60.0197148396166, 60.0197148396166, 60.0197148396166, 60.0197148396166, 60.0197148396166, 60.0197148396166, 61.20822404436148, 61.20213791290634, 61.20213791290634, 61.20213791290634, 61.20213791290634, 61.20213791290634, 61.20213791290634, 61.20213791290634, 61.20213791290634, 61.20213791290634, 61.15832822220276, 62.393850004469485, 62.40005464349141, 62.40005464349141, 62.40005464349141, 62.40005464349141, 62.40005464349141, 62.40005464349141, 62.40005464349141, 62.40005464349141, 62.25982980159592, 62.30442853354548, 58.18998513982078, 58.18998513982078, 58.18998513982078, 58.18998513982078, 58.18998513982078, 58.18998513982078, 58.18998513982078, 58.18998513982078, 58.18998513982078, 58.32104366491046, 58.362791011843115, 59.485152377455485, 59.485152377455485, 59.485152377455485, 59.485152377455485, 59.485152377455485, 59.485152377455485, 59.485152377455485, 59.485152377455485, 59.485152377455485, 59.351477877730865, 59.26656875344227, 59.84197233357278, 59.84197233357278, 59.84197233357278, 59.84197233357278, 59.84197233357278, 59.84197233357278, 59.84197233357278, 59.84197233357278, 59.84197233357278, 59.97675155054027, 59.97675155054027, 58.83433723529189, 58.83433723529189, 58.83433723529189, 58.83433723529189, 58.83433723529189, 58.83433723529189, 58.83433723529189, 58.83433723529189, 58.83433723529189, 58.83433723529189, 58.918627116717815, 59.485152377455485, 59.491068354817735, 59.491068354817735, 59.491068354817735, 59.491068354817735, 59.491068354817735, 59.491068354817735, 59.491068354817735, 59.491068354817735, 59.491068354817735, 59.533622767088715, 62.540371391689156, 62.53415218212355, 62.53415218212355, 62.53415218212355, 62.53415218212355, 62.53415218212355, 62.53415218212355, 62.53415218212355, 62.53415218212355, 62.39362599744462, 62.39362599744462, 58.82827594044778, 58.82827594044778, 58.82827594044778, 58.82827594044778, 58.82827594044778, 58.82827594044778, 58.82827594044778, 58.82827594044778, 58.82827594044778, 58.960772057430766, 58.918627116717815, 61.864558472553696, 61.864558472553696, 61.864558472553696, 61.864558472553696, 61.864558472553696, 61.864558472553696, 61.864558472553696, 61.864558472553696, 61.864558472553696, 61.864558472553696, 61.77605409705649, 60.56475891868283, 60.56475891868283, 60.56475891868283, 60.56475891868283, 60.56475891868283, 60.56475891868283, 60.56475891868283, 60.56475891868283, 60.56475891868283, 60.4286583368431, 60.47194534138238, 60.47194534138238, 60.47194534138238, 60.47194534138238, 60.47194534138238, 60.47194534138238, 60.47194534138238, 60.47194534138238, 60.47194534138238, 60.47194534138238, 60.60814341647558, 60.60814341647558, 57.241024337782484, 57.241024337782484, 57.241024337782484, 57.241024337782484, 57.241024337782484, 57.241024337782484, 57.241024337782484, 57.241024337782484, 57.241024337782484, 57.241024337782484, 57.28199858569787, 61.25203809163733, 61.258129791099456, 61.258129791099456, 61.258129791099456, 61.258129791099456, 61.258129791099456, 61.258129791099456, 61.258129791099456, 61.258129791099456, 61.258129791099456, 61.30194819581411, 62.540371391689156, 62.53415218212355, 62.53415218212355, 62.53415218212355, 62.53415218212355, 62.53415218212355, 62.53415218212355, 62.53415218212355, 62.53415218212355, 62.53415218212355, 62.53415218212355, 57.32297283361325, 57.32297283361325, 57.32297283361325, 57.32297283361325, 57.32297283361325, 57.32297283361325, 57.32297283361325, 57.32297283361325, 57.32297283361325, 57.32297283361325, 57.20005008986712, 61.164409997085635, 61.17049298167013, 61.17049298167013, 61.17049298167013, 61.17049298167013, 61.17049298167013, 61.17049298167013, 61.17049298167013, 61.17049298167013, 61.17049298167013, 61.21431138638479, 61.82645450024864, 61.82030628480509, 61.82030628480509, 61.82030628480509, 61.82030628480509, 61.82030628480509, 61.82030628480509, 61.82030628480509, 61.82030628480509, 61.82030628480509, 61.77605409705649, 59.97675155054027, 59.97675155054027, 59.97675155054027, 59.97675155054027, 59.97675155054027, 59.97675155054027, 59.97675155054027, 59.97675155054027, 59.97675155054027, 59.97675155054027, 60.10564141776923, 56.79707400027735, 56.791426483721686, 56.791426483721686, 56.791426483721686, 56.791426483721686, 56.791426483721686, 56.791426483721686, 56.791426483721686, 56.791426483721686, 56.791426483721686, 56.75083218316148, 60.64549713690788, 60.651527914268335, 60.651527914268335, 60.651527914268335, 60.651527914268335, 60.651527914268335, 60.651527914268335, 60.651527914268335, 60.651527914268335, 60.651527914268335, 60.651527914268335, 60.651527914268335, 60.651527914268335, 60.651527914268335, 60.651527914268335, 60.651527914268335, 60.651527914268335, 60.651527914268335, 60.651527914268335, 60.651527914268335, 60.51523234592167, 60.55851935046095, 59.393932439875165, 59.38802670929548, 59.38802670929548, 59.38802670929548, 59.38802670929548, 59.38802670929548, 59.38802670929548, 59.38802670929548, 59.38802670929548, 59.52178352620832, 59.47923757658272, 58.91276864728192, 58.918627116717815, 58.918627116717815, 58.918627116717815, 58.918627116717815, 58.918627116717815, 58.918627116717815, 58.918627116717815, 58.918627116717815, 58.918627116717815, 58.87648217600485, 62.44475382303545, 62.44475382303545, 62.44475382303545, 62.44475382303545, 62.44475382303545, 62.44475382303545, 62.44475382303545, 62.44475382303545, 62.44475382303545, 62.44475382303545, 62.53415218212355, 59.527702557982984, 59.527702557982984, 59.527702557982984, 59.527702557982984, 59.527702557982984, 59.527702557982984, 59.527702557982984, 59.527702557982984, 59.527702557982984, 59.527702557982984, 59.527702557982984, 60.694912412061086, 60.68887732083985, 60.68887732083985, 60.68887732083985, 60.68887732083985, 60.68887732083985, 60.68887732083985, 60.68887732083985, 60.68887732083985, 60.552497821242454, 60.422649720124724, 58.14254973068604, 58.14833160715091, 58.14833160715091, 58.14833160715091, 58.14833160715091, 58.14833160715091, 58.14833160715091, 58.14833160715091, 58.14833160715091, 58.27929631797781, 58.32104366491046, 55.69396962595054, 55.699508558782554, 55.699508558782554, 55.699508558782554, 55.699508558782554, 55.699508558782554, 55.699508558782554, 55.699508558782554, 55.699508558782554, 55.699508558782554, 55.81912096084151, 57.90581707152717, 57.900058736496185, 57.900058736496185, 57.900058736496185, 57.900058736496185, 57.900058736496185, 57.900058736496185, 57.900058736496185, 57.900058736496185, 57.900058736496185, 57.73462999724905, 56.675278988125214, 56.675278988125214, 56.675278988125214, 56.675278988125214, 56.675278988125214, 56.675278988125214, 56.675278988125214, 56.675278988125214, 56.675278988125214, 56.675278988125214, 56.79707400027735, 57.8587015516844, 57.8587015516844, 57.8587015516844, 57.8587015516844, 57.8587015516844, 57.8587015516844, 57.8587015516844, 57.8587015516844, 57.8587015516844, 57.8587015516844, 57.81734436687261, 61.25203809163733, 61.25203809163733, 61.25203809163733, 61.25203809163733, 61.25203809163733, 61.25203809163733, 61.25203809163733, 61.25203809163733, 61.25203809163733, 61.25203809163733, 61.164409997085635, 56.160049179142256, 56.160049179142256, 56.160049179142256, 56.160049179142256, 56.160049179142256, 56.160049179142256, 56.160049179142256, 56.160049179142256, 56.160049179142256, 56.160049179142256, 56.28073696391118, 52.02421063890951, 52.01386579686559, 52.01386579686559, 52.01386579686559, 52.01386579686559, 52.01386579686559, 52.01386579686559, 52.01386579686559, 52.01386579686559, 52.01386579686559, 51.90232784304815, 59.388240512718546, 59.40005201640047, 59.40005201640047, 59.40005201640047, 59.40005201640047, 59.40005201640047, 59.40005201640047, 59.40005201640047, 59.40005201640047, 59.40005201640047, 59.314951655345446, 58.750047353865966, 58.755890222822096, 58.755890222822096, 58.755890222822096, 58.755890222822096, 58.755890222822096, 58.755890222822096, 58.755890222822096, 58.755890222822096, 58.755890222822096, 58.96663588359262, 61.30194819581411, 61.28975729431351, 61.28975729431351, 61.28975729431351, 61.28975729431351, 61.28975729431351, 61.28975729431351, 61.28975729431351, 61.28975729431351, 61.28975729431351, 61.20213791290634, 57.23533267781056, 57.241024337782484, 57.241024337782484, 57.241024337782484, 57.241024337782484, 57.241024337782484, 57.241024337782484, 57.241024337782484, 57.241024337782484, 57.241024337782484, 57.241024337782484, 59.44260219692797, 59.44260219692797, 59.44260219692797, 59.44260219692797, 59.44260219692797, 59.44260219692797, 59.44260219692797, 59.44260219692797, 59.44260219692797, 59.44260219692797, 59.40005201640047, 58.27929631797781, 58.27929631797781, 58.27929631797781, 58.27929631797781, 58.27929631797781, 58.27929631797781, 58.27929631797781, 58.27929631797781, 58.27929631797781, 58.27929631797781, 58.27929631797781, 58.83433723529189, 58.83433723529189, 58.83433723529189, 58.83433723529189, 58.83433723529189, 58.83433723529189, 58.83433723529189, 58.83433723529189, 58.83433723529189, 58.83433723529189, 58.83433723529189, 57.20005008986712, 57.20005008986712, 57.20005008986712, 57.20005008986712, 57.20005008986712, 57.20005008986712, 57.20005008986712, 57.20005008986712, 57.20005008986712, 57.20005008986712, 57.32297283361325, 60.694912412061086, 60.694912412061086, 60.694912412061086, 60.694912412061086, 60.694912412061086, 60.694912412061086, 60.694912412061086, 60.694912412061086, 60.694912412061086, 60.694912412061086, 60.651527914268335, 59.485152377455485, 59.485152377455485, 59.485152377455485, 59.485152377455485, 59.485152377455485, 59.485152377455485, 59.485152377455485, 59.485152377455485, 59.485152377455485, 59.485152377455485, 59.527702557982984, 56.28073696391118, 56.28073696391118, 56.28073696391118, 56.28073696391118, 56.28073696391118, 56.28073696391118, 56.28073696391118, 56.28073696391118, 56.28073696391118, 56.28073696391118, 56.2002784407319, 58.32104366491046, 58.32104366491046, 58.32104366491046, 58.32104366491046, 58.32104366491046, 58.32104366491046, 58.32104366491046, 58.32104366491046, 58.32104366491046, 58.32104366491046, 58.32104366491046, 59.44260219692797, 59.44260219692797, 59.44260219692797, 59.44260219692797, 59.44260219692797, 59.44260219692797, 59.44260219692797, 59.44260219692797, 59.44260219692797, 59.44260219692797, 59.40005201640047, 57.20005008986712, 57.20005008986712, 57.20005008986712, 57.20005008986712, 57.20005008986712, 57.20005008986712, 57.20005008986712, 57.20005008986712, 57.20005008986712, 57.20005008986712, 57.28199858569787, 60.651527914268335, 60.651527914268335, 60.651527914268335, 60.651527914268335, 60.651527914268335, 60.651527914268335, 60.651527914268335, 60.651527914268335, 60.651527914268335, 60.651527914268335, 60.651527914268335, 60.651527914268335, 60.651527914268335, 60.651527914268335, 60.651527914268335, 60.651527914268335, 60.651527914268335, 60.651527914268335, 60.651527914268335, 60.651527914268335, 60.651527914268335, 60.56475891868283, 65.02742536532263, 65.02742536532263, 65.02742536532263, 65.02742536532263, 65.02742536532263]
====================================

====================================
TIME: 2026-08-17 10:10:38
FINISH CYCLE - DUT 1
Charging samples: [96.21133159700302, 96.22079562726046, 96.01475537966463, 96.03990220110066, 96.03990220110066, 96.03990220110066, 96.03990220110066, 96.03990220110066, 96.03990220110066, 96.03990220110066, 96.03990220110066, 94.88799932612493, 94.88799932612493, 94.88799932612493, 94.91285755412811, 94.91285755412811, 94.91285755412811, 94.91285755412811, 94.91285755412811, 94.91285755412811, 94.91285755412811, 94.91285755412811, 94.86484902729245, 94.87417969012587, 94.77270997922733, 95.25098194901894, 95.25098194901894, 95.25098194901894, 95.25098194901894, 95.25098194901894, 95.25098194901894, 95.25098194901894, 95.25098194901894, 97.42015916951783, 97.41057811531154, 97.61938964396172, 97.76525671119805, 97.76525671119805, 97.76525671119805, 97.76525671119805, 97.76525671119805, 97.76525671119805, 97.76525671119805, 97.76525671119805, 95.34652200780373, 95.34652200780373, 95.24443793713154, 94.67027524119742, 94.67027524119742, 94.67027524119742, 94.67027524119742, 94.67027524119742, 94.67027524119742, 94.67027524119742, 94.67027524119742, 99.52146641286708, 99.53125508862325, 99.53125508862325, 99.46607986592586, 99.46607986592586, 99.46607986592586, 99.46607986592586, 99.46607986592586, 99.46607986592586, 99.46607986592586, 99.46607986592586, 96.24975392431533, 96.2308220293656, 96.02520061477294, 96.05874800133648, 96.05874800133648, 96.05874800133648, 96.05874800133648, 96.05874800133648, 96.05874800133648, 96.05874800133648, 96.05874800133648, 95.72338080133181, 95.73279683328158, 95.52867573129161, 96.00242015144592, 96.00242015144592, 96.00242015144592, 96.00242015144592, 96.00242015144592, 96.00242015144592, 96.00242015144592, 96.00242015144592, 95.18558274274992, 95.19494495212759, 95.60263208254358, 95.60682794087505, 95.60682794087505, 95.60682794087505, 95.60682794087505, 95.60682794087505, 95.60682794087505, 95.60682794087505, 95.60682794087505, 96.37901837351211, 96.37901837351211, 95.96802042735641, 95.65316471729291, 95.65316471729291, 95.65316471729291, 95.65316471729291, 95.65316471729291, 95.65316471729291, 95.65316471729291, 95.65316471729291, 95.94055529731482, 95.9216842203484, 95.9216842203484, 95.64971434142481, 95.64971434142481, 95.64971434142481, 95.64971434142481, 95.64971434142481, 95.64971434142481, 95.64971434142481, 95.64971434142481, 95.98398693273283, 96.00287026677431, 96.41401746277764, 96.6754734870392, 96.6754734870392, 96.6754734870392, 96.6754734870392, 96.6754734870392, 96.6754734870392, 96.6754734870392, 96.6754734870392, 95.7135284772179, 95.68528884450433, 95.58295163718401, 95.98598951468962, 95.98598951468962, 95.98598951468962, 95.98598951468962, 95.98598951468962, 95.98598951468962, 95.98598951468962, 95.98598951468962, 95.60011619000745, 95.61892585379299, 95.21160348593867, 95.2241511405889, 95.2241511405889, 95.2241511405889, 95.2241511405889, 95.2241511405889, 95.2241511405889, 95.2241511405889, 95.2241511405889, 93.11019420305814, 93.11019420305814, 93.60864278016233, 93.32576289789407, 93.32576289789407, 93.32576289789407, 93.32576289789407, 93.32576289789407, 93.32576289789407, 93.32576289789407, 93.32576289789407, 95.10752410905098, 95.10752410905098, 95.00580483192903, 94.68649243681514, 94.68649243681514, 94.68649243681514, 94.68649243681514, 94.68649243681514, 94.68649243681514, 94.68649243681514, 94.68649243681514, 95.93299816003397, 95.9424338832719, 96.04515597522402, 96.28471200246716, 96.28471200246716, 96.28471200246716, 96.28471200246716, 96.28471200246716, 96.28471200246716, 96.28471200246716, 96.28471200246716, 97.34331453322892, 97.35288802993753, 97.66659228782133, 98.25994424625053, 98.25994424625053, 98.25994424625053, 98.25994424625053, 98.25994424625053, 98.25994424625053, 98.25994424625053, 98.25994424625053, 97.5313732310781, 97.51219113387464, 97.19898281117484, 96.70089762420447, 96.70089762420447, 96.70089762420447, 96.70089762420447, 96.70089762420447, 96.70089762420447, 96.70089762420447, 96.70089762420447, 96.1711616312432, 96.1806207796283, 95.97510663266328, 95.48996141872792, 95.48996141872792, 95.48996141872792, 95.48996141872792, 95.48996141872792, 95.48996141872792, 95.48996141872792, 95.48996141872792, 94.91616094951173, 94.91616094951173, 94.91616094951173, 95.04870228091269, 95.04870228091269, 95.04870228091269, 95.04870228091269, 95.04870228091269, 95.04870228091269, 95.04870228091269, 95.04870228091269, 95.43177009866952, 95.43177009866952, 95.73862466490316, 96.31865496623587, 96.31865496623587, 96.31865496623587, 96.31865496623587, 96.31865496623587, 96.31865496623587, 96.31865496623587, 96.31865496623587, 97.81683775798365, 97.81683775798365, 97.71210880963463, 97.89261147369184, 97.89261147369184, 97.89261147369184, 97.89261147369184, 97.89261147369184, 97.89261147369184, 97.89261147369184, 97.89261147369184, 97.505684155614, 97.505684155614, 97.40140000143688, 97.23460945917317, 97.23460945917317, 97.23460945917317, 97.23460945917317, 97.23460945917317, 97.23460945917317, 97.23460945917317, 97.23460945917317, 95.73943441292597, 95.71118713684034, 95.60893159502749, 94.96264357072616, 94.96264357072616, 94.96264357072616, 94.96264357072616, 94.96264357072616, 94.96264357072616, 94.96264357072616, 94.96264357072616, 94.00584111661303, 94.00584111661303, 94.30811070219698, 94.4811682279525, 94.4811682279525, 94.4811682279525, 94.4811682279525, 94.4811682279525, 94.4811682279525, 94.4811682279525, 94.4811682279525, 96.7891051617651, 96.82719236497678, 96.72352299413635, 97.19062227982232, 97.19062227982232, 97.19062227982232, 97.19062227982232, 97.19062227982232, 97.19062227982232, 97.19062227982232, 97.19062227982232, 97.86656302096367, 97.85693901043943, 97.64784298691286, 97.85835573742362, 97.85835573742362, 97.85835573742362, 97.85835573742362, 97.85835573742362, 97.85835573742362, 97.85835573742362, 97.85835573742362, 96.16864559888893, 96.16864559888893, 96.27149976530485, 95.68632666457994, 95.68632666457994, 95.68632666457994, 95.68632666457994, 95.68632666457994, 95.68632666457994, 95.68632666457994, 95.68632666457994, 96.21471501463535, 96.19579001168202, 95.9904628184874, 95.80194229185048, 95.80194229185048, 95.80194229185048, 95.80194229185048, 95.80194229185048, 95.80194229185048, 95.80194229185048, 95.80194229185048, 95.3236500188008, 95.31427330721131, 95.5181541057294, 95.50564954724113, 95.50564954724113, 95.50564954724113, 95.50564954724113, 95.50564954724113, 95.50564954724113, 95.50564954724113, 95.50564954724113, 95.88901392073734, 95.91731367890381, 96.02000887556218, 96.31842956412268, 96.31842956412268, 96.31842956412268, 96.31842956412268, 96.31842956412268, 96.31842956412268, 96.31842956412268, 96.31842956412268, 96.17402412249729, 96.16456562287864, 96.16456562287864, 96.5279450614993, 96.5279450614993, 96.5279450614993, 96.5279450614993, 96.5279450614993, 96.5279450614993, 96.5279450614993, 96.5279450614993, 96.57625734631485, 96.56675835375594, 96.87792943330618, 96.59356856096622, 96.59356856096622, 96.59356856096622, 96.59356856096622, 96.59356856096622, 96.59356856096622, 96.59356856096622, 96.59356856096622, 97.17341989800055, 97.1829785660999, 96.76722250806313, 96.48401786437114, 96.48401786437114, 96.48401786437114, 96.48401786437114, 96.48401786437114, 96.48401786437114, 96.48401786437114, 96.48401786437114, 96.53199599359262, 96.53199599359262, 96.73892417364318, 96.6544839657493, 96.6544839657493, 96.6544839657493, 96.6544839657493, 96.6544839657493, 96.6544839657493, 96.6544839657493, 96.6544839657493, 96.02997686259087, 96.03942212440484, 95.93659619065279, 96.63670939097148, 96.63670939097148, 96.63670939097148, 96.63670939097148, 96.63670939097148, 96.63670939097148, 96.63670939097148, 96.63670939097148, 95.95991402755297, 95.95047658518206, 96.15637889545067, 96.04659687941054, 96.04659687941054, 96.04659687941054, 96.04659687941054, 96.04659687941054, 96.04659687941054, 96.04659687941054, 96.04659687941054, 96.48207263352373, 96.51054181990128, 96.09810360699574, 95.62361764581462, 95.62361764581462, 95.62361764581462, 95.62361764581462, 95.62361764581462, 95.62361764581462, 95.62361764581462, 95.62361764581462, 95.33588359071187, 95.29838668467814, 95.19668082909152, 95.08035425742291, 95.08035425742291, 95.08035425742291, 95.08035425742291, 95.08035425742291, 95.08035425742291, 95.08035425742291, 95.08035425742291, 95.79776135695077, 95.8166080540503, 96.22739737046638, 96.66189923049696, 96.66189923049696, 96.66189923049696, 96.66189923049696, 96.66189923049696, 96.66189923049696, 96.66189923049696, 96.66189923049696, 97.82010471303911, 97.84896587690012, 97.63966327609394, 97.94021190761087, 97.94021190761087, 97.94021190761087, 97.94021190761087, 97.94021190761087, 97.94021190761087, 97.94021190761087, 97.94021190761087, 95.95918147435384, 95.92144312749538, 95.81896295321388, 95.32433774526605, 95.32433774526605, 95.32433774526605, 95.32433774526605, 95.32433774526605, 95.32433774526605, 95.32433774526605, 95.32433774526605, 95.99631192876744, 95.99631192876744, 96.09898178109766, 95.88087052219943, 95.88087052219943, 95.88087052219943, 95.88087052219943, 95.88087052219943, 95.88087052219943, 95.88087052219943, 95.88087052219943, 95.83293008693833, 95.83293008693833, 95.73054447787109, 95.78489407513776, 95.78489407513776, 95.78489407513776, 95.78489407513776, 95.78489407513776, 95.78489407513776, 95.78489407513776, 95.78489407513776, 95.97655969609853, 95.97655969609853, 96.28516599737218, 96.62274217757154, 96.62274217757154, 96.62274217757154, 96.62274217757154, 96.62274217757154, 96.62274217757154, 96.62274217757154, 96.62274217757154, 97.15337131584077, 97.17248282785333, 96.96462724961195, 97.22026823893334, 97.22026823893334, 97.22026823893334, 97.22026823893334, 97.22026823893334, 97.22026823893334, 97.22026823893334, 97.22026823893334, 96.93063486781438, 96.91157092153297, 95.68354679158746, 95.14423724747442, 95.14423724747442, 95.14423724747442, 95.14423724747442, 95.14423724747442, 95.14423724747442, 95.14423724747442, 95.14423724747442, 95.76021089499295, 95.7696296233194, 96.0739822598342, 95.95240146538774, 95.95240146538774, 95.95240146538774, 95.95240146538774, 95.95240146538774, 95.95240146538774, 95.95240146538774, 95.95240146538774, 95.00284776459222, 94.99350444754221, 95.80541474196565, 95.76362576231722, 95.76362576231722, 95.76362576231722, 95.76362576231722, 95.76362576231722, 95.76362576231722, 95.76362576231722, 95.76362576231722, 95.8593415301956, 95.86877000875666, 96.17702971939573, 96.58991516325854, 96.58991516325854, 96.58991516325854, 96.58991516325854, 96.58991516325854, 96.58991516325854, 96.58991516325854, 96.58991516325854, 96.44524729232006, 96.43576211851082, 96.22948241344452, 96.2969763516619, 96.2969763516619, 96.2969763516619, 96.2969763516619, 96.2969763516619, 96.2969763516619, 96.2969763516619, 96.2969763516619, 96.10438239895858, 96.0949298188072, 95.68557974503166, 95.40953952022303, 95.40953952022303, 95.40953952022303, 95.40953952022303, 95.40953952022303, 95.40953952022303, 95.40953952022303, 95.40953952022303, 96.17434544824086, 96.17434544824086, 96.27687673336692, 95.97901372199084, 95.97901372199084, 95.97901372199084, 95.97901372199084, 95.97901372199084, 95.97901372199084, 95.97901372199084, 95.97901372199084, 95.83590386057634, 95.83590386057634, 95.02545224230508, 95.18721534302311, 95.18721534302311, 95.18721534302311, 95.18721534302311, 95.18721534302311, 95.18721534302311, 95.18721534302311, 95.18721534302311, 95.8031604895932, 95.84085600818048, 97.07221604254683, 97.6090444844956, 97.6090444844956, 97.6090444844956, 97.6090444844956, 97.6090444844956, 97.6090444844956, 97.6090444844956, 97.6090444844956, 97.12630934856834, 97.11675907232954, 96.08797984486841, 95.97424631912158, 95.97424631912158, 95.97424631912158, 95.97424631912158, 95.97424631912158, 95.97424631912158, 95.97424631912158, 95.97424631912158, 95.49723714258518, 95.46906409593086, 96.69827951347503, 96.49100848564647, 96.49100848564647, 96.49100848564647, 96.49100848564647, 96.49100848564647, 96.49100848564647, 96.49100848564647, 96.49100848564647, 96.53920579258238, 96.54870207487556, 95.93111975883161, 95.58407347281918, 95.58407347281918, 95.58407347281918, 95.58407347281918, 95.58407347281918, 95.58407347281918, 95.58407347281918, 95.58407347281918, 95.58407347281918, 95.56527066501495, 95.15947333735035, 95.21757585497969, 95.21757585497969, 95.21757585497969, 95.21757585497969, 95.21757585497969, 95.21757585497969, 95.21757585497969, 95.21757585497969, 94.93235096475007, 94.97904666124035, 95.28249409466282, 96.00686883004587, 96.00686883004587, 96.00686883004587, 96.00686883004587, 96.00686883004587, 96.00686883004587, 96.00686883004587, 96.00686883004587, 95.95879328230927, 95.9399223298447, 95.2300074711672, 95.04206175228636, 95.04206175228636, 95.04206175228636, 95.04206175228636, 95.04206175228636, 95.04206175228636, 95.04206175228636, 95.04206175228636, 94.70874790846571, 94.70874790846571, 95.82296847209474, 95.1552416764179, 95.1552416764179, 95.1552416764179, 95.1552416764179, 95.1552416764179, 95.1552416764179, 95.1552416764179, 95.1552416764179, 94.24626752264618, 94.23699861356644, 92.74904600387856, 92.9230668162604, 92.9230668162604, 92.9230668162604, 92.9230668162604, 92.9230668162604, 92.9230668162604, 92.9230668162604, 92.9230668162604, 94.85699866370541, 94.88498833578086, 96.51042710812828, 96.8442562487011, 96.8442562487011, 96.8442562487011, 96.8442562487011, 96.8442562487011, 96.8442562487011, 96.8442562487011, 96.8442562487011, 97.03688530140863, 96.99871936815337, 95.56624882896119, 95.91060144151888, 95.91060144151888, 95.91060144151888, 95.91060144151888, 95.91060144151888, 95.91060144151888, 95.91060144151888, 95.91060144151888, 95.43461830781409, 95.42523068059515, 96.44255723369318, 96.05844165647565, 96.05844165647565, 96.05844165647565, 96.05844165647565, 96.05844165647565, 96.05844165647565, 96.05844165647565, 96.05844165647565, 94.90861492343053, 94.92728853187587, 94.22412343163977, 93.90764545980832, 93.90764545980832, 93.90764545980832, 93.90764545980832, 93.90764545980832, 93.90764545980832, 93.90764545980832, 93.90764545980832, 94.28687875798019, 94.26833112765503, 95.07318347452934, 94.99445306631735, 94.99445306631735, 94.99445306631735, 94.99445306631735, 94.99445306631735, 94.99445306631735, 94.99445306631735, 94.99445306631735, 95.42429222046358, 95.4430672902561, 94.33560553899783, 94.66982169823585, 94.66982169823585, 94.66982169823585, 94.66982169823585, 94.66982169823585, 94.66982169823585, 94.66982169823585, 94.66982169823585, 96.51773113078401, 96.53671760292539, 98.40517020169169, 98.89829910419259, 98.89829910419259, 98.89829910419259, 98.89829910419259, 98.89829910419259, 98.89829910419259, 98.89829910419259, 98.89829910419259, 98.12148379458677, 98.11183471564148, 97.58717249791079, 97.34753725739847, 97.34753725739847, 97.34753725739847, 97.34753725739847, 97.34753725739847, 97.34753725739847, 97.34753725739847, 97.34753725739847, 95.75799310623859, 95.75799310623859, 94.24602479403481, 93.66689599180528, 93.66689599180528, 93.66689599180528, 93.66689599180528, 93.66689599180528, 93.66689599180528, 93.66689599180528, 93.66689599180528, 93.19573454315434, 93.19573454315434, 94.69085327914078, 94.8230915310799, 94.8230915310799, 94.8230915310799, 94.8230915310799, 94.8230915310799, 94.8230915310799, 94.8230915310799, 94.8230915310799, 95.6859912517874, 95.6859912517874, 94.57336344653405, 95.18817754607224, 95.18817754607224, 95.18817754607224, 95.18817754607224, 95.18817754607224, 95.18817754607224, 95.18817754607224, 95.18817754607224, 96.85730891586809, 96.87636031415995, 96.3670208803316, 96.90333910607902, 96.90333910607902, 96.90333910607902, 96.90333910607902, 96.90333910607902, 96.90333910607902, 96.90333910607902, 96.90333910607902, 95.47197516064212, 95.46258755246505, 96.27245043732161, 95.9250188320113, 95.9250188320113, 95.9250188320113, 95.9250188320113, 95.9250188320113, 95.9250188320113, 95.9250188320113, 95.9250188320113, 94.72655532836298, 94.71724010018634, 93.9204599521301, 93.48434777607764, 93.48434777607764, 93.48434777607764, 93.48434777607764, 93.48434777607764, 93.48434777607764, 93.48434777607764, 93.48434777607764, 93.9101368094707, 93.8916651067151, 94.88945113335393, 94.98515196107009, 94.98515196107009, 94.98515196107009, 94.98515196107009, 94.98515196107009, 94.98515196107009, 94.98515196107009, 94.98515196107009, 95.12870634690545, 95.14742141799476, 95.04641566277394, 95.5281405548506, 95.5281405548506, 95.5281405548506, 95.5281405548506, 95.5281405548506, 95.5281405548506, 95.5281405548506, 95.5281405548506, 96.10476916986981, 96.11422085841916, 94.80585973678623, 95.02363094918633, 95.02363094918633, 95.02363094918633, 95.02363094918633, 95.02363094918633, 95.02363094918633, 95.02363094918633, 95.02363094918633, 95.45123728845766, 95.43246430443004, 96.34038415510642, 96.20015069927658, 96.20015069927658, 96.20015069927658, 96.20015069927658, 96.20015069927658, 96.20015069927658, 96.20015069927658, 96.20015069927658, 95.7213047525405, 95.70247494930403, 96.10885488539452, 95.69939604298922, 95.69939604298922, 95.69939604298922, 95.69939604298922, 95.69939604298922, 95.69939604298922, 95.69939604298922, 95.69939604298922, 96.41750056557295, 96.45544153972564, 96.25108679070081, 96.09071051699887, 96.09071051699887, 96.09071051699887, 96.09071051699887, 96.09071051699887, 96.09071051699887, 96.09071051699887, 96.09071051699887, 96.42469014640255, 96.40572570739253, 96.61040877683497, 96.84396213636758, 96.84396213636758, 96.84396213636758, 96.84396213636758, 96.84396213636758, 96.84396213636758, 96.84396213636758, 96.84396213636758, 97.22731280291433, 97.24643886031626, 97.3497825785525, 97.83139288151634, 97.83139288151634, 97.83139288151634, 97.83139288151634, 97.83139288151634, 97.83139288151634, 97.83139288151634, 97.83139288151634, 96.43311274668936, 96.41414665115457, 96.41414665115457, 96.19319845028811, 96.19319845028811, 96.19319845028811, 96.19319845028811, 96.19319845028811, 96.19319845028811, 96.19319845028811, 96.19319845028811, 95.66413585881153, 95.67354513744424, 95.87732265637385, 95.2852281182454, 95.2852281182454, 95.2852281182454, 95.2852281182454, 95.2852281182454, 95.2852281182454, 95.2852281182454, 95.2852281182454, 94.4708244591151, 94.46153346536418, 94.26076506267479, 94.2772817553439, 94.2772817553439, 94.2772817553439, 94.2772817553439, 94.2772817553439, 94.2772817553439, 94.2772817553439, 94.2772817553439, 95.18563284730716, 95.18563284730716, 95.28689415884686, 95.5799815387185, 95.5799815387185, 95.5799815387185, 95.5799815387185, 95.5799815387185, 95.5799815387185, 95.5799815387185, 95.5799815387185, 96.25206578861406, 96.25206578861406, 96.56023675698746, 97.07208534833114, 97.07208534833114, 97.07208534833114, 97.07208534833114, 97.07208534833114, 97.07208534833114, 97.07208534833114, 97.07208534833114, 96.58793529671851, 96.58793529671851, 95.77025965399497, 95.63507446171762, 95.63507446171762, 95.63507446171762, 95.63507446171762, 95.63507446171762, 95.63507446171762, 95.63507446171762, 95.63507446171762, 95.29951279693967, 95.28076596644947, 95.99181645873638, 95.65005842026962, 95.65005842026962, 95.65005842026962, 95.65005842026962, 95.65005842026962, 95.65005842026962, 95.65005842026962, 95.65005842026962, 95.93874068914369, 95.96705512318869, 95.55955170440656, 95.21219938805963, 95.21219938805963, 95.21219938805963, 95.21219938805963, 95.21219938805963, 95.21219938805963, 95.21219938805963, 95.21219938805963, 95.880690256381, 95.89011990727165, 96.5048001630875, 96.89093817543596, 96.89093817543596, 96.89093817543596, 96.89093817543596, 96.89093817543596, 96.89093817543596, 96.89093817543596, 96.89093817543596, 98.33851195295743, 98.32884153187837, 98.22390146620936, 98.70128533760435, 98.70128533760435, 98.70128533760435, 98.70128533760435, 98.70128533760435, 98.70128533760435, 98.70128533760435, 98.70128533760435, 97.1999409580824, 97.1999409580824, 96.78676373828183, 96.3610092679599, 96.3610092679599, 96.3610092679599, 96.3610092679599, 96.3610092679599, 96.3610092679599, 96.3610092679599, 96.3610092679599, 94.96864789836805, 94.95930794479818, 94.95930794479818, 94.59313559918922, 94.59313559918922, 94.59313559918922, 94.59313559918922, 94.59313559918922, 94.59313559918922, 94.59313559918922, 94.59313559918922, 94.7366034489352, 94.7366034489352, 95.03959898235397, 95.06459295973264, 95.06459295973264, 95.06459295973264, 95.06459295973264, 95.06459295973264, 95.06459295973264, 95.06459295973264, 95.06459295973264, 96.12033301279381, 96.12033301279381, 96.12033301279381, 96.4585615872835, 96.4585615872835, 96.4585615872835, 96.4585615872835, 96.4585615872835, 96.4585615872835, 96.4585615872835, 96.4585615872835, 96.16961931592866, 96.19799630598942, 95.99331971810433, 96.34505225989327, 96.34505225989327, 96.34505225989327, 96.34505225989327, 96.34505225989327, 96.34505225989327, 96.34505225989327, 96.34505225989327, 96.44154204683358, 96.41309321437139, 96.10637075451655, 95.82716393746405, 95.82716393746405, 95.82716393746405, 95.82716393746405, 95.82716393746405, 95.82716393746405, 95.82716393746405, 95.82716393746405, 96.2106643434169, 96.18227524210576, 96.59199739436181, 96.24038405355519, 96.24038405355519, 96.24038405355519, 96.24038405355519, 96.24038405355519, 96.24038405355519, 96.24038405355519, 96.24038405355519, 94.17843262639882, 94.17843262639882, 93.97826592581137, 94.18894247799668, 94.18894247799668, 94.18894247799668, 94.18894247799668, 94.18894247799668, 94.18894247799668, 94.18894247799668, 94.18894247799668, 96.25112400882857, 96.27953343149942, 96.38195846706486, 96.8117601274107, 96.8117601274107, 96.8117601274107, 96.8117601274107, 96.8117601274107, 96.8117601274107, 96.8117601274107, 96.8117601274107, 96.4258637243119, 96.41637952408327, 96.21167383507249, 96.53560451382435, 96.53560451382435, 96.53560451382435, 96.53560451382435, 96.53560451382435, 96.53560451382435, 96.53560451382435, 96.53560451382435, 95.81122529035893, 95.81122529035893, 95.70962271847098, 95.48120889309433, 95.48120889309433, 95.48120889309433, 95.48120889309433, 95.48120889309433, 95.48120889309433, 95.48120889309433, 95.48120889309433, 95.76996254902103, 95.77938316308251, 95.47564304734334, 95.07646224946032, 95.07646224946032, 95.07646224946032, 95.07646224946032, 95.07646224946032, 95.07646224946032, 95.07646224946032, 95.07646224946032, 95.69756476666787, 95.68815220005365, 95.58710874472098, 95.91213446224552, 95.91213446224552, 95.91213446224552, 95.91213446224552, 95.91213446224552, 95.91213446224552, 95.91213446224552, 95.91213446224552, 97.01347200225135, 97.03255787122681, 97.44414878478452, 97.90242465200078, 97.90242465200078, 97.90242465200078, 97.90242465200078, 97.90242465200078, 97.90242465200078, 97.90242465200078, 97.90242465200078, 96.74267233628112, 96.75218676117649, 96.54742022834861, 96.18043334924857, 96.18043334924857, 96.18043334924857, 96.18043334924857, 96.18043334924857, 96.18043334924857, 96.18043334924857, 96.18043334924857, 95.26763203374622, 95.26763203374622, 95.26763203374622, 94.97379047206468, 94.97379047206468, 94.97379047206468, 94.97379047206468, 94.97379047206468, 94.97379047206468, 94.97379047206468, 94.97379047206468, 94.63853251275836, 94.61061279621413, 94.31121212280841, 94.35278638426874, 94.35278638426874, 94.35278638426874, 94.35278638426874, 94.35278638426874, 94.35278638426874, 94.35278638426874, 94.35278638426874, 95.2600247148867, 95.25065426193423, 95.85734632729687, 96.1923339571233, 96.1923339571233, 96.1923339571233, 96.1923339571233, 96.1923339571233, 96.1923339571233, 96.1923339571233, 96.1923339571233, 97.59061851088599, 97.61942046420943, 97.30951754210085, 97.55117310672865, 97.55117310672865, 97.55117310672865, 97.55117310672865, 97.55117310672865, 97.55117310672865, 97.55117310672865, 97.55117310672865, 96.39443982878328, 96.375479474765, 96.68240775334705, 96.25130435027046, 96.25130435027046, 96.25130435027046, 96.25130435027046, 96.25130435027046, 96.25130435027046, 96.25130435027046, 96.25130435027046, 96.34755565462073, 96.36651051506824, 95.05471508397308, 94.84117484658064, 94.84117484658064, 94.84117484658064, 94.84117484658064, 94.84117484658064, 94.84117484658064, 94.84117484658064, 94.84117484658064, 94.74642841816248, 94.7371103193802, 95.2357266894822, 95.29449344607835, 95.29449344607835, 95.29449344607835, 95.29449344607835, 95.29449344607835, 95.29449344607835, 95.29449344607835, 95.29449344607835, 95.34214069280138, 95.36089590883222, 95.26062157033714, 95.669646416175, 95.669646416175, 95.669646416175, 95.669646416175, 95.669646416175, 95.669646416175, 95.669646416175, 95.669646416175, 93.94845337720331, 93.90225982160433, 94.59856895163739, 94.66142235942775, 94.66142235942775, 94.66142235942775, 94.66142235942775, 94.66142235942775, 94.66142235942775, 94.66142235942775, 94.66142235942775, 96.20298241820723, 96.24084270251191, 96.34290086020282, 96.01118256466577, 96.01118256466577, 96.01118256466577, 96.01118256466577, 96.01118256466577, 96.01118256466577, 96.01118256466577, 96.01118256466577, 94.13615195874591, 94.11763579982404, 93.72009562749109, 93.39029851082886, 93.39029851082886, 93.39029851082886, 93.39029851082886, 93.39029851082886, 93.39029851082886, 93.39029851082886, 93.39029851082886, 95.29816977764864, 95.31691818799248, 95.7212317327984, 96.02958749452534, 96.02958749452534, 96.02958749452534, 96.02958749452534, 96.02958749452534, 96.02958749452534, 96.02958749452534, 96.02958749452534, 97.18309605301812, 97.17353831343777, 97.48366662720406, 97.95483191907906, 97.95483191907906, 97.95483191907906, 97.95483191907906, 97.95483191907906, 97.95483191907906, 97.95483191907906, 97.95483191907906, 98.1970545499373, 98.1970545499373, 97.8846567093755, 97.80225856673769, 97.80225856673769, 97.80225856673769, 97.80225856673769, 97.80225856673769, 97.80225856673769, 97.80225856673769, 97.80225856673769, 97.5610097789559, 97.5610097789559, 97.87237470378234, 97.3419128156813, 97.3419128156813, 97.3419128156813, 97.3419128156813, 97.3419128156813, 97.3419128156813, 97.3419128156813, 97.3419128156813, 96.09023638976257, 96.09968757854881, 95.49017581800831, 95.34732708614402, 95.34732708614402, 95.34732708614402, 95.34732708614402, 95.34732708614402, 95.34732708614402, 95.34732708614402, 95.34732708614402, 96.30271112508333, 96.29323996938652, 96.90787767131877, 97.19439758676725, 97.19439758676725, 97.19439758676725, 97.19439758676725, 97.19439758676725, 97.19439758676725, 97.19439758676725, 97.19439758676725, 96.61585950589365, 96.61585950589365, 96.10466448205294, 96.62486365090743, 96.62486365090743, 96.62486365090743, 96.62486365090743, 96.62486365090743, 96.62486365090743, 96.62486365090743, 96.62486365090743]
Discharging samples: []
====================================

====================================
TIME: 2026-08-17 10:10:39
FINISH CYCLE - DUT 2
Charging samples: []
Discharging samples: [57.20005008986712, 57.20005008986712, 57.20005008986712, 57.20005008986712, 57.20005008986712, 57.28199858569787, 57.81734436687261, 57.823094475710704, 57.823094475710704, 57.823094475710704, 57.823094475710704, 57.823094475710704, 57.823094475710704, 57.823094475710704, 57.823094475710704, 57.953034013858364, 57.87012552456815, 61.92103431128791, 61.91487669053301, 61.91487669053301, 61.91487669053301, 61.91487669053301, 61.91487669053301, 61.91487669053301, 61.91487669053301, 61.91487669053301, 61.91487669053301, 61.91487669053301, 60.70085950052256, 60.70689638361561, 60.70689638361561, 60.70689638361561, 60.70689638361561, 60.70689638361561, 60.70689638361561, 60.70689638361561, 60.70689638361561, 60.57078226616356, 60.65755989118672, 61.870711089010456, 61.870711089010456, 61.870711089010456, 61.870711089010456, 61.870711089010456, 61.870711089010456, 61.870711089010456, 61.870711089010456, 61.870711089010456, 61.870711089010456, 61.78219791148683, 59.982716418919246, 59.97675155054027, 59.97675155054027, 59.97675155054027, 59.97675155054027, 59.97675155054027, 59.97675155054027, 59.97675155054027, 59.97675155054027, 59.97675155054027, 60.0197148396166, 56.2002784407319, 56.2002784407319, 56.2002784407319, 56.2002784407319, 56.2002784407319, 56.2002784407319, 56.2002784407319, 56.2002784407319, 56.2002784407319, 56.2002784407319, 56.24050770232154, 60.062678128692916, 60.06865154272859, 60.06865154272859, 60.06865154272859, 60.06865154272859, 60.06865154272859, 60.06865154272859, 60.06865154272859, 60.06865154272859, 60.06865154272859, 60.02568398082392, 60.61417107867514, 60.61417107867514, 60.61417107867514, 60.61417107867514, 60.61417107867514, 60.61417107867514, 60.61417107867514, 60.61417107867514, 60.61417107867514, 60.61417107867514, 60.65755989118672, 57.287695452787446, 57.28199858569787, 57.28199858569787, 57.28199858569787, 57.28199858569787, 57.28199858569787, 57.28199858569787, 57.28199858569787, 57.28199858569787, 57.410722178025274, 57.451788502902254, 58.53578451239099, 58.53578451239099, 58.53578451239099, 58.53578451239099, 58.53578451239099, 58.53578451239099, 58.53578451239099, 58.53578451239099, 58.53578451239099, 58.40453835877576, 58.362791011843115, 56.7564756628933, 56.7564756628933, 56.7564756628933, 56.7564756628933, 56.7564756628933, 56.7564756628933, 56.7564756628933, 56.7564756628933, 56.7564756628933, 56.7564756628933, 56.79707400027735, 60.694912412061086, 60.694912412061086, 60.694912412061086, 60.694912412061086, 60.694912412061086, 60.694912412061086, 60.694912412061086, 60.694912412061086, 60.694912412061086, 60.831305473661224, 60.74434149156879, 57.90582086112164, 57.90582086112164, 57.90582086112164, 57.90582086112164, 57.90582086112164, 57.90582086112164, 57.90582086112164, 57.90582086112164, 57.90582086112164, 57.77598718206083, 57.73462999724905, 57.20005008986712, 57.20005008986712, 57.20005008986712, 57.20005008986712, 57.20005008986712, 57.20005008986712, 57.20005008986712, 57.20005008986712, 57.20005008986712, 57.20005008986712, 57.241024337782484, 57.241024337782484, 57.241024337782484, 57.241024337782484, 57.241024337782484, 57.241024337782484, 57.241024337782484, 57.241024337782484, 57.241024337782484, 57.241024337782484, 57.241024337782484, 57.20005008986712, 58.27929631797781, 58.27929631797781, 58.27929631797781, 58.27929631797781, 58.27929631797781, 58.27929631797781, 58.27929631797781, 58.27929631797781, 58.27929631797781, 58.27929631797781, 58.32104366491046, 58.87648217600485, 58.88233761928442, 58.88233761928442, 58.88233761928442, 58.88233761928442, 58.88233761928442, 58.88233761928442, 58.88233761928442, 58.88233761928442, 58.88233761928442, 58.96663588359262, 58.96663588359262, 58.960772057430766, 58.960772057430766, 58.960772057430766, 58.960772057430766, 58.960772057430766, 58.960772057430766, 58.960772057430766, 58.960772057430766, 59.09326817441376, 59.09326817441376, 59.09326817441376, 59.09326817441376, 59.09326817441376, 59.09326817441376, 59.09326817441376, 59.09326817441376, 59.09326817441376, 59.09326817441376, 59.09326817441376, 59.09326817441376, 59.05102852596885, 62.629878739663944, 62.63610746952368, 62.63610746952368, 62.63610746952368, 62.63610746952368, 62.63610746952368, 62.63610746952368, 62.63610746952368, 62.63610746952368, 62.49566776667722, 62.540371391689156, 58.41034686582288, 58.40453835877576, 58.40453835877576, 58.40453835877576, 58.40453835877576, 58.40453835877576, 58.40453835877576, 58.40453835877576, 58.40453835877576, 58.40453835877576, 58.27929631797781, 57.20005008986712, 57.20005008986712, 57.20005008986712, 57.20005008986712, 57.20005008986712, 57.20005008986712, 57.20005008986712, 57.20005008986712, 57.20005008986712, 57.3285895282713, 57.3285895282713, 57.86437073881589, 57.87012552456815, 57.87012552456815, 57.87012552456815, 57.87012552456815, 57.87012552456815, 57.87012552456815, 57.87012552456815, 57.87012552456815, 57.87012552456815, 57.91157976921326, 61.35187163669128, 61.34577061524769, 61.34577061524769, 61.34577061524769, 61.34577061524769, 61.34577061524769, 61.34577061524769, 61.34577061524769, 61.34577061524769, 61.20822404436148, 61.25203809163733, 57.28199858569787, 57.28199858569787, 57.28199858569787, 57.28199858569787, 57.28199858569787, 57.28199858569787, 57.28199858569787, 57.28199858569787, 57.28199858569787, 57.28199858569787, 57.28199858569787, 60.651527914268335, 60.651527914268335, 60.651527914268335, 60.651527914268335, 60.651527914268335, 60.651527914268335, 60.651527914268335, 60.651527914268335, 60.651527914268335, 60.787823482614996, 60.787823482614996, 59.05102852596885, 59.045156891433116, 59.045156891433116, 59.045156891433116, 59.045156891433116, 59.045156891433116, 59.045156891433116, 59.045156891433116, 59.045156891433116, 58.91276864728192, 58.954909397387276, 56.275140788415136, 56.286334252520234, 56.286334252520234, 56.286334252520234, 56.286334252520234, 56.286334252520234, 56.286334252520234, 56.286334252520234, 56.286334252520234, 56.41282039690792, 56.41282039690792, 54.43342318999888, 54.428010160644256, 54.428010160644256, 54.428010160644256, 54.428010160644256, 54.428010160644256, 54.428010160644256, 54.428010160644256, 54.428010160644256, 54.428010160644256, 54.311295342572826, 58.96654922907906, 58.96654922907906, 58.96654922907906, 58.96654922907906, 58.96654922907906, 58.96654922907906, 58.96654922907906, 58.96654922907906, 58.96654922907906, 58.83433723529189, 58.792192294578925, 63.641032896193686, 63.641032896193686, 63.641032896193686, 63.641032896193686, 63.641032896193686, 63.641032896193686, 63.641032896193686, 63.641032896193686, 63.641032896193686, 63.784046453263784, 63.9212164456364, 57.94727098342738, 57.953034013858364, 57.953034013858364, 57.953034013858364, 57.953034013858364, 57.953034013858364, 57.953034013858364, 57.953034013858364, 57.953034013858364, 57.823094475710704, 57.823094475710704, 57.823094475710704, 57.81734436687261, 57.81734436687261, 57.81734436687261, 57.81734436687261, 57.81734436687261, 57.81734436687261, 57.81734436687261, 57.81734436687261, 57.81734436687261, 57.81734436687261, 58.362791011843115, 58.362791011843115, 58.362791011843115, 58.362791011843115, 58.362791011843115, 58.362791011843115, 58.362791011843115, 58.362791011843115, 58.362791011843115, 58.49394335119557, 58.53578451239099, 59.09326817441376, 59.099145177713055, 59.099145177713055, 59.099145177713055, 59.099145177713055, 59.099145177713055, 59.099145177713055, 59.099145177713055, 59.099145177713055, 59.099145177713055, 58.97241362979801, 60.11750904008536, 60.11153076750778, 60.11153076750778, 60.11153076750778, 60.11153076750778, 60.11153076750778, 60.11153076750778, 60.11153076750778, 60.11153076750778, 60.11153076750778, 60.19765043909446, 59.6188268771801, 59.6188268771801, 59.6188268771801, 59.6188268771801, 59.6188268771801, 59.6188268771801, 59.6188268771801, 59.6188268771801, 59.6188268771801, 59.485152377455485, 59.485152377455485, 61.25203809163733, 61.25203809163733, 61.25203809163733, 61.25203809163733, 61.25203809163733, 61.25203809163733, 61.25203809163733, 61.25203809163733, 61.25203809163733, 61.25203809163733, 61.164409997085635, 59.40005201640047, 59.40005201640047, 59.40005201640047, 59.40005201640047, 59.40005201640047, 59.40005201640047, 59.40005201640047, 59.40005201640047, 59.40005201640047, 59.40005201640047, 59.44260219692797, 63.73227452041763, 63.73227452041763, 63.73227452041763, 63.73227452041763, 63.73227452041763, 63.73227452041763, 63.73227452041763, 63.73227452041763, 63.73227452041763, 63.73227452041763, 63.73227452041763, 53.756788073743564, 53.7621343480423, 53.7621343480423, 53.7621343480423, 53.7621343480423, 53.7621343480423, 53.7621343480423, 53.7621343480423, 53.7621343480423, 53.7621343480423, 53.800618338269956, 61.258129791099456, 61.258129791099456, 61.258129791099456, 61.258129791099456, 61.258129791099456, 61.258129791099456, 61.258129791099456, 61.258129791099456, 61.258129791099456, 61.39578850973113, 61.439705382771, 57.45750225610992, 57.451788502902254, 57.451788502902254, 57.451788502902254, 57.451788502902254, 57.451788502902254, 57.451788502902254, 57.451788502902254, 57.451788502902254, 57.451788502902254, 57.3285895282713, 59.53353527935866, 59.53353527935866, 59.53353527935866, 59.53353527935866, 59.53353527935866, 59.53353527935866, 59.53353527935866, 59.53353527935866, 59.53353527935866, 59.40005201640047, 59.40005201640047, 61.164409997085635, 61.164409997085635, 61.164409997085635, 61.164409997085635, 61.164409997085635, 61.164409997085635, 61.164409997085635, 61.164409997085635, 61.164409997085635, 61.301858109438626, 61.25794560362957, 58.92430958063416, 58.92430958063416, 58.92430958063416, 58.92430958063416, 58.92430958063416, 58.92430958063416, 58.92430958063416, 58.92430958063416, 58.92430958063416, 58.92430958063416, 59.09326817441376, 62.04793158313445, 62.04793158313445, 62.04793158313445, 62.04793158313445, 62.04793158313445, 62.04793158313445, 62.04793158313445, 62.04793158313445, 62.04793158313445, 62.04793158313445, 61.91487669053301, 58.41026102880473, 58.41026102880473, 58.41026102880473, 58.41026102880473, 58.41026102880473, 58.41026102880473, 58.41026102880473, 58.41026102880473, 58.41026102880473, 58.41026102880473, 58.45210219000015, 60.74434149156879, 60.74434149156879, 60.74434149156879, 60.74434149156879, 60.74434149156879, 60.74434149156879, 60.74434149156879, 60.74434149156879, 60.74434149156879, 60.60814341647558, 60.60814341647558, 57.77598718206083, 57.77598718206083, 57.77598718206083, 57.77598718206083, 57.77598718206083, 57.77598718206083, 57.77598718206083, 57.77598718206083, 57.77598718206083, 57.90582086112164, 57.86437073881589, 61.301858109438626, 61.301858109438626, 61.301858109438626, 61.301858109438626, 61.301858109438626, 61.301858109438626, 61.301858109438626, 61.301858109438626, 61.301858109438626, 61.301858109438626, 61.25794560362957, 58.36841986760931, 58.36841986760931, 58.36841986760931, 58.36841986760931, 58.36841986760931, 58.36841986760931, 58.36841986760931, 58.36841986760931, 58.36841986760931, 58.36841986760931, 58.41026102880473, 61.91487669053301, 61.91487669053301, 61.91487669053301, 61.91487669053301, 61.91487669053301, 61.91487669053301, 61.91487669053301, 61.91487669053301, 61.91487669053301, 61.91487669053301, 62.003579952267295, 58.49394335119557, 58.49976074983816, 58.49976074983816, 58.49976074983816, 58.49976074983816, 58.49976074983816, 58.49976074983816, 58.49976074983816, 58.49976074983816, 58.49976074983816, 58.45791542741339, 59.58210610870979, 59.58210610870979, 59.58210610870979, 59.58210610870979, 59.58210610870979, 59.58210610870979, 59.58210610870979, 59.58210610870979, 59.58210610870979, 59.44851394254677, 59.44851394254677, 58.88233761928442, 58.87648217600485, 58.87648217600485, 58.87648217600485, 58.87648217600485, 58.87648217600485, 58.87648217600485, 58.87648217600485, 58.87648217600485, 59.00878887752397, 59.00878887752397, 63.22370236877568, 63.22999015618181, 63.22999015618181, 63.22999015618181, 63.22999015618181, 63.22999015618181, 63.22999015618181, 63.22999015618181, 63.22999015618181, 63.088218877804735, 62.95273952445225, 61.6936847339632, 61.687549721559265, 61.687549721559265, 61.687549721559265, 61.687549721559265, 61.687549721559265, 61.687549721559265, 61.687549721559265, 61.687549721559265, 61.826173428798725, 61.95922832140016, 59.576181078269386, 59.576181078269386, 59.576181078269386, 59.576181078269386, 59.576181078269386, 59.576181078269386, 59.576181078269386, 59.576181078269386, 59.576181078269386, 59.576181078269386, 59.576181078269386, 59.576181078269386, 59.576181078269386, 59.576181078269386, 59.576181078269386, 59.576181078269386, 59.576181078269386, 59.576181078269386, 59.576181078269386, 59.576181078269386, 59.576181078269386, 59.576181078269386, 59.00878887752397, 59.00878887752397, 59.00878887752397, 59.00878887752397, 59.00878887752397, 59.00878887752397, 59.00878887752397, 59.00878887752397, 59.00878887752397, 59.00878887752397, 59.05102852596885, 59.05102852596885, 59.05102852596885, 59.05102852596885, 59.05102852596885, 59.05102852596885, 59.05102852596885, 59.05102852596885, 59.05102852596885, 59.05102852596885, 59.05102852596885, 58.96654922907906, 60.11153076750778, 60.11153076750778, 60.11153076750778, 60.11153076750778, 60.11153076750778, 60.11153076750778, 60.11153076750778, 60.11153076750778, 60.11153076750778, 60.11153076750778, 60.19765043909446, 55.3603392430958, 55.3603392430958, 55.3603392430958, 55.3603392430958, 55.3603392430958, 55.3603392430958, 55.3603392430958, 55.3603392430958, 55.3603392430958, 55.23621292192294, 55.23621292192294, 57.81734436687261, 57.823094475710704, 57.823094475710704, 57.823094475710704, 57.823094475710704, 57.823094475710704, 57.823094475710704, 57.823094475710704, 57.823094475710704, 57.953034013858364, 58.07739674779368, 59.18363287632308, 59.177747471303555, 59.177747471303555, 59.177747471303555, 59.177747471303555, 59.177747471303555, 59.177747471303555, 59.177747471303555, 59.177747471303555, 59.177747471303555, 58.96654922907906, 60.11153076750778, 60.11750904008536, 60.11750904008536, 60.11750904008536, 60.11750904008536, 60.11750904008536, 60.11750904008536, 60.11750904008536, 60.11750904008536, 60.11750904008536, 60.160573158308914, 54.35560557285807, 54.35560557285807, 54.35560557285807, 54.35560557285807, 54.35560557285807, 54.35560557285807, 54.35560557285807, 54.35560557285807, 54.35560557285807, 54.35560557285807, 54.43342318999888, 56.93036920788872, 56.93036920788872, 56.93036920788872, 56.93036920788872, 56.93036920788872, 56.93036920788872, 56.93036920788872, 56.93036920788872, 56.93036920788872, 56.93036920788872, 56.808288358979745, 58.416070104988606, 58.416070104988606, 58.416070104988606, 58.416070104988606, 58.416070104988606, 58.416070104988606, 58.416070104988606, 58.416070104988606, 58.416070104988606, 58.416070104988606, 58.49976074983816, 64.5934858279463, 64.58706245027844, 64.58706245027844, 64.58706245027844, 64.58706245027844, 64.58706245027844, 64.58706245027844, 64.58706245027844, 64.58706245027844, 64.58706245027844, 64.63326206576505, 63.3142159011576, 63.3142159011576, 63.3142159011576, 63.3142159011576, 63.3142159011576, 63.3142159011576, 63.3142159011576, 63.3142159011576, 63.3142159011576, 63.172255775818684, 63.036789894955604, 55.15719115808615, 55.162676706684664, 55.162676706684664, 55.162676706684664, 55.162676706684664, 55.162676706684664, 55.162676706684664, 55.162676706684664, 55.162676706684664, 55.28663777793563, 55.28663777793563, 58.97241362979801, 58.97241362979801, 58.97241362979801, 58.97241362979801, 58.97241362979801, 58.97241362979801, 58.97241362979801, 58.97241362979801, 58.97241362979801, 58.84018848713032, 58.84018848713032, 59.4059595302758, 59.40005201640047, 59.40005201640047, 59.40005201640047, 59.40005201640047, 59.40005201640047, 59.40005201640047, 59.40005201640047, 59.40005201640047, 59.40005201640047, 59.485152377455485, 61.25203809163733, 61.25203809163733, 61.25203809163733, 61.25203809163733, 61.25203809163733, 61.25203809163733, 61.25203809163733, 61.25203809163733, 61.25203809163733, 61.389683121056734, 61.43359562686579, 55.89903746228329, 55.89903746228329, 55.89903746228329, 55.89903746228329, 55.89903746228329, 55.89903746228329, 55.89903746228329, 55.89903746228329, 55.89903746228329, 55.89903746228329, 55.85908103807864, 61.389683121056734, 61.389683121056734, 61.389683121056734, 61.389683121056734, 61.389683121056734, 61.389683121056734, 61.389683121056734, 61.389683121056734, 61.389683121056734, 61.389683121056734, 61.301858109438626, 57.3285895282713, 57.334291028970284, 57.334291028970284, 57.334291028970284, 57.334291028970284, 57.334291028970284, 57.334291028970284, 57.334291028970284, 57.334291028970284, 57.205738806932246, 57.246717129859846, 58.326843868159095, 58.326843868159095, 58.326843868159095, 58.326843868159095, 58.326843868159095, 58.326843868159095, 58.326843868159095, 58.326843868159095, 58.326843868159095, 58.45791542741339, 58.49976074983816, 62.00974639482845, 62.00974639482845, 62.00974639482845, 62.00974639482845, 62.00974639482845, 62.00974639482845, 62.00974639482845, 62.00974639482845, 62.00974639482845, 62.00974639482845, 62.00974639482845, 56.372496722571306, 56.372496722571306, 56.372496722571306, 56.372496722571306, 56.372496722571306, 56.372496722571306, 56.372496722571306, 56.372496722571306, 56.372496722571306, 56.372496722571306, 56.372496722571306, 59.6247561488735, 59.6247561488735, 59.6247561488735, 59.6247561488735, 59.6247561488735, 59.6247561488735, 59.6247561488735, 59.6247561488735, 59.6247561488735, 59.6247561488735, 59.53945606854607, 55.784715595754875, 55.784715595754875, 55.784715595754875, 55.784715595754875, 55.784715595754875, 55.784715595754875, 55.784715595754875, 55.784715595754875, 55.784715595754875, 55.784715595754875, 55.864636391737335, 56.88967559158572, 56.88967559158572, 56.88967559158572, 56.88967559158572, 56.88967559158572, 56.88967559158572, 56.88967559158572, 56.88967559158572, 56.88967559158572, 56.762120265147196, 56.72151789013636, 60.02568398082392, 60.0197148396166, 60.0197148396166, 60.0197148396166, 60.0197148396166, 60.0197148396166, 60.0197148396166, 60.0197148396166, 60.0197148396166, 60.15459060330113, 60.15459060330113, 60.15459060330113, 60.160573158308914, 60.160573158308914, 60.160573158308914, 60.160573158308914, 60.160573158308914, 60.160573158308914, 60.160573158308914, 60.160573158308914, 60.160573158308914, 60.11750904008536, 58.97241362979801, 58.96654922907906, 58.96654922907906, 58.96654922907906, 58.96654922907906, 58.96654922907906, 58.96654922907906, 58.96654922907906, 58.96654922907906, 58.96654922907906, 58.92430958063416, 62.495479858248345, 62.501695221735, 62.501695221735, 62.501695221735, 62.501695221735, 62.501695221735, 62.501695221735, 62.501695221735, 62.501695221735, 62.501695221735, 62.54649930433123, 60.11750904008536, 60.11750904008536, 60.11750904008536, 60.11750904008536, 60.11750904008536, 60.11750904008536, 60.11750904008536, 60.11750904008536, 60.11750904008536, 60.11750904008536, 60.20363727653246, 62.63610746952368, 62.629878739663944, 62.629878739663944, 62.629878739663944, 62.629878739663944, 62.629878739663944, 62.629878739663944, 62.629878739663944, 62.629878739663944, 62.629878739663944, 62.54027948538688, 60.11153076750778, 60.11750904008536, 60.11750904008536, 60.11750904008536, 60.11750904008536, 60.11750904008536, 60.11750904008536, 60.11750904008536, 60.11750904008536, 60.11750904008536, 60.160573158308914, 60.160573158308914, 60.15459060330113, 60.15459060330113, 60.15459060330113, 60.15459060330113, 60.15459060330113, 60.15459060330113, 60.15459060330113, 60.15459060330113, 60.15459060330113, 60.24071027488781, 61.43359562686579, 61.43359562686579, 61.43359562686579, 61.43359562686579, 61.43359562686579, 61.43359562686579, 61.43359562686579, 61.43359562686579, 61.43359562686579, 61.43359562686579, 61.34577061524769, 59.576181078269386, 59.58210610870979, 59.58210610870979, 59.58210610870979, 59.58210610870979, 59.58210610870979, 59.58210610870979, 59.58210610870979, 59.58210610870979, 59.58210610870979, 59.752706269364644, 54.993641168264816, 54.98817242908738, 54.98817242908738, 54.98817242908738, 54.98817242908738, 54.98817242908738, 54.98817242908738, 54.98817242908738, 54.98817242908738, 54.98817242908738, 54.948923198231505, 64.67946168125167, 64.68589424830101, 64.68589424830101, 64.68589424830101, 64.68589424830101, 64.68589424830101, 64.68589424830101, 64.68589424830101, 64.68589424830101, 64.68589424830101, 64.54728161776895, 61.96539035305818, 61.96539035305818, 61.96539035305818, 61.96539035305818, 61.96539035305818, 61.96539035305818, 61.96539035305818, 61.96539035305818, 61.96539035305818, 61.96539035305818, 61.96539035305818, 63.22999015618181, 63.22999015618181, 63.22999015618181, 63.22999015618181, 63.22999015618181, 63.22999015618181, 63.22999015618181, 63.22999015618181, 63.22999015618181, 63.22999015618181, 63.275251423294335, 60.79386901453769, 60.787823482614996, 60.787823482614996, 60.787823482614996, 60.787823482614996, 60.787823482614996, 60.787823482614996, 60.787823482614996, 60.787823482614996, 60.787823482614996, 60.787823482614996, 58.49394335119557, 58.49394335119557, 58.49394335119557, 58.49394335119557, 58.49394335119557, 58.49394335119557, 58.49394335119557, 58.49394335119557, 58.49394335119557, 58.49394335119557, 58.41026102880473, 58.96654922907906, 58.96654922907906, 58.96654922907906, 58.96654922907906, 58.96654922907906, 58.96654922907906, 58.96654922907906, 58.96654922907906, 58.96654922907906, 58.96654922907906, 59.05102852596885, 57.410722178025274, 57.416431847063365, 57.416431847063365, 57.416431847063365, 57.416431847063365, 57.416431847063365, 57.416431847063365, 57.416431847063365, 57.416431847063365, 57.416431847063365, 57.334291028970284, 58.416070104988606, 58.41026102880473, 58.41026102880473, 58.41026102880473, 58.41026102880473, 58.41026102880473, 58.41026102880473, 58.41026102880473, 58.41026102880473, 58.41026102880473, 58.53578451239099, 57.98872110573312, 57.98872110573312, 57.98872110573312, 57.98872110573312, 57.98872110573312, 57.98872110573312, 57.98872110573312, 57.98872110573312, 57.98872110573312, 57.98872110573312, 57.90582086112164, 61.34577061524769, 61.35187163669128, 61.35187163669128, 61.35187163669128, 61.35187163669128, 61.35187163669128, 61.35187163669128, 61.35187163669128, 61.35187163669128, 61.35187163669128, 61.35187163669128, 59.01465747910303, 59.00878887752397, 59.00878887752397, 59.00878887752397, 59.00878887752397, 59.00878887752397, 59.00878887752397, 59.00878887752397, 59.00878887752397, 59.00878887752397, 59.09326817441376, 59.09326817441376, 59.09326817441376, 59.09326817441376, 59.09326817441376, 59.09326817441376, 59.09326817441376, 59.09326817441376, 59.09326817441376, 59.09326817441376, 59.09326817441376, 58.96654922907906, 57.86437073881589, 57.86437073881589, 57.86437073881589, 57.86437073881589, 57.86437073881589, 57.86437073881589, 57.86437073881589, 57.86437073881589, 57.86437073881589, 57.86437073881589, 57.86437073881589, 57.3285895282713, 57.334291028970284, 57.334291028970284, 57.334291028970284, 57.334291028970284, 57.334291028970284, 57.334291028970284, 57.334291028970284, 57.334291028970284, 57.334291028970284, 57.416431847063365, 58.49976074983816, 58.49976074983816, 58.49976074983816, 58.49976074983816, 58.49976074983816, 58.49976074983816, 58.49976074983816, 58.49976074983816, 58.49976074983816, 58.49976074983816, 58.54160607226293, 59.66740618903722, 59.66147267609081, 59.66147267609081, 59.66147267609081, 59.66147267609081, 59.66147267609081, 59.66147267609081, 59.66147267609081, 59.66147267609081, 59.527702557982984, 59.44260219692797, 61.82030628480509, 61.82030628480509, 61.82030628480509, 61.82030628480509, 61.82030628480509, 61.82030628480509, 61.82030628480509, 61.82030628480509, 61.82030628480509, 61.95922832140016, 61.95922832140016, 59.576181078269386, 59.58210610870979, 59.58210610870979, 59.58210610870979, 59.58210610870979, 59.58210610870979, 59.58210610870979, 59.58210610870979, 59.58210610870979, 59.58210610870979, 59.66740618903722, 57.99448825850347, 57.99448825850347, 57.99448825850347, 57.99448825850347, 57.99448825850347, 57.99448825850347, 57.99448825850347, 57.99448825850347, 57.99448825850347, 57.99448825850347, 57.87012552456815, 60.11750904008536, 60.11153076750778, 60.11153076750778, 60.11153076750778, 60.11153076750778, 60.11153076750778, 60.11153076750778, 60.11153076750778, 60.11153076750778, 60.11153076750778, 60.06847093171444, 58.92430958063416, 58.92430958063416, 58.92430958063416, 58.92430958063416, 58.92430958063416, 58.92430958063416, 58.92430958063416, 58.92430958063416, 58.92430958063416, 58.92430958063416, 59.09326817441376, 59.09326817441376, 59.09326817441376, 59.09326817441376, 59.09326817441376, 59.09326817441376, 59.09326817441376, 59.09326817441376, 59.09326817441376, 59.09326817441376, 59.09326817441376, 59.09326817441376, 59.66147267609081, 59.66740618903722, 59.66740618903722, 59.66740618903722, 59.66740618903722, 59.66740618903722, 59.66740618903722, 59.66740618903722, 59.66740618903722, 59.66740618903722, 59.6247561488735, 59.05690132840804, 59.05102852596885, 59.05102852596885, 59.05102852596885, 59.05102852596885, 59.05102852596885, 59.05102852596885, 59.05102852596885, 59.05102852596885, 59.05102852596885, 59.13550782285865, 58.03017122803886, 58.035942503148576, 58.035942503148576, 58.035942503148576, 58.035942503148576, 58.035942503148576, 58.035942503148576, 58.035942503148576, 58.035942503148576, 58.035942503148576, 57.87012552456815, 58.97241362979801, 58.96654922907906, 58.96654922907906, 58.96654922907906, 58.96654922907906, 58.96654922907906, 58.96654922907906, 58.96654922907906, 58.96654922907906, 58.96654922907906, 59.09326817441376, 58.53578451239099, 58.53578451239099, 58.53578451239099, 58.53578451239099, 58.53578451239099, 58.53578451239099, 58.53578451239099, 58.53578451239099, 58.53578451239099, 58.53578451239099, 58.45210219000015, 57.90582086112164, 57.90582086112164, 57.90582086112164, 57.90582086112164, 57.90582086112164, 57.90582086112164, 57.90582086112164, 57.90582086112164, 57.90582086112164, 57.90582086112164, 57.82292061651015, 59.49088948044795, 59.49088948044795, 59.49088948044795, 59.49088948044795, 59.49088948044795, 59.49088948044795, 59.49088948044795, 59.49088948044795, 59.49088948044795, 59.49088948044795, 59.576181078269386, 60.15459060330113, 60.15459060330113, 60.15459060330113, 60.15459060330113, 60.15459060330113, 60.15459060330113, 60.15459060330113, 60.15459060330113, 60.15459060330113, 60.15459060330113, 60.11153076750778, 57.3285895282713, 57.3285895282713, 57.3285895282713, 57.3285895282713, 57.3285895282713, 57.3285895282713, 57.3285895282713, 57.3285895282713, 57.3285895282713, 57.3285895282713, 57.369655853148295, 65.22024033831596, 65.22024033831596, 65.22024033831596, 65.22024033831596, 65.22024033831596, 65.22024033831596, 65.22024033831596, 65.22024033831596, 65.22024033831596, 65.22024033831596, 65.26692626554453, 59.05102852596885, 59.05102852596885, 59.05102852596885, 59.05102852596885, 59.05102852596885]
====================================

====================================
TIME: 2026-08-17 10:16:08
FINISH CYCLE - DUT 1
Charging samples: [95.71183279931947, 95.7212476953257, 95.51801787007024, 95.45497799555197, 95.45497799555197, 95.45497799555197, 95.45497799555197, 95.45497799555197, 95.45497799555197, 95.45497799555197, 95.45497799555197, 96.22245520556646, 96.22245520556646, 96.63278550495052, 96.42066682573166, 96.42066682573166, 96.42066682573166, 96.42066682573166, 96.42066682573166, 96.42066682573166, 96.42066682573166, 96.42066682573166, 95.17094731552777, 95.17094731552777, 94.9684559382607, 94.79782152424306, 94.79782152424306, 94.79782152424306, 94.79782152424306, 94.79782152424306, 94.79782152424306, 94.79782152424306, 94.79782152424306, 95.89900833992873, 95.90844072001528, 95.7048134573401, 95.88128982232264, 95.88128982232264, 95.88128982232264, 95.88128982232264, 95.88128982232264, 95.88128982232264, 95.88128982232264, 95.88128982232264, 95.64194561407919, 95.65135178496963, 95.7530004053575, 95.92567251199982, 95.92567251199982, 95.92567251199982, 95.92567251199982, 95.92567251199982, 95.92567251199982, 95.92567251199982, 95.92567251199982, 97.17395453668047, 97.14528683448655, 96.73408985317657, 97.1271094727885, 97.1271094727885, 97.1271094727885, 97.1271094727885, 97.1271094727885, 97.1271094727885, 97.1271094727885, 97.1271094727885, 96.31131853354077, 96.33974013058982, 96.74926081127244, 96.55311863422007, 96.55311863422007, 96.55311863422007, 96.55311863422007, 96.55311863422007, 96.55311863422007, 96.55311863422007, 96.55311863422007, 96.12014500805765, 96.12014500805765, 96.42756551447998, 96.20708211782389, 96.20708211782389, 96.20708211782389, 96.20708211782389, 96.20708211782389, 96.20708211782389, 96.20708211782389, 96.20708211782389, 95.77371688305892, 95.74546227093883, 95.440216376345, 95.00575159024937, 95.00575159024937, 95.00575159024937, 95.00575159024937, 95.00575159024937, 95.00575159024937, 95.00575159024937, 95.00575159024937, 96.29542242631611, 96.28595012428717, 96.49103202018553, 96.52483218903403, 96.52483218903403, 96.52483218903403, 96.52483218903403, 96.52483218903403, 96.52483218903403, 96.52483218903403, 96.52483218903403, 95.13633013869574, 95.15504855092176, 95.0538197758676, 95.1246280198617, 95.1246280198617, 95.1246280198617, 95.1246280198617, 95.1246280198617, 95.1246280198617, 95.1246280198617, 95.1246280198617, 96.22571832910016, 96.2351828435419, 96.44037513105476, 96.87335714009423, 96.87335714009423, 96.87335714009423, 96.87335714009423, 96.87335714009423, 96.87335714009423, 96.87335714009423, 96.87335714009423, 96.53598723960634, 96.54548133748591, 96.44266399846838, 96.7193821568466, 96.7193821568466, 96.7193821568466, 96.7193821568466, 96.7193821568466, 96.7193821568466, 96.7193821568466, 96.7193821568466, 96.1399350345889, 96.1399350345889, 96.1399350345889, 96.1569133895619, 96.1569133895619, 96.1569133895619, 96.1569133895619, 96.1569133895619, 96.1569133895619, 96.1569133895619, 96.1569133895619, 96.30180075278074, 96.29233061798352, 96.29233061798352, 95.78065471421223, 95.78065471421223, 95.78065471421223, 95.78065471421223, 95.78065471421223, 95.78065471421223, 95.78065471421223, 95.78065471421223, 94.96406939317832, 94.93605088332589, 94.43321163076592, 94.27175195283519, 94.27175195283519, 94.27175195283519, 94.27175195283519, 94.27175195283519, 94.27175195283519, 94.27175195283519, 94.27175195283519, 95.2254368486656, 95.25354076509905, 95.45577758201009, 95.37215447418527, 95.37215447418527, 95.37215447418527, 95.37215447418527, 95.37215447418527, 95.37215447418527, 95.37215447418527, 95.37215447418527, 95.99300475368673, 95.94580126983854, 95.7425262671482, 95.94424873492204, 95.94424873492204, 95.94424873492204, 95.94424873492204, 95.94424873492204, 95.94424873492204, 95.94424873492204, 95.94424873492204, 95.13277996452717, 95.16086206035455, 95.56580189890923, 96.08456237525708, 96.08456237525708, 96.08456237525708, 96.08456237525708, 96.08456237525708, 96.08456237525708, 96.08456237525708, 96.08456237525708, 96.61488359258162, 96.624387319081, 96.83040946688286, 96.73648640316117, 96.73648640316117, 96.73648640316117, 96.73648640316117, 96.73648640316117, 96.73648640316117, 96.73648640316117, 96.73648640316117, 96.39858450454733, 96.3891029874327, 96.3891029874327, 96.52954984360478, 96.52954984360478, 96.52954984360478, 96.52954984360478, 96.52954984360478, 96.52954984360478, 96.52954984360478, 96.52954984360478, 96.09451431601718, 96.10396685529675, 95.69588207034856, 95.3212973184349, 95.3212973184349, 95.3212973184349, 95.3212973184349, 95.3212973184349, 95.3212973184349, 95.3212973184349, 95.3212973184349, 95.6089873505831, 95.59958349621597, 95.9050134754371, 95.52688883300536, 95.52688883300536, 95.52688883300536, 95.52688883300536, 95.52688883300536, 95.52688883300536, 95.52688883300536, 95.52688883300536, 95.71851749666234, 95.71851749666234, 94.6101978203852, 94.70977440011985, 94.70977440011985, 94.70977440011985, 94.70977440011985, 94.70977440011985, 94.70977440011985, 94.70977440011985, 94.70977440011985, 93.71432632083932, 93.72354472791397, 93.52664652470405, 93.62107641364472, 93.62107641364472, 93.62107641364472, 93.62107641364472, 93.62107641364472, 93.62107641364472, 93.62107641364472, 93.62107641364472, 94.52082373375562, 94.530120559145, 96.04340957556676, 96.35217642715509, 96.35217642715509, 96.35217642715509, 96.35217642715509, 96.35217642715509, 96.35217642715509, 96.35217642715509, 96.35217642715509, 96.11081325975239, 96.10136097678034, 94.7862897213086, 95.06259797278187, 95.06259797278187, 95.06259797278187, 95.06259797278187, 95.06259797278187, 95.06259797278187, 95.06259797278187, 95.06259797278187, 95.5878056963884, 95.5878056963884, 96.70757764810328, 96.6136992247587, 96.6136992247587, 96.6136992247587, 96.6136992247587, 96.6136992247587, 96.6136992247587, 96.6136992247587, 96.6136992247587, 96.56544063373737, 96.55594270508251, 95.13749234005508, 94.68626713375205, 94.68626713375205, 94.68626713375205, 94.68626713375205, 94.68626713375205, 94.68626713375205, 94.68626713375205, 94.68626713375205, 94.54430871226216, 94.54430871226216, 95.64832930232042, 95.45549838029271, 95.45549838029271, 95.45549838029271, 95.45549838029271, 95.45549838029271, 95.45549838029271, 95.45549838029271, 95.45549838029271, 96.26768230044533, 96.2582127271323, 96.36050625819195, 96.36472963241434, 96.36472963241434, 96.36472963241434, 96.36472963241434, 96.36472963241434, 96.36472963241434, 96.36472963241434, 96.36472963241434, 94.40395845875231, 94.41324561649542, 94.41324561649542, 94.50022425909012, 94.50022425909012, 94.50022425909012, 94.50022425909012, 94.50022425909012, 94.50022425909012, 94.50022425909012, 94.50022425909012, 95.888525426017, 95.89795770276557, 94.49212376785592, 94.78318861554567, 94.78318861554567, 94.78318861554567, 94.78318861554567, 94.78318861554567, 94.78318861554567, 94.78318861554567, 94.78318861554567, 94.35730309505644, 94.35730309505644, 95.25499413930119, 95.5113723003715, 95.5113723003715, 95.5113723003715, 95.5113723003715, 95.5113723003715, 95.5113723003715, 95.5113723003715, 95.5113723003715, 95.5113723003715, 95.50197804716991, 95.60303834139974, 95.7424444774638, 95.7424444774638, 95.7424444774638, 95.7424444774638, 95.7424444774638, 95.7424444774638, 95.7424444774638, 95.7424444774638, 95.9825208176781, 95.9825208176781, 95.9825208176781, 95.53925178680826, 95.53925178680826, 95.53925178680826, 95.53925178680826, 95.53925178680826, 95.53925178680826, 95.53925178680826, 95.53925178680826, 95.49145826415355, 95.50085148255451, 95.29916013834637, 95.03582196172829, 95.03582196172829, 95.03582196172829, 95.03582196172829, 95.03582196172829, 95.03582196172829, 95.03582196172829, 95.03582196172829, 95.2736493440149, 95.25490760125027, 95.96425265785531, 96.06959674832895, 96.06959674832895, 96.06959674832895, 96.06959674832895, 96.06959674832895, 96.06959674832895, 96.06959674832895, 96.06959674832895, 95.01441395828238, 95.03310838306511, 94.03275987376969, 94.15265215938585, 94.15265215938585, 94.15265215938585, 94.15265215938585, 94.15265215938585, 94.15265215938585, 94.15265215938585, 94.15265215938585, 94.91309760842684, 94.91309760842684, 95.71915363907166, 96.00618024962228, 96.00618024962228, 96.00618024962228, 96.00618024962228, 96.00618024962228, 96.00618024962228, 96.00618024962228, 96.00618024962228, 97.2561355257816, 97.2370037985217, 97.03099319725365, 97.37020235127538, 97.37020235127538, 97.37020235127538, 97.37020235127538, 97.37020235127538, 97.37020235127538, 97.37020235127538, 97.37020235127538, 95.78185995009294, 95.78185995009294, 94.1854956175914, 94.11053369147197, 94.11053369147197, 94.11053369147197, 94.11053369147197, 94.11053369147197, 94.11053369147197, 94.11053369147197, 94.11053369147197, 94.9617847499878, 94.98046881978611, 96.89824661742261, 96.47168275663097, 96.47168275663097, 96.47168275663097, 96.47168275663097, 96.47168275663097, 96.47168275663097, 96.47168275663097, 96.47168275663097, 96.08733342293924, 96.08733342293924, 95.78197113451891, 95.42909018823383, 95.42909018823383, 95.42909018823383, 95.42909018823383, 95.42909018823383, 95.42909018823383, 95.42909018823383, 95.42909018823383, 96.28795199992794, 96.28795199992794, 95.17887611301775, 95.3210214959503, 95.3210214959503, 95.3210214959503, 95.3210214959503, 95.3210214959503, 95.3210214959503, 95.3210214959503, 95.3210214959503, 94.47078443602608, 94.46149253237346, 95.56220907671256, 95.68409428862374, 95.68409428862374, 95.68409428862374, 95.68409428862374, 95.68409428862374, 95.68409428862374, 95.68409428862374, 95.68409428862374, 95.4448840529022, 95.45427268993278, 94.45370379381191, 94.82906624099886, 94.82906624099886, 94.82906624099886, 94.82906624099886, 94.82906624099886, 94.82906624099886, 94.82906624099886, 94.82906624099886, 96.44520070325147, 96.45468680541565, 97.16765703523392, 97.36111533833032, 97.36111533833032, 97.36111533833032, 97.36111533833032, 97.36111533833032, 97.36111533833032, 97.36111533833032, 97.36111533833032, 96.30545021391276, 96.2959787888327, 96.8071039416397, 96.82852428592025, 96.82852428592025, 96.82852428592025, 96.82852428592025, 96.82852428592025, 96.82852428592025, 96.82852428592025, 96.82852428592025, 96.73203347945696, 96.73203347945696, 96.11980541946042, 95.66680950773198, 95.66680950773198, 95.66680950773198, 95.66680950773198, 95.66680950773198, 95.66680950773198, 95.66680950773198, 95.66680950773198, 93.996815326799, 93.996815326799, 94.3951069171668, 94.19596112198289, 94.19596112198289, 94.19596112198289, 94.19596112198289, 94.19596112198289, 94.19596112198289, 94.19596112198289, 94.19596112198289, 94.86537404366197, 94.84671261471664, 93.9509933979984, 94.01297452571843, 94.01297452571843, 94.01297452571843, 94.01297452571843, 94.01297452571843, 94.01297452571843, 94.01297452571843, 94.01297452571843, 94.39205910041892, 94.40134508754143, 94.99945287056703, 94.96603912587746, 94.96603912587746, 94.96603912587746, 94.96603912587746, 94.96603912587746, 94.96603912587746, 94.96603912587746, 94.96603912587746, 95.06138655471868, 95.04268472773566, 94.94242873118743, 95.315392897725, 95.315392897725, 95.315392897725, 95.315392897725, 95.315392897725, 95.315392897725, 95.315392897725, 95.315392897725, 96.46261929167957, 96.49109113916826, 95.98484197264588, 96.24823314739601, 96.24823314739601, 96.24823314739601, 96.24823314739601, 96.24823314739601, 96.24823314739601, 96.24823314739601, 96.24823314739601, 95.34203075403596, 95.36078594844022, 96.37203500409706, 96.35071281395498, 96.35071281395498, 96.35071281395498, 96.35071281395498, 96.35071281395498, 96.35071281395498, 96.35071281395498, 96.35071281395498, 96.44711172622509, 96.44711172622509, 95.43507487705169, 94.83081638950408, 94.83081638950408, 94.83081638950408, 94.83081638950408, 94.83081638950408, 94.83081638950408, 94.83081638950408, 94.83081638950408, 93.50384844402376, 93.45787349641633, 93.35990926843266, 93.24920581870725, 93.24920581870725, 93.24920581870725, 93.24920581870725, 93.24920581870725, 93.24920581870725, 93.24920581870725, 93.24920581870725, 94.24172144070059, 94.26026565979556, 95.56247974436235, 95.60026641092793, 95.60026641092793, 95.60026641092793, 95.60026641092793, 95.60026641092793, 95.60026641092793, 95.60026641092793, 95.60026641092793, 96.12765002703634, 96.14656162452347, 96.14656162452347, 96.15501072699938, 96.15501072699938, 96.15501072699938, 96.15501072699938, 96.15501072699938, 96.15501072699938, 96.15501072699938, 96.15501072699938, 95.67543461364775, 95.66602514918928, 94.66007325487604, 95.04008325426699, 95.04008325426699, 95.04008325426699, 95.04008325426699, 95.04008325426699, 95.04008325426699, 95.04008325426699, 95.04008325426699, 96.04050518325926, 96.05939777796435, 96.36338321397055, 96.62339853559891, 96.62339853559891, 96.62339853559891, 96.62339853559891, 96.62339853559891, 96.62339853559891, 96.62339853559891, 96.62339853559891, 94.9459089776892, 94.91789858070493, 94.61847303313174, 94.55991423279295, 94.55991423279295, 94.55991423279295, 94.55991423279295, 94.55991423279295, 94.55991423279295, 94.55991423279295, 94.55991423279295, 95.84871669835853, 95.85814505923777, 96.26303690742881, 95.91957351259569, 95.91957351259569, 95.91957351259569, 95.91957351259569, 95.91957351259569, 95.91957351259569, 95.91957351259569, 95.91957351259569, 95.25081154587443, 95.2320742956441, 94.83151877810197, 94.42390961844171, 94.42390961844171, 94.42390961844171, 94.42390961844171, 94.42390961844171, 94.42390961844171, 94.42390961844171, 94.42390961844171, 94.8974497870397, 94.91612119870464, 95.31703406543622, 95.46777265383702, 95.46777265383702, 95.46777265383702, 95.46777265383702, 95.46777265383702, 95.46777265383702, 95.46777265383702, 95.46777265383702, 95.03902517185871, 95.0296773775072, 94.53057192909591, 94.58042982568298, 94.58042982568298, 94.58042982568298, 94.58042982568298, 94.58042982568298, 94.58042982568298, 94.58042982568298, 94.58042982568298, 96.00269192832482, 96.02157894227886, 97.3509511747066, 97.84983394269852, 97.84983394269852, 97.84983394269852, 97.84983394269852, 97.84983394269852, 97.84983394269852, 97.84983394269852, 97.84983394269852, 97.89815484834926, 97.92703904037768, 97.51165393310146, 97.66698223140196, 97.66698223140196, 97.66698223140196, 97.66698223140196, 97.66698223140196, 97.66698223140196, 97.66698223140196, 97.66698223140196, 95.8833305322105, 95.85504914477598, 94.65058779426569, 94.57526236406423, 94.57526236406423, 94.57526236406423, 94.57526236406423, 94.57526236406423, 94.57526236406423, 94.57526236406423, 94.57526236406423, 96.04928606104059, 96.03983982913056, 97.26197989058292, 96.97899229259409, 96.97899229259409, 96.97899229259409, 96.97899229259409, 96.97899229259409, 96.97899229259409, 96.97899229259409, 96.97899229259409, 95.29866321821748, 95.27991655485204, 94.08268200128322, 93.79324771543942, 93.79324771543942, 93.79324771543942, 93.79324771543942, 93.79324771543942, 93.79324771543942, 93.79324771543942, 93.79324771543942, 93.98225174106246, 93.98225174106246, 95.17820828495722, 95.07792393168481, 95.07792393168481, 95.07792393168481, 95.07792393168481, 95.07792393168481, 95.07792393168481, 95.07792393168481, 95.07792393168481, 96.1295651214772, 96.15793587360356, 95.14893339853951, 95.36245016728707, 95.36245016728707, 95.36245016728707, 95.36245016728707, 95.36245016728707, 95.36245016728707, 95.36245016728707, 95.36245016728707, 95.07792769040803, 95.06857698941566, 94.77024463484634, 95.1008190487528, 95.1008190487528, 95.1008190487528, 95.1008190487528, 95.1008190487528, 95.1008190487528, 95.1008190487528, 95.1008190487528, 101.55154792188515, 101.56153627124307, 103.40024353067983, 103.59235227297339, 103.59235227297339, 103.59235227297339, 103.59235227297339, 103.59235227297339, 103.59235227297339, 103.59235227297339, 103.59235227297339, 96.6249077483082, 96.63441059132043, 95.21480749763893, 95.11803165370215, 95.11803165370215, 95.11803165370215, 95.11803165370215, 95.11803165370215, 95.11803165370215, 95.11803165370215, 95.11803165370215, 96.26116273016126, 96.24223045309762, 97.67715188690309, 97.20036367848417, 97.20036367848417, 97.20036367848417, 97.20036367848417, 97.20036367848417, 97.20036367848417, 97.20036367848417, 97.20036367848417, 96.62322148939867, 96.62322148939867, 96.31550422350887, 96.09576018087891, 96.09576018087891, 96.09576018087891, 96.09576018087891, 96.09576018087891, 96.09576018087891, 96.09576018087891, 96.09576018087891, 97.05241284569603, 97.07150449767705, 97.17466231329625, 97.23438859621777, 97.23438859621777, 97.23438859621777, 97.23438859621777, 97.23438859621777, 97.23438859621777, 97.23438859621777, 97.23438859621777, 96.37178682454113, 96.36230980744756, 95.54998264363344, 95.71386185217833, 95.71386185217833, 95.71386185217833, 95.71386185217833, 95.71386185217833, 95.71386185217833, 95.71386185217833, 95.71386185217833, 94.99993448878566, 94.99993448878566, 95.70587880027345, 96.05649620583588, 96.05649620583588, 96.05649620583588, 96.05649620583588, 96.05649620583588, 96.05649620583588, 96.05649620583588, 96.05649620583588, 97.7889781013319, 97.7889781013319, 97.6852782305988, 97.81047702269177, 97.81047702269177, 97.81047702269177, 97.81047702269177, 97.81047702269177, 97.81047702269177, 97.81047702269177, 97.81047702269177, 96.27015454989348, 96.2796225037241, 95.9742960052979, 95.94885325462268, 95.94885325462268, 95.94885325462268, 95.94885325462268, 95.94885325462268, 95.94885325462268, 95.94885325462268, 95.94885325462268, 94.3656971759214, 94.33785794969191, 94.63797838855628, 94.3337164127629, 94.3337164127629, 94.3337164127629, 94.3337164127629, 94.3337164127629, 94.3337164127629, 94.3337164127629, 94.3337164127629, 97.16324832346601, 97.153690655915, 97.46375562609344, 97.22397132264642, 97.22397132264642, 97.22397132264642, 97.22397132264642, 97.22397132264642, 97.22397132264642, 97.22397132264642, 97.22397132264642, 94.77657619063507, 94.77657619063507, 94.77657619063507, 94.63936947800991, 94.63936947800991, 94.63936947800991, 94.63936947800991, 94.63936947800991, 94.63936947800991, 94.63936947800991, 94.63936947800991, 96.26860419307437, 96.28754538425845, 95.98122233425552, 96.08238387024525, 96.08238387024525, 96.08238387024525, 96.08238387024525, 96.08238387024525, 96.08238387024525, 96.08238387024525, 96.08238387024525, 100.19541772432245, 100.20527268819815, 100.6321322097666, 101.07601263943344, 101.07601263943344, 101.07601263943344, 101.07601263943344, 101.07601263943344, 101.07601263943344, 101.07601263943344, 101.07601263943344, 95.7206725902797, 95.71125867676767, 95.71125867676767, 95.88890120911219, 95.88890120911219, 95.88890120911219, 95.88890120911219, 95.88890120911219, 95.88890120911219, 95.88890120911219, 95.88890120911219, 97.7738140857026, 97.7738140857026, 97.46243251218125, 96.92701877991341, 96.92701877991341, 96.92701877991341, 96.92701877991341, 96.92701877991341, 96.92701877991341, 96.92701877991341, 96.92701877991341, 96.30415607890558, 96.30415607890558, 96.61183708874232, 96.43806716899509, 96.43806716899509, 96.43806716899509, 96.43806716899509, 96.43806716899509, 96.43806716899509, 96.43806716899509, 96.43806716899509, 95.76635923846476, 95.75693990540304, 95.55341824779326, 95.49476824755348, 95.49476824755348, 95.49476824755348, 95.49476824755348, 95.49476824755348, 95.49476824755348, 95.49476824755348, 95.49476824755348, 96.59515886363252, 96.61416243610223, 96.51159963096838, 96.69388895645955, 96.69388895645955, 96.69388895645955, 96.69388895645955, 96.69388895645955, 96.69388895645955, 96.69388895645955, 96.69388895645955, 95.30502180453416, 95.30502180453416, 95.10310438545676, 95.43847634837822, 95.43847634837822, 95.43847634837822, 95.43847634837822, 95.43847634837822, 95.43847634837822, 95.43847634837822, 95.43847634837822, 94.67113181492392, 94.65251042786353, 95.15651740564769, 95.3709191015915, 95.3709191015915, 95.3709191015915, 95.3709191015915, 95.3709191015915, 95.3709191015915, 95.3709191015915, 95.3709191015915, 96.48213041837803, 96.47263975042422, 96.26759694542865, 95.86524667222953, 95.86524667222953, 95.86524667222953, 95.86524667222953, 95.86524667222953, 95.86524667222953, 95.86524667222953, 95.86524667222953, 95.00116332716188, 95.01050923599877, 95.01050923599877, 94.66483474046605, 94.66483474046605, 94.66483474046605, 94.66483474046605, 94.66483474046605, 94.66483474046605, 94.66483474046605, 94.66483474046605, 96.14770986778008, 96.14770986778008, 94.63911609370402, 94.7221583576392, 94.7221583576392, 94.7221583576392, 94.7221583576392, 94.7221583576392, 94.7221583576392, 94.7221583576392, 94.7221583576392, 93.77964931925472, 93.77042448654576, 95.46807860398056, 95.55611784737962, 95.55611784737962, 95.55611784737962, 95.55611784737962, 95.55611784737962, 95.55611784737962, 95.55611784737962, 95.55611784737962, 94.93188190164298, 94.92254280848984, 94.12066282700312, 94.7070714460923, 94.7070714460923, 94.7070714460923, 94.7070714460923, 94.7070714460923, 94.7070714460923, 94.7070714460923, 94.7070714460923, 97.34181546710144, 97.37054681759352, 98.3048057955875, 98.4701482742416, 98.4701482742416, 98.4701482742416, 98.4701482742416, 98.4701482742416, 98.4701482742416, 98.4701482742416, 98.4701482742416, 96.53175952868567, 96.53175952868567, 96.22400684155916, 95.88871676831977, 95.88871676831977, 95.88871676831977, 95.88871676831977, 95.88871676831977, 95.88871676831977, 95.88871676831977, 95.88871676831977, 95.64803223827882, 95.64803223827882, 95.7497854640642, 95.59377938444071, 95.59377938444071, 95.59377938444071, 95.59377938444071, 95.59377938444071, 95.59377938444071, 95.59377938444071, 95.59377938444071, 95.49756018022889, 95.5069530749058, 95.20311335144375, 95.04825029007017, 95.04825029007017, 95.04825029007017, 95.04825029007017, 95.04825029007017, 95.04825029007017, 95.04825029007017, 95.04825029007017, 94.90460054152095, 94.88593323220907, 94.98666139912223, 94.84489026270563, 94.84489026270563, 94.84489026270563, 94.84489026270563, 94.84489026270563, 94.84489026270563, 94.84489026270563, 94.84489026270563, 95.80195272751598, 95.82080024920151, 95.82080024920151, 96.02313169438726, 96.02313169438726, 96.02313169438726, 96.02313169438726, 96.02313169438726, 96.02313169438726, 96.02313169438726, 96.02313169438726, 95.35164126295797, 95.35164126295797, 95.75825807004944, 96.06252084944235, 96.06252084944235, 96.06252084944235, 96.06252084944235, 96.06252084944235, 96.06252084944235, 96.06252084944235, 96.06252084944235, 96.54573272494258, 96.51724755596393, 96.00549120625047, 96.12002079855235, 96.12002079855235, 96.12002079855235, 96.12002079855235, 96.12002079855235, 96.12002079855235, 96.12002079855235, 96.12002079855235, 95.30218278374986, 95.30218278374986, 95.60633868625116, 95.19833979260548, 95.19833979260548, 95.19833979260548, 95.19833979260548, 95.19833979260548, 95.19833979260548, 95.19833979260548, 95.19833979260548, 95.24639549164264, 95.25576552563099, 94.8521394005224, 94.95657910477316, 94.95657910477316, 94.95657910477316, 94.95657910477316, 94.95657910477316, 94.95657910477316, 94.95657910477316, 94.95657910477316, 95.77104017681206, 95.76161945674747, 96.37416712917867, 96.08639461941783, 96.08639461941783, 96.08639461941783, 96.08639461941783, 96.08639461941783, 96.08639461941783, 96.08639461941783, 96.08639461941783, 95.26925169368991, 95.25987941118191, 95.05719881669006, 95.04467811083957, 95.04467811083957, 95.04467811083957, 95.04467811083957, 95.04467811083957, 95.04467811083957, 95.04467811083957, 95.04467811083957, 95.33240165708834, 95.36991932794906, 95.57326670391481, 95.90169717368774, 95.90169717368774, 95.90169717368774, 95.90169717368774, 95.90169717368774, 95.90169717368774, 95.90169717368774, 95.90169717368774, 96.04641804467418, 96.01808019513308, 95.50897054404544, 95.77480068074856, 95.77480068074856, 95.77480068074856, 95.77480068074856, 95.77480068074856, 95.77480068074856, 95.77480068074856, 95.77480068074856, 96.30394322594606, 96.31341729807845, 96.4156608408577, 96.43696346145887, 96.43696346145887, 96.43696346145887, 96.43696346145887, 96.43696346145887, 96.43696346145887, 96.43696346145887, 96.43696346145887, 95.85891972442715, 95.86834908894855, 95.76668594039187, 95.26573048622215, 95.26573048622215, 95.26573048622215, 95.26573048622215, 95.26573048622215, 95.26573048622215, 95.26573048622215, 95.26573048622215, 95.21785825984716, 95.21785825984716, 95.62347213954834, 95.35102865357169, 95.35102865357169, 95.35102865357169, 95.35102865357169, 95.35102865357169, 95.35102865357169, 95.35102865357169, 95.35102865357169, 96.54950814896601, 96.54001178738943, 96.02867697919353, 96.1466793909998, 96.1466793909998, 96.1466793909998, 96.1466793909998, 96.1466793909998, 96.1466793909998, 96.1466793909998, 96.1466793909998, 94.80998275597099, 94.80998275597099, 95.31482824455442, 95.42790440618731, 95.42790440618731, 95.42790440618731, 95.42790440618731, 95.42790440618731, 95.42790440618731, 95.42790440618731, 95.42790440618731, 95.90840744952159, 95.91784168200728, 95.51097915101259, 95.96213908254879, 95.96213908254879, 95.96213908254879, 95.96213908254879, 95.96213908254879, 95.96213908254879, 95.96213908254879, 95.96213908254879, 95.52944406664552, 95.52944406664552, 95.63085536607933, 95.50437067950045, 95.50437067950045, 95.50437067950045, 95.50437067950045, 95.50437067950045, 95.50437067950045, 95.50437067950045, 95.50437067950045, 96.27340436388495, 96.27340436388495, 96.27340436388495, 96.46478587187518, 96.46478587187518, 96.46478587187518, 96.46478587187518, 96.46478587187518, 96.46478587187518, 96.46478587187518, 96.46478587187518, 96.70558663540953, 96.71509834846506, 96.9208751534618, 96.47339068019149, 96.47339068019149, 96.47339068019149, 96.47339068019149, 96.47339068019149, 96.47339068019149, 96.47339068019149, 96.47339068019149, 95.65663388658429, 95.62841104023695, 95.52678679896147, 95.19609944270546, 95.19609944270546, 95.19609944270546, 95.19609944270546, 95.19609944270546, 95.19609944270546, 95.19609944270546, 95.19609944270546, 96.20017683511973, 96.2096406990484, 96.31199138064316, 96.39647187832367, 96.39647187832367, 96.39647187832367, 96.39647187832367, 96.39647187832367, 96.39647187832367, 96.39647187832367, 96.39647187832367, 96.0610964791446, 96.07054573120826, 95.86657429653476, 96.07303799821068, 96.07303799821068, 96.07303799821068, 96.07303799821068, 96.07303799821068, 96.07303799821068, 96.07303799821068, 96.07303799821068]
Discharging samples: []
====================================

====================================
TIME: 2026-08-17 10:16:08
FINISH CYCLE - DUT 2
Charging samples: []
Discharging samples: [57.953034013858364, 57.953034013858364, 57.953034013858364, 57.953034013858364, 57.953034013858364, 57.99448825850347, 59.66740618903722, 59.66740618903722, 59.66740618903722, 59.66740618903722, 59.66740618903722, 59.66740618903722, 59.66740618903722, 59.66740618903722, 59.66740618903722, 59.66740618903722, 59.53945606854607, 57.334291028970284, 57.334291028970284, 57.334291028970284, 57.334291028970284, 57.334291028970284, 57.334291028970284, 57.334291028970284, 57.334291028970284, 57.334291028970284, 57.334291028970284, 57.293220619923744, 57.828671279923036, 57.82292061651015, 57.82292061651015, 57.82292061651015, 57.82292061651015, 57.82292061651015, 57.82292061651015, 57.82292061651015, 57.82292061651015, 57.82292061651015, 57.94727098342738, 60.787823482614996, 60.78177915294586, 60.78177915294586, 60.78177915294586, 60.78177915294586, 60.78177915294586, 60.78177915294586, 60.78177915294586, 60.78177915294586, 60.78177915294586, 60.694823817963105, 60.694823817963105, 60.70689638361561, 60.70689638361561, 60.70689638361561, 60.70689638361561, 60.70689638361561, 60.70689638361561, 60.70689638361561, 60.70689638361561, 60.70689638361561, 60.79386901453769, 59.05690132840804, 59.05102852596885, 59.05102852596885, 59.05102852596885, 59.05102852596885, 59.05102852596885, 59.05102852596885, 59.05102852596885, 59.05102852596885, 59.05102852596885, 59.09326817441376, 57.451788502902254, 57.45750225610992, 57.45750225610992, 57.45750225610992, 57.45750225610992, 57.45750225610992, 57.45750225610992, 57.45750225610992, 57.45750225610992, 57.45750225610992, 57.334291028970284, 60.11750904008536, 60.11153076750778, 60.11153076750778, 60.11153076750778, 60.11153076750778, 60.11153076750778, 60.11153076750778, 60.11153076750778, 60.11153076750778, 60.11153076750778, 60.19765043909446, 56.88401830483238, 56.88401830483238, 56.88401830483238, 56.88401830483238, 56.88401830483238, 56.88401830483238, 56.88401830483238, 56.88401830483238, 56.88401830483238, 56.88401830483238, 56.92470787443526, 57.451788502902254, 57.45750225610992, 57.45750225610992, 57.45750225610992, 57.45750225610992, 57.45750225610992, 57.45750225610992, 57.45750225610992, 57.45750225610992, 57.45750225610992, 57.416431847063365, 56.372496722571306, 56.36689086569754, 56.36689086569754, 56.36689086569754, 56.36689086569754, 56.36689086569754, 56.36689086569754, 56.36689086569754, 56.36689086569754, 56.36689086569754, 56.40721053012222, 59.09326817441376, 59.09326817441376, 59.09326817441376, 59.09326817441376, 59.09326817441376, 59.09326817441376, 59.09326817441376, 59.09326817441376, 59.09326817441376, 59.09326817441376, 58.96654922907906, 59.53353527935866, 59.53353527935866, 59.53353527935866, 59.53353527935866, 59.53353527935866, 59.53353527935866, 59.53353527935866, 59.53353527935866, 59.53353527935866, 59.53353527935866, 59.53353527935866, 60.70085950052256, 60.70085950052256, 60.70085950052256, 60.70085950052256, 60.70085950052256, 60.70085950052256, 60.70085950052256, 60.70085950052256, 60.70085950052256, 60.70085950052256, 60.787823482614996, 58.49394335119557, 58.49394335119557, 58.49394335119557, 58.49394335119557, 58.49394335119557, 58.49394335119557, 58.49394335119557, 58.49394335119557, 58.49394335119557, 58.49394335119557, 58.41026102880473, 55.779168189669385, 55.784715595754875, 55.784715595754875, 55.784715595754875, 55.784715595754875, 55.784715595754875, 55.784715595754875, 55.784715595754875, 55.784715595754875, 55.784715595754875, 55.82467599374611, 62.59130338692746, 62.58507911252542, 62.58507911252542, 62.58507911252542, 62.58507911252542, 62.58507911252542, 62.58507911252542, 62.58507911252542, 62.58507911252542, 62.58507911252542, 62.629878739663944, 63.26895913496664, 63.26895913496664, 63.26895913496664, 63.26895913496664, 63.26895913496664, 63.26895913496664, 63.26895913496664, 63.26895913496664, 63.26895913496664, 63.26895913496664, 63.3142159011576, 58.53578451239099, 58.54160607226293, 58.54160607226293, 58.54160607226293, 58.54160607226293, 58.54160607226293, 58.54160607226293, 58.54160607226293, 58.54160607226293, 58.54160607226293, 58.49976074983816, 58.49976074983816, 58.49976074983816, 58.49976074983816, 58.49976074983816, 58.49976074983816, 58.49976074983816, 58.49976074983816, 58.49976074983816, 58.49976074983816, 58.49976074983816, 58.54160607226293, 60.83735532999874, 60.831305473661224, 60.831305473661224, 60.831305473661224, 60.831305473661224, 60.831305473661224, 60.831305473661224, 60.831305473661224, 60.831305473661224, 60.831305473661224, 60.74434149156879, 61.34577061524769, 61.34577061524769, 61.34577061524769, 61.34577061524769, 61.34577061524769, 61.34577061524769, 61.34577061524769, 61.34577061524769, 61.34577061524769, 61.34577061524769, 61.301858109438626, 57.3285895282713, 57.3285895282713, 57.3285895282713, 57.3285895282713, 57.3285895282713, 57.3285895282713, 57.3285895282713, 57.3285895282713, 57.3285895282713, 57.3285895282713, 57.369655853148295, 57.369655853148295, 57.369655853148295, 57.369655853148295, 57.369655853148295, 57.369655853148295, 57.369655853148295, 57.369655853148295, 57.369655853148295, 57.369655853148295, 57.369655853148295, 57.49285482777924, 55.43953858392998, 55.43953858392998, 55.43953858392998, 55.43953858392998, 55.43953858392998, 55.43953858392998, 55.43953858392998, 55.43953858392998, 55.43953858392998, 55.43953858392998, 55.241540231844525, 56.76194959602373, 56.76759474267674, 56.76759474267674, 56.76759474267674, 56.76759474267674, 56.76759474267674, 56.76759474267674, 56.76759474267674, 56.76759474267674, 56.76759474267674, 56.76759474267674, 60.07444492186179, 60.07444492186179, 60.07444492186179, 60.07444492186179, 60.07444492186179, 60.07444492186179, 60.07444492186179, 60.07444492186179, 60.07444492186179, 60.07444492186179, 60.20363727653246, 55.864636391737335, 55.864636391737335, 55.864636391737335, 55.864636391737335, 55.864636391737335, 55.864636391737335, 55.864636391737335, 55.864636391737335, 55.864636391737335, 55.864636391737335, 55.904596789728565, 58.54160607226293, 58.54160607226293, 58.54160607226293, 58.54160607226293, 58.54160607226293, 58.54160607226293, 58.54160607226293, 58.54160607226293, 58.54160607226293, 58.54160607226293, 58.416070104988606, 60.11750904008536, 60.11153076750778, 60.11153076750778, 60.11153076750778, 60.11153076750778, 60.11153076750778, 60.11153076750778, 60.11153076750778, 60.11153076750778, 60.11153076750778, 60.15459060330113, 60.74434149156879, 60.75038269907665, 60.75038269907665, 60.75038269907665, 60.75038269907665, 60.75038269907665, 60.75038269907665, 60.75038269907665, 60.75038269907665, 60.75038269907665, 60.79386901453769, 58.49976074983816, 58.49394335119557, 58.49394335119557, 58.49394335119557, 58.49394335119557, 58.49394335119557, 58.49394335119557, 58.49394335119557, 58.49394335119557, 58.49394335119557, 58.49394335119557, 57.94727098342738, 57.94727098342738, 57.94727098342738, 57.94727098342738, 57.94727098342738, 57.94727098342738, 57.94727098342738, 57.94727098342738, 57.94727098342738, 57.94727098342738, 57.86437073881589, 61.91487669053301, 61.92103431128791, 61.92103431128791, 61.92103431128791, 61.92103431128791, 61.92103431128791, 61.92103431128791, 61.92103431128791, 61.92103431128791, 61.92103431128791, 62.00974639482845, 59.6247561488735, 59.6247561488735, 59.6247561488735, 59.6247561488735, 59.6247561488735, 59.6247561488735, 59.6247561488735, 59.6247561488735, 59.6247561488735, 59.6247561488735, 59.58210610870979, 56.84898197528273, 56.843328735229505, 56.843328735229505, 56.843328735229505, 56.843328735229505, 56.843328735229505, 56.843328735229505, 56.843328735229505, 56.843328735229505, 56.843328735229505, 56.843328735229505, 57.369655853148295, 57.37536143801684, 57.37536143801684, 57.37536143801684, 57.37536143801684, 57.37536143801684, 57.37536143801684, 57.37536143801684, 57.37536143801684, 57.37536143801684, 57.45750225610992, 61.439705382771, 61.43359562686579, 61.43359562686579, 61.43359562686579, 61.43359562686579, 61.43359562686579, 61.43359562686579, 61.43359562686579, 61.43359562686579, 61.43359562686579, 61.301858109438626, 60.11153076750778, 60.11153076750778, 60.11153076750778, 60.11153076750778, 60.11153076750778, 60.11153076750778, 60.11153076750778, 60.11153076750778, 60.11153076750778, 60.11153076750778, 60.24071027488781, 58.53578451239099, 58.53578451239099, 58.53578451239099, 58.53578451239099, 58.53578451239099, 58.53578451239099, 58.53578451239099, 58.53578451239099, 58.53578451239099, 58.53578451239099, 58.49394335119557, 59.05102852596885, 59.05690132840804, 59.05690132840804, 59.05690132840804, 59.05690132840804, 59.05690132840804, 59.05690132840804, 59.05690132840804, 59.05690132840804, 59.05690132840804, 59.05690132840804, 59.6247561488735, 59.6188268771801, 59.6188268771801, 59.6188268771801, 59.6188268771801, 59.6188268771801, 59.6188268771801, 59.6188268771801, 59.6188268771801, 59.6188268771801, 59.576181078269386, 56.843328735229505, 56.84898197528273, 56.84898197528273, 56.84898197528273, 56.84898197528273, 56.84898197528273, 56.84898197528273, 56.84898197528273, 56.84898197528273, 56.84898197528273, 56.93036920788872, 59.099145177713055, 59.09326817441376, 59.09326817441376, 59.09326817441376, 59.09326817441376, 59.09326817441376, 59.09326817441376, 59.09326817441376, 59.09326817441376, 59.09326817441376, 59.09326817441376, 59.09326817441376, 59.09326817441376, 59.09326817441376, 59.09326817441376, 59.09326817441376, 59.09326817441376, 59.09326817441376, 59.09326817441376, 59.09326817441376, 59.09326817441376, 58.96654922907906, 60.70085950052256, 60.70689638361561, 60.70689638361561, 60.70689638361561, 60.70689638361561, 60.70689638361561, 60.70689638361561, 60.70689638361561, 60.70689638361561, 60.70689638361561, 60.83735532999874, 60.83735532999874, 60.831305473661224, 60.831305473661224, 60.831305473661224, 60.831305473661224, 60.831305473661224, 60.831305473661224, 60.831305473661224, 60.831305473661224, 60.831305473661224, 60.70085950052256, 61.91487669053301, 61.91487669053301, 61.91487669053301, 61.91487669053301, 61.91487669053301, 61.91487669053301, 61.91487669053301, 61.91487669053301, 61.91487669053301, 61.91487669053301, 61.91487669053301, 57.3285895282713, 57.3285895282713, 57.3285895282713, 57.3285895282713, 57.3285895282713, 57.3285895282713, 57.3285895282713, 57.3285895282713, 57.3285895282713, 57.3285895282713, 57.3285895282713, 56.286251536848184, 56.286251536848184, 56.286251536848184, 56.286251536848184, 56.286251536848184, 56.286251536848184, 56.286251536848184, 56.286251536848184, 56.286251536848184, 56.286251536848184, 56.36689086569754, 59.6188268771801, 59.6247561488735, 59.6247561488735, 59.6247561488735, 59.6247561488735, 59.6247561488735, 59.6247561488735, 59.6247561488735, 59.6247561488735, 59.6247561488735, 59.58210610870979, 59.58210610870979, 59.576181078269386, 59.576181078269386, 59.576181078269386, 59.576181078269386, 59.576181078269386, 59.576181078269386, 59.576181078269386, 59.576181078269386, 59.576181078269386, 59.576181078269386, 60.15459060330113, 60.160573158308914, 60.160573158308914, 60.160573158308914, 60.160573158308914, 60.160573158308914, 60.160573158308914, 60.160573158308914, 60.160573158308914, 60.160573158308914, 60.11750904008536, 59.53945606854607, 59.52761566761766, 59.52761566761766, 59.52761566761766, 59.52761566761766, 59.52761566761766, 59.52761566761766, 59.52761566761766, 59.52761566761766, 59.52761566761766, 59.57025722611882, 60.73830148545449, 60.74434149156879, 60.74434149156879, 60.74434149156879, 60.74434149156879, 60.74434149156879, 60.74434149156879, 60.74434149156879, 60.74434149156879, 60.74434149156879, 60.787823482614996, 57.94727098342738, 57.94727098342738, 57.94727098342738, 57.94727098342738, 57.94727098342738, 57.94727098342738, 57.94727098342738, 57.94727098342738, 57.94727098342738, 57.94727098342738, 57.82292061651015, 59.49088948044795, 59.49088948044795, 59.49088948044795, 59.49088948044795, 59.49088948044795, 59.49088948044795, 59.49088948044795, 59.49088948044795, 59.49088948044795, 59.49088948044795, 59.576181078269386, 65.9140726823406, 65.9140726823406, 65.9140726823406, 65.9140726823406, 65.9140726823406, 65.9140726823406, 65.9140726823406, 65.9140726823406, 65.9140726823406, 65.9140726823406, 65.96125526836948, 57.94727098342738, 57.953034013858364, 57.953034013858364, 57.953034013858364, 57.953034013858364, 57.953034013858364, 57.953034013858364, 57.953034013858364, 57.953034013858364, 57.953034013858364, 57.953034013858364, 62.63610746952368, 62.629878739663944, 62.629878739663944, 62.629878739663944, 62.629878739663944, 62.629878739663944, 62.629878739663944, 62.629878739663944, 62.629878739663944, 62.629878739663944, 62.674678366802475, 60.831305473661224, 60.831305473661224, 60.831305473661224, 60.831305473661224, 60.831305473661224, 60.831305473661224, 60.831305473661224, 60.831305473661224, 60.831305473661224, 60.831305473661224, 60.831305473661224, 57.98872110573312, 57.99448825850347, 57.99448825850347, 57.99448825850347, 57.99448825850347, 57.99448825850347, 57.99448825850347, 57.99448825850347, 57.99448825850347, 57.99448825850347, 57.87012552456815, 60.11750904008536, 60.11750904008536, 60.11750904008536, 60.11750904008536, 60.11750904008536, 60.11750904008536, 60.11750904008536, 60.11750904008536, 60.11750904008536, 60.11750904008536, 60.07444492186179, 60.07444492186179, 60.07444492186179, 60.07444492186179, 60.07444492186179, 60.07444492186179, 60.07444492186179, 60.07444492186179, 60.07444492186179, 60.07444492186179, 60.07444492186179, 60.07444492186179, 56.2515256995615, 56.2515256995615, 56.2515256995615, 56.2515256995615, 56.2515256995615, 56.2515256995615, 56.2515256995615, 56.2515256995615, 56.2515256995615, 56.2515256995615, 56.372496722571306, 56.88967559158572, 56.88967559158572, 56.88967559158572, 56.88967559158572, 56.88967559158572, 56.88967559158572, 56.88967559158572, 56.88967559158572, 56.88967559158572, 56.88967559158572, 56.808288358979745, 58.97241362979801, 58.96654922907906, 58.96654922907906, 58.96654922907906, 58.96654922907906, 58.96654922907906, 58.96654922907906, 58.96654922907906, 58.96654922907906, 58.96654922907906, 59.13550782285865, 57.49285482777924, 57.498572665156445, 57.498572665156445, 57.498572665156445, 57.498572665156445, 57.498572665156445, 57.498572665156445, 57.498572665156445, 57.498572665156445, 57.498572665156445, 57.45750225610992, 56.93036920788872, 56.93036920788872, 56.93036920788872, 56.93036920788872, 56.93036920788872, 56.93036920788872, 56.93036920788872, 56.93036920788872, 56.93036920788872, 56.93036920788872, 56.84898197528273, 59.58210610870979, 59.576181078269386, 59.576181078269386, 59.576181078269386, 59.576181078269386, 59.576181078269386, 59.576181078269386, 59.576181078269386, 59.576181078269386, 59.576181078269386, 59.576181078269386, 55.81912461387402, 55.81912461387402, 55.81912461387402, 55.81912461387402, 55.81912461387402, 55.81912461387402, 55.81912461387402, 55.81912461387402, 55.81912461387402, 55.81912461387402, 55.81912461387402, 58.45210219000015, 58.45210219000015, 58.45210219000015, 58.45210219000015, 58.45210219000015, 58.45210219000015, 58.45210219000015, 58.45210219000015, 58.45210219000015, 58.45210219000015, 58.49394335119557, 62.003579952267295, 62.00974639482845, 62.00974639482845, 62.00974639482845, 62.00974639482845, 62.00974639482845, 62.00974639482845, 62.00974639482845, 62.00974639482845, 62.00974639482845, 62.00974639482845, 56.372496722571306, 56.372496722571306, 56.372496722571306, 56.372496722571306, 56.372496722571306, 56.372496722571306, 56.372496722571306, 56.372496722571306, 56.372496722571306, 56.372496722571306, 56.372496722571306, 60.20363727653246, 60.19765043909446, 60.19765043909446, 60.19765043909446, 60.19765043909446, 60.19765043909446, 60.19765043909446, 60.19765043909446, 60.19765043909446, 60.19765043909446, 60.19765043909446, 56.36689086569754, 56.36689086569754, 56.36689086569754, 56.36689086569754, 56.36689086569754, 56.36689086569754, 56.36689086569754, 56.36689086569754, 56.36689086569754, 56.36689086569754, 56.40721053012222, 60.831305473661224, 60.831305473661224, 60.831305473661224, 60.831305473661224, 60.831305473661224, 60.831305473661224, 60.831305473661224, 60.831305473661224, 60.831305473661224, 60.831305473661224, 60.787823482614996, 63.26895913496664, 63.26895913496664, 63.26895913496664, 63.26895913496664, 63.26895913496664, 63.26895913496664, 63.26895913496664, 63.26895913496664, 63.26895913496664, 63.26895913496664, 63.26895913496664, 60.19765043909446, 60.19765043909446, 60.19765043909446, 60.19765043909446, 60.19765043909446, 60.19765043909446, 60.19765043909446, 60.19765043909446, 60.19765043909446, 60.19765043909446, 60.19765043909446, 58.49394335119557, 58.49394335119557, 58.49394335119557, 58.49394335119557, 58.49394335119557, 58.49394335119557, 58.49394335119557, 58.49394335119557, 58.49394335119557, 58.49394335119557, 58.49394335119557, 61.389683121056734, 61.39578850973113, 61.39578850973113, 61.39578850973113, 61.39578850973113, 61.39578850973113, 61.39578850973113, 61.39578850973113, 61.39578850973113, 61.39578850973113, 61.439705382771, 59.099145177713055, 59.099145177713055, 59.099145177713055, 59.099145177713055, 59.099145177713055, 59.099145177713055, 59.099145177713055, 59.099145177713055, 59.099145177713055, 59.099145177713055, 59.05690132840804, 57.416431847063365, 57.416431847063365, 57.416431847063365, 57.416431847063365, 57.416431847063365, 57.416431847063365, 57.416431847063365, 57.416431847063365, 57.416431847063365, 57.416431847063365, 57.498572665156445, 60.88084164545978, 60.88084164545978, 60.88084164545978, 60.88084164545978, 60.88084164545978, 60.88084164545978, 60.88084164545978, 60.88084164545978, 60.88084164545978, 60.88084164545978, 60.66341006815457, 60.07444492186179, 60.07444492186179, 60.07444492186179, 60.07444492186179, 60.07444492186179, 60.07444492186179, 60.07444492186179, 60.07444492186179, 60.07444492186179, 60.07444492186179, 60.11750904008536, 55.784715595754875, 55.784715595754875, 55.784715595754875, 55.784715595754875, 55.784715595754875, 55.784715595754875, 55.784715595754875, 55.784715595754875, 55.784715595754875, 55.784715595754875, 55.904596789728565, 62.05410243659871, 62.04793158313445, 62.04793158313445, 62.04793158313445, 62.04793158313445, 62.04793158313445, 62.04793158313445, 62.04793158313445, 62.04793158313445, 62.04793158313445, 61.91487669053301, 60.11153076750778, 60.11153076750778, 60.11153076750778, 60.11153076750778, 60.11153076750778, 60.11153076750778, 60.11153076750778, 60.11153076750778, 60.11153076750778, 60.11153076750778, 60.15459060330113, 57.369655853148295, 57.369655853148295, 57.369655853148295, 57.369655853148295, 57.369655853148295, 57.369655853148295, 57.369655853148295, 57.369655853148295, 57.369655853148295, 57.369655853148295, 57.369655853148295, 59.576181078269386, 59.576181078269386, 59.576181078269386, 59.576181078269386, 59.576181078269386, 59.576181078269386, 59.576181078269386, 59.576181078269386, 59.576181078269386, 59.576181078269386, 59.576181078269386, 57.90582086112164, 57.90582086112164, 57.90582086112164, 57.90582086112164, 57.90582086112164, 57.90582086112164, 57.90582086112164, 57.90582086112164, 57.90582086112164, 57.90582086112164, 57.86437073881589, 60.70085950052256, 60.70689638361561, 60.70689638361561, 60.70689638361561, 60.70689638361561, 60.70689638361561, 60.70689638361561, 60.70689638361561, 60.70689638361561, 60.70689638361561, 60.79386901453769, 54.87588176533491, 54.87588176533491, 54.87588176533491, 54.87588176533491, 54.87588176533491, 54.87588176533491, 54.87588176533491, 54.87588176533491, 54.87588176533491, 54.87588176533491, 54.83662863102495, 57.91157976921326, 57.91157976921326, 57.91157976921326, 57.91157976921326, 57.91157976921326, 57.91157976921326, 57.91157976921326, 57.91157976921326, 57.91157976921326, 57.91157976921326, 57.87012552456815, 56.2918493738981, 56.286251536848184, 56.286251536848184, 56.286251536848184, 56.286251536848184, 56.286251536848184, 56.286251536848184, 56.286251536848184, 56.286251536848184, 56.286251536848184, 56.286251536848184, 61.91487669053301, 61.92103431128791, 61.92103431128791, 61.92103431128791, 61.92103431128791, 61.92103431128791, 61.92103431128791, 61.92103431128791, 61.92103431128791, 61.92103431128791, 61.92103431128791, 58.416070104988606, 58.416070104988606, 58.416070104988606, 58.416070104988606, 58.416070104988606, 58.416070104988606, 58.416070104988606, 58.416070104988606, 58.416070104988606, 58.416070104988606, 58.54160607226293, 59.099145177713055, 59.099145177713055, 59.099145177713055, 59.099145177713055, 59.099145177713055, 59.099145177713055, 59.099145177713055, 59.099145177713055, 59.099145177713055, 59.099145177713055, 59.01465747910303, 60.160573158308914, 60.160573158308914, 60.160573158308914, 60.160573158308914, 60.160573158308914, 60.160573158308914, 60.160573158308914, 60.160573158308914, 60.160573158308914, 60.160573158308914, 60.11750904008536, 60.70689638361561, 60.70085950052256, 60.70085950052256, 60.70085950052256, 60.70085950052256, 60.70085950052256, 60.70085950052256, 60.70085950052256, 60.70085950052256, 60.70085950052256, 60.787823482614996, 56.88401830483238, 56.88967559158572, 56.88967559158572, 56.88967559158572, 56.88967559158572, 56.88967559158572, 56.88967559158572, 56.88967559158572, 56.88967559158572, 56.88967559158572, 56.808288358979745, 61.30795476365141, 61.30795476365141, 61.30795476365141, 61.30795476365141, 61.30795476365141, 61.30795476365141, 61.30795476365141, 61.30795476365141, 61.30795476365141, 61.30795476365141, 61.39578850973113, 59.6247561488735, 59.6247561488735, 59.6247561488735, 59.6247561488735, 59.6247561488735, 59.6247561488735, 59.6247561488735, 59.6247561488735, 59.6247561488735, 59.6247561488735, 59.53945606854607, 57.87012552456815, 57.87012552456815, 57.87012552456815, 57.87012552456815, 57.87012552456815, 57.87012552456815, 57.87012552456815, 57.87012552456815, 57.87012552456815, 57.87012552456815, 57.91157976921326, 60.75038269907665, 60.75038269907665, 60.75038269907665, 60.75038269907665, 60.75038269907665, 60.75038269907665, 60.75038269907665, 60.75038269907665, 60.75038269907665, 60.75038269907665, 60.79386901453769, 61.39578850973113, 61.389683121056734, 61.389683121056734, 61.389683121056734, 61.389683121056734, 61.389683121056734, 61.389683121056734, 61.389683121056734, 61.389683121056734, 61.389683121056734, 61.43359562686579, 57.98872110573312, 57.99448825850347, 57.99448825850347, 57.99448825850347, 57.99448825850347, 57.99448825850347, 57.99448825850347, 57.99448825850347, 57.99448825850347, 57.99448825850347, 57.953034013858364, 60.20363727653246, 60.20363727653246, 60.20363727653246, 60.20363727653246, 60.20363727653246, 60.20363727653246, 60.20363727653246, 60.20363727653246, 60.20363727653246, 60.20363727653246, 60.20363727653246, 60.79386901453769, 60.79386901453769, 60.79386901453769, 60.79386901453769, 60.79386901453769, 60.79386901453769, 60.79386901453769, 60.79386901453769, 60.79386901453769, 60.79386901453769, 60.70689638361561, 58.416070104988606, 58.416070104988606, 58.416070104988606, 58.416070104988606, 58.416070104988606, 58.416070104988606, 58.416070104988606, 58.416070104988606, 58.416070104988606, 58.416070104988606, 58.416070104988606, 60.70689638361561, 60.70085950052256, 60.70085950052256, 60.70085950052256, 60.70085950052256, 60.70085950052256, 60.70085950052256, 60.70085950052256, 60.70085950052256, 60.70085950052256, 60.787823482614996, 57.94727098342738, 57.94727098342738, 57.94727098342738, 57.94727098342738, 57.94727098342738, 57.94727098342738, 57.94727098342738, 57.94727098342738, 57.94727098342738, 57.94727098342738, 57.94727098342738, 57.410722178025274, 57.416431847063365, 57.416431847063365, 57.416431847063365, 57.416431847063365, 57.416431847063365, 57.416431847063365, 57.416431847063365, 57.416431847063365, 57.416431847063365, 57.37536143801684, 56.84898197528273, 56.84898197528273, 56.84898197528273, 56.84898197528273, 56.84898197528273, 56.84898197528273, 56.84898197528273, 56.84898197528273, 56.84898197528273, 56.84898197528273, 56.88967559158572, 55.36584499538253, 55.3603392430958, 55.3603392430958, 55.3603392430958, 55.3603392430958, 55.3603392430958, 55.3603392430958, 55.3603392430958, 55.3603392430958, 55.3603392430958, 55.39993891351289, 62.674678366802475, 62.674678366802475, 62.674678366802475, 62.674678366802475, 62.674678366802475, 62.674678366802475, 62.674678366802475, 62.674678366802475, 62.674678366802475, 62.674678366802475, 62.495479858248345, 60.65737750947634, 60.66341006815457, 60.66341006815457, 60.66341006815457, 60.66341006815457, 60.66341006815457, 60.66341006815457, 60.66341006815457, 60.66341006815457, 60.66341006815457, 60.79386901453769, 58.49976074983816, 58.49394335119557, 58.49394335119557, 58.49394335119557, 58.49394335119557, 58.49394335119557, 58.49394335119557, 58.49394335119557, 58.49394335119557, 58.49394335119557, 58.45210219000015, 57.90582086112164, 57.90582086112164, 57.90582086112164, 57.90582086112164, 57.90582086112164, 57.90582086112164, 57.90582086112164, 57.90582086112164, 57.90582086112164, 57.90582086112164, 57.86437073881589, 56.286251536848184, 56.2918493738981, 56.2918493738981, 56.2918493738981, 56.2918493738981, 56.2918493738981, 56.2918493738981, 56.2918493738981, 56.2918493738981, 56.2918493738981, 56.332173048234715, 61.96539035305818, 61.95922832140016, 61.95922832140016, 61.95922832140016, 61.95922832140016, 61.95922832140016, 61.95922832140016, 61.95922832140016, 61.95922832140016, 61.95922832140016, 62.003579952267295, 60.19765043909446, 60.19765043909446, 60.19765043909446, 60.19765043909446, 60.19765043909446, 60.19765043909446, 60.19765043909446, 60.19765043909446, 60.19765043909446, 60.19765043909446, 60.11153076750778, 60.11153076750778, 60.11153076750778, 60.11153076750778, 60.11153076750778, 60.11153076750778, 60.11153076750778, 60.11153076750778, 60.11153076750778, 60.11153076750778, 60.11153076750778, 60.24071027488781, 63.3142159011576, 63.32051269040685, 63.32051269040685, 63.32051269040685, 63.32051269040685, 63.32051269040685, 63.32051269040685, 63.32051269040685, 63.32051269040685, 63.32051269040685, 63.32051269040685, 63.97330148102961, 63.97330148102961, 63.97330148102961, 63.97330148102961, 63.97330148102961, 63.97330148102961, 63.97330148102961, 63.97330148102961, 63.97330148102961, 63.97330148102961, 63.927573602915935, 61.39578850973113, 61.39578850973113, 61.39578850973113, 61.39578850973113, 61.39578850973113, 61.39578850973113, 61.39578850973113, 61.39578850973113, 61.39578850973113, 61.39578850973113, 61.39578850973113, 59.05690132840804, 59.05102852596885, 59.05102852596885, 59.05102852596885, 59.05102852596885]
====================================

====================================
TIME: 2026-08-17 10:21:37
FINISH CYCLE - DUT 1
Charging samples: [95.54938230233438, 95.55878121855535, 95.45787437460757, 95.56706988403343, 95.56706988403343, 95.56706988403343, 95.56706988403343, 95.56706988403343, 95.56706988403343, 95.56706988403343, 95.56706988403343, 95.47164595005036, 95.49042664168998, 94.29555164721627, 94.6327973061453, 94.6327973061453, 94.6327973061453, 94.6327973061453, 94.6327973061453, 94.6327973061453, 94.6327973061453, 94.6327973061453, 94.34904079248369, 94.3119283760052, 96.21823331126488, 96.6149655523621, 96.6149655523621, 96.6149655523621, 96.6149655523621, 96.6149655523621, 96.6149655523621, 96.6149655523621, 96.6149655523621, 97.14767964813952, 97.1667938005543, 95.24169569605947, 95.0352347559999, 95.0352347559999, 95.0352347559999, 95.0352347559999, 95.0352347559999, 95.0352347559999, 95.0352347559999, 95.0352347559999, 96.40912399225314, 96.40912399225314, 97.11801460984326, 96.83100005473497, 96.83100005473497, 96.83100005473497, 96.83100005473497, 96.83100005473497, 96.83100005473497, 96.83100005473497, 96.83100005473497, 95.879344034541, 95.89820492645299, 96.30283870251395, 95.98952104746952, 95.98952104746952, 95.98952104746952, 95.98952104746952, 95.98952104746952, 95.98952104746952, 95.98952104746952, 95.98952104746952, 95.37023381490519, 95.34209823604348, 94.54425640980044, 94.65245442321014, 94.65245442321014, 94.65245442321014, 94.65245442321014, 94.65245442321014, 94.65245442321014, 94.65245442321014, 94.65245442321014, 94.08510704405003, 94.0943619237514, 94.4897163856159, 94.38585414020436, 94.38585414020436, 94.38585414020436, 94.38585414020436, 94.38585414020436, 94.38585414020436, 94.38585414020436, 94.38585414020436, 94.33842406274698, 94.366260717826, 94.96477822766418, 95.14046850541776, 95.14046850541776, 95.14046850541776, 95.14046850541776, 95.14046850541776, 95.14046850541776, 95.14046850541776, 95.14046850541776, 95.85796826790205, 95.82969158109735, 95.42619814286117, 95.66639656609557, 95.66639656609557, 95.66639656609557, 95.66639656609557, 95.66639656609557, 95.66639656609557, 95.66639656609557, 95.66639656609557, 96.19151151730667, 96.20097266725426, 96.09981496728872, 96.49611165015311, 96.49611165015311, 96.49611165015311, 96.49611165015311, 96.49611165015311, 96.49611165015311, 96.49611165015311, 96.49611165015311, 95.87355609111988, 95.87355609111988, 96.2785130334266, 96.01879564541798, 96.01879564541798, 96.01879564541798, 96.01879564541798, 96.01879564541798, 96.01879564541798, 96.01879564541798, 96.01879564541798, 94.67587542660094, 94.65725310649341, 94.85758591730082, 94.65666079819616, 94.65666079819616, 94.65666079819616, 94.65666079819616, 94.65666079819616, 94.65666079819616, 94.65666079819616, 94.65666079819616, 94.46485398806811, 94.47414622237739, 94.27462321029212, 94.09607278754535, 94.09607278754535, 94.09607278754535, 94.09607278754535, 94.09607278754535, 94.09607278754535, 94.09607278754535, 94.09607278754535, 95.43347889823129, 95.44286549003795, 95.64486097255656, 95.53965962078946, 95.53965962078946, 95.53965962078946, 95.53965962078946, 95.53965962078946, 95.53965962078946, 95.53965962078946, 95.53965962078946, 96.83073610215148, 96.82121301638219, 96.41311517437425, 96.48952907394445, 96.48952907394445, 96.48952907394445, 96.48952907394445, 96.48952907394445, 96.48952907394445, 96.48952907394445, 96.48952907394445, 95.96538842218474, 95.98426624030655, 96.39054884873113, 96.84683042397508, 96.84683042397508, 96.84683042397508, 96.84683042397508, 96.84683042397508, 96.84683042397508, 96.84683042397508, 96.84683042397508, 97.37578530712489, 97.37578530712489, 96.96534996336462, 97.21910714446189, 97.21910714446189, 97.21910714446189, 97.21910714446189, 97.21910714446189, 97.21910714446189, 97.21910714446189, 97.21910714446189, 96.83503165944674, 96.82550908774262, 97.23535251245268, 97.17500875008845, 97.17500875008845, 97.17500875008845, 97.17500875008845, 97.17500875008845, 97.17500875008845, 97.17500875008845, 97.17500875008845, 95.72966900665628, 95.73908380494568, 95.8405023259255, 95.6200916355116, 95.6200916355116, 95.6200916355116, 95.6200916355116, 95.6200916355116, 95.6200916355116, 95.6200916355116, 95.6200916355116, 96.34193430009775, 96.33246021864431, 96.43461553170755, 96.19212510091052, 96.19212510091052, 96.19212510091052, 96.19212510091052, 96.19212510091052, 96.19212510091052, 96.19212510091052, 96.19212510091052, 95.6635969410154, 95.6541886407655, 95.55286005110368, 95.39714739653901, 95.39714739653901, 95.39714739653901, 95.39714739653901, 95.39714739653901, 95.39714739653901, 95.39714739653901, 95.39714739653901, 94.3909494581526, 94.38166540686332, 94.18212700219762, 94.03303256606559, 94.03303256606559, 94.03303256606559, 94.03303256606559, 94.03303256606559, 94.03303256606559, 94.03303256606559, 94.03303256606559, 93.84210255070302, 93.84210255070302, 93.84210255070302, 93.91230655278723, 93.91230655278723, 93.91230655278723, 93.91230655278723, 93.91230655278723, 93.91230655278723, 93.91230655278723, 93.91230655278723, 94.24668404305658, 94.24668404305658, 94.24668404305658, 94.75959684060075, 94.75959684060075, 94.75959684060075, 94.75959684060075, 94.75959684060075, 94.75959684060075, 94.75959684060075, 94.75959684060075, 96.728752172818, 96.728752172818, 97.03647884993195, 97.2645670785574, 97.2645670785574, 97.2645670785574, 97.2645670785574, 97.2645670785574, 97.2645670785574, 97.2645670785574, 97.2645670785574, 97.84409776621516, 97.85372240695548, 97.85372240695548, 97.67178985533563, 97.67178985533563, 97.67178985533563, 97.67178985533563, 97.67178985533563, 97.67178985533563, 97.67178985533563, 97.67178985533563, 97.33432562582558, 97.33432562582558, 96.21202208087372, 95.87250016792844, 95.87250016792844, 95.87250016792844, 95.87250016792844, 95.87250016792844, 95.87250016792844, 95.87250016792844, 95.87250016792844, 94.92279734308515, 94.93213370556603, 96.03950748155884, 95.91680843239523, 95.91680843239523, 95.91680843239523, 95.91680843239523, 95.91680843239523, 95.91680843239523, 95.91680843239523, 95.91680843239523, 95.77286124615352, 95.79169933845215, 95.58896558323848, 95.50902059045383, 95.50902059045383, 95.50902059045383, 95.50902059045383, 95.50902059045383, 95.50902059045383, 95.50902059045383, 95.50902059045383, 96.1310733297704, 96.10271608100057, 94.89766634957736, 94.80168788222585, 94.80168788222585, 94.80168788222585, 94.80168788222585, 94.80168788222585, 94.80168788222585, 94.80168788222585, 94.80168788222585, 94.09386044656962, 94.07535078581492, 95.26995841484114, 95.43362365923278, 95.43362365923278, 95.43362365923278, 95.43362365923278, 95.43362365923278, 95.43362365923278, 95.43362365923278, 95.43362365923278, 95.96008798232785, 95.96008798232785, 96.06174061790233, 96.39719027129996, 96.39719027129996, 96.39719027129996, 96.39719027129996, 96.39719027129996, 96.39719027129996, 96.39719027129996, 96.39719027129996, 95.72409268337067, 95.7146756550693, 95.61339028400576, 95.85490243707622, 95.85490243707622, 95.85490243707622, 95.85490243707622, 95.85490243707622, 95.85490243707622, 95.85490243707622, 95.85490243707622, 95.90304653674326, 95.9219176596352, 95.8205202836736, 95.80353835717229, 95.80353835717229, 95.80353835717229, 95.80353835717229, 95.80353835717229, 95.80353835717229, 95.80353835717229, 95.80353835717229, 95.51497348260249, 95.51497348260249, 95.81883872167761, 95.59013392628461, 95.59013392628461, 95.59013392628461, 95.59013392628461, 95.59013392628461, 95.59013392628461, 95.59013392628461, 95.59013392628461, 95.87892587168125, 95.87892587168125, 94.77340366561367, 94.74827594038193, 94.74827594038193, 94.74827594038193, 94.74827594038193, 94.74827594038193, 94.74827594038193, 94.74827594038193, 94.74827594038193, 95.08122670924871, 95.09993243946893, 95.80288864546289, 95.42758792406467, 95.42758792406467, 95.42758792406467, 95.42758792406467, 95.42758792406467, 95.42758792406467, 95.42758792406467, 95.42758792406467, 94.9979489589238, 94.98860612366033, 94.68864210432247, 94.77207189603514, 94.77207189603514, 94.77207189603514, 94.77207189603514, 94.77207189603514, 94.77207189603514, 94.77207189603514, 94.77207189603514, 95.86742750086368, 95.83913967923463, 96.55056489424489, 96.5463115653949, 96.5463115653949, 96.5463115653949, 96.5463115653949, 96.5463115653949, 96.5463115653949, 96.5463115653949, 96.5463115653949, 95.49116061932502, 95.52874076911618, 95.22579550240651, 95.33498976380997, 95.33498976380997, 95.33498976380997, 95.33498976380997, 95.33498976380997, 95.33498976380997, 95.33498976380997, 95.33498976380997, 95.38287273204897, 95.35473065708868, 95.25403928363878, 95.50254639474798, 95.50254639474798, 95.50254639474798, 95.50254639474798, 95.50254639474798, 95.50254639474798, 95.50254639474798, 95.50254639474798, 96.89289471073576, 96.9119587333055, 97.21994165300882, 97.44831931933312, 97.44831931933312, 97.44831931933312, 97.44831931933312, 97.44831931933312, 97.44831931933312, 97.44831931933312, 97.44831931933312, 95.85712954321338, 95.84770128221767, 95.7462751432947, 95.65300477253876, 95.65300477253876, 95.65300477253876, 95.65300477253876, 95.65300477253876, 95.65300477253876, 95.65300477253876, 95.65300477253876, 96.32661748220454, 96.34556822339718, 96.44762920668468, 96.094465875668, 96.094465875668, 96.094465875668, 96.094465875668, 96.094465875668, 96.094465875668, 96.094465875668, 96.094465875668, 95.37447737010606, 95.34633777214086, 94.94403254947358, 94.66838454224774, 94.66838454224774, 94.66838454224774, 94.66838454224774, 94.66838454224774, 94.66838454224774, 94.66838454224774, 94.66838454224774, 96.33592025386255, 96.35487468972165, 96.96860000621668, 97.0668068666369, 97.0668068666369, 97.0668068666369, 97.0668068666369, 97.0668068666369, 97.0668068666369, 97.0668068666369, 97.0668068666369, 96.29872135236084, 96.27977796269774, 95.46900088511715, 95.50685036346462, 95.50685036346462, 95.50685036346462, 95.50685036346462, 95.50685036346462, 95.50685036346462, 95.50685036346462, 95.50685036346462, 95.84012451727533, 95.87783828983498, 96.58955076918689, 96.59806123667613, 96.59806123667613, 96.59806123667613, 96.59806123667613, 96.59806123667613, 96.59806123667613, 96.59806123667613, 96.59806123667613, 96.55007412230123, 96.53108502325072, 95.9207725784251, 96.174990801611, 96.174990801611, 96.174990801611, 96.174990801611, 96.174990801611, 96.174990801611, 96.174990801611, 96.174990801611, 96.93980186166358, 96.97794086111736, 96.57089808730368, 96.9305502903333, 96.9305502903333, 96.9305502903333, 96.9305502903333, 96.9305502903333, 96.9305502903333, 96.9305502903333, 96.9305502903333, 95.83123931564016, 95.80297329283545, 96.51187478654563, 96.40501930073236, 96.40501930073236, 96.40501930073236, 96.40501930073236, 96.40501930073236, 96.40501930073236, 96.40501930073236, 96.40501930073236, 95.05871479179446, 95.05871479179446, 95.46236113910568, 94.94516647672141, 94.94516647672141, 94.94516647672141, 94.94516647672141, 94.94516647672141, 94.94516647672141, 94.94516647672141, 94.94516647672141, 94.94516647672141, 94.91715354404732, 94.81649908641843, 94.9587091957721, 94.9587091957721, 94.9587091957721, 94.9587091957721, 94.9587091957721, 94.9587091957721, 94.9587091957721, 94.9587091957721, 95.63115326696119, 95.61233749652006, 95.61233749652006, 95.37252832476516, 95.37252832476516, 95.37252832476516, 95.37252832476516, 95.37252832476516, 95.37252832476516, 95.37252832476516, 95.37252832476516, 97.33650304164883, 97.36523565102844, 97.26209451156762, 97.19794027834685, 97.19794027834685, 97.19794027834685, 97.19794027834685, 97.19794027834685, 97.19794027834685, 97.19794027834685, 97.19794027834685, 95.90643221362471, 95.91586625181216, 95.91586625181216, 95.97917426878732, 95.97917426878732, 95.97917426878732, 95.97917426878732, 95.97917426878732, 95.97917426878732, 95.97917426878732, 95.97917426878732, 96.50574330467592, 96.48675919071809, 96.38465680004008, 96.63127362086249, 96.63127362086249, 96.63127362086249, 96.63127362086249, 96.63127362086249, 96.63127362086249, 96.63127362086249, 96.63127362086249, 98.50062861650419, 98.53938931640245, 98.53938931640245, 99.015509420817, 99.015509420817, 99.015509420817, 99.015509420817, 99.015509420817, 99.015509420817, 99.015509420817, 99.015509420817, 96.65455566820383, 96.64505084416331, 96.74742907598976, 96.54201143562847, 96.54201143562847, 96.54201143562847, 96.54201143562847, 96.54201143562847, 96.54201143562847, 96.54201143562847, 96.54201143562847, 96.01261855138524, 96.01261855138524, 96.01261855138524, 95.71624410597373, 95.71624410597373, 95.71624410597373, 95.71624410597373, 95.71624410597373, 95.71624410597373, 95.71624410597373, 95.71624410597373, 92.54969166938511, 92.52238550543859, 92.32677792508885, 92.14392848372674, 92.14392848372674, 92.14392848372674, 92.14392848372674, 92.14392848372674, 92.14392848372674, 92.14392848372674, 92.14392848372674, 95.67873963343945, 95.69756476666787, 94.89506946464134, 94.93685137264795, 94.93685137264795, 94.93685137264795, 94.93685137264795, 94.93685137264795, 94.93685137264795, 94.93685137264795, 94.93685137264795, 93.42013682251078, 93.38338256390057, 94.3726133113995, 94.37676868163028, 94.37676868163028, 94.37676868163028, 94.37676868163028, 94.37676868163028, 94.37676868163028, 94.37676868163028, 94.37676868163028, 96.4357240612904, 96.46419077113826, 96.46419077113826, 96.68129905575117, 96.68129905575117, 96.68129905575117, 96.68129905575117, 96.68129905575117, 96.68129905575117, 96.68129905575117, 96.68129905575117, 95.09714668790619, 95.08779225679388, 94.78656377023592, 94.84935018916076, 94.84935018916076, 94.84935018916076, 94.84935018916076, 94.84935018916076, 94.84935018916076, 94.84935018916076, 94.84935018916076, 97.24332672094171, 97.24332672094171, 97.55236271687691, 97.87652874274158, 97.87652874274158, 97.87652874274158, 97.87652874274158, 97.87652874274158, 97.87652874274158, 97.87652874274158, 97.87652874274158, 95.2741985841458, 95.28357135331295, 95.28357135331295, 95.15708873647228, 95.15708873647228, 95.15708873647228, 95.15708873647228, 95.15708873647228, 95.15708873647228, 95.15708873647228, 95.15708873647228, 95.01269254719081, 95.01269254719081, 95.11344831871487, 94.97057223658904, 94.97057223658904, 94.97057223658904, 94.97057223658904, 94.97057223658904, 94.97057223658904, 94.97057223658904, 94.97057223658904, 95.45167949209356, 95.42351157565875, 95.3224273472947, 94.86140611056402, 94.86140611056402, 94.86140611056402, 94.86140611056402, 94.86140611056402, 94.86140611056402, 94.86140611056402, 94.86140611056402, 94.6223400669386, 94.64096101352268, 94.24163206409851, 94.20021445310086, 94.20021445310086, 94.20021445310086, 94.20021445310086, 94.20021445310086, 94.20021445310086, 94.20021445310086, 94.20021445310086, 95.39021210915315, 95.3995962913577, 96.007237032067, 96.13398483663316, 96.13398483663316, 96.13398483663316, 96.13398483663316, 96.13398483663316, 96.13398483663316, 96.13398483663316, 96.13398483663316, 94.83876647805577, 94.85742450805343, 94.85742450805343, 95.36100311984633, 95.36100311984633, 95.36100311984633, 95.36100311984633, 95.36100311984633, 95.36100311984633, 95.36100311984633, 95.36100311984633, 96.56688328069416, 96.5763804171301, 95.6624083627093, 95.6285635339944, 95.6285635339944, 95.6285635339944, 95.6285635339944, 95.6285635339944, 95.6285635339944, 95.6285635339944, 95.6285635339944, 94.86429928996647, 94.82698419534951, 95.83470985098552, 95.92804157372662, 95.92804157372662, 95.92804157372662, 95.92804157372662, 95.92804157372662, 95.92804157372662, 95.92804157372662, 95.92804157372662, 96.89408428846707, 96.90361641677877, 96.69809443074107, 96.50158831906879, 96.50158831906879, 96.50158831906879, 96.50158831906879, 96.50158831906879, 96.50158831906879, 96.50158831906879, 96.50158831906879, 95.87620414750953, 95.87620414750953, 95.77464037192951, 95.71121625795756, 95.71121625795756, 95.71121625795756, 95.71121625795756, 95.71121625795756, 95.71121625795756, 95.71121625795756, 95.71121625795756, 94.99086089224289, 94.97217294007051, 94.77138610510207, 94.5834802020914, 94.5834802020914, 94.5834802020914, 94.5834802020914, 94.5834802020914, 94.5834802020914, 94.5834802020914, 94.5834802020914, 93.2924013520123, 93.2924013520123, 93.39112346984514, 93.194026480461, 93.194026480461, 93.194026480461, 93.194026480461, 93.194026480461, 93.194026480461, 93.194026480461, 93.194026480461, 95.29578822579174, 95.32391567213938, 95.32391567213938, 95.34068329143088, 95.34068329143088, 95.34068329143088, 95.34068329143088, 95.34068329143088, 95.34068329143088, 95.34068329143088, 95.34068329143088, 96.24868979896833, 96.22975625125535, 96.12803346452039, 96.47592377893872, 96.47592377893872, 96.47592377893872, 96.47592377893872, 96.47592377893872, 96.47592377893872, 96.47592377893872, 96.47592377893872, 96.71543699586756, 96.74398065656482, 96.84635523927018, 97.16798994869522, 97.16798994869522, 97.16798994869522, 97.16798994869522, 97.16798994869522, 97.16798994869522, 97.16798994869522, 97.16798994869522, 96.34983451079138, 96.32140714026303, 96.52569432401755, 96.48724127652658, 96.48724127652658, 96.48724127652658, 96.48724127652658, 96.48724127652658, 96.48724127652658, 96.48724127652658, 96.48724127652658, 95.71611447311777, 95.73494695997917, 95.73494695997917, 95.28786332363424, 95.28786332363424, 95.28786332363424, 95.28786332363424, 95.28786332363424, 95.28786332363424, 95.28786332363424, 95.28786332363424, 96.0075601765318, 96.0075601765318, 95.7030964550417, 95.91438022503253, 95.91438022503253, 95.91438022503253, 95.91438022503253, 95.91438022503253, 95.91438022503253, 95.91438022503253, 95.91438022503253, 94.85984930801567, 94.82252862372019, 95.22517205736656, 94.93593770107137, 94.93593770107137, 94.93593770107137, 94.93593770107137, 94.93593770107137, 94.93593770107137, 94.93593770107137, 94.93593770107137, 93.78461758746568, 93.81230172135943, 93.71281889874928, 93.56043363465271, 93.56043363465271, 93.56043363465271, 93.56043363465271, 93.56043363465271, 93.56043363465271, 93.56043363465271, 93.56043363465271, 95.28328560951077, 95.28328560951077, 95.1823499256024, 95.19490089258304, 95.19490089258304, 95.19490089258304, 95.19490089258304, 95.19490089258304, 95.19490089258304, 95.19490089258304, 95.19490089258304, 98.58959600226329, 98.59929397550768, 98.59929397550768, 98.93849676870177, 98.93849676870177, 98.93849676870177, 98.93849676870177, 98.93849676870177, 98.93849676870177, 98.93849676870177, 98.93849676870177, 96.53940615840347, 96.53940615840347, 96.6417809263339, 97.01403962378322, 97.01403962378322, 97.01403962378322, 97.01403962378322, 97.01403962378322, 97.01403962378322, 97.01403962378322, 97.01403962378322, 96.72473334259897, 96.72473334259897, 96.72473334259897, 96.51960887496426, 96.51960887496426, 96.51960887496426, 96.51960887496426, 96.51960887496426, 96.51960887496426, 96.51960887496426, 96.51960887496426, 96.32714704271108, 96.32714704271108, 96.32714704271108, 96.12329804094537, 96.12329804094537, 96.12329804094537, 96.12329804094537, 96.12329804094537, 96.12329804094537, 96.12329804094537, 96.12329804094537, 95.25905260401379, 95.24031373264485, 94.93828313941235, 94.75864194359299, 94.75864194359299, 94.75864194359299, 94.75864194359299, 94.75864194359299, 94.75864194359299, 94.75864194359299, 94.75864194359299, 95.04521041721273, 95.07326114335652, 94.97286699220197, 94.86850120429845, 94.86850120429845, 94.86850120429845, 94.86850120429845, 94.86850120429845, 94.86850120429845, 94.86850120429845, 94.86850120429845, 94.53479290860494, 94.50690105389154, 94.80724078181706, 94.92824821910735, 94.92824821910735, 94.92824821910735, 94.92824821910735, 94.92824821910735, 94.92824821910735, 94.92824821910735, 94.92824821910735, 96.12502391526351, 96.1439368565159, 96.34806411098832, 96.61169357278634, 96.61169357278634, 96.61169357278634, 96.61169357278634, 96.61169357278634, 96.61169357278634, 96.61169357278634, 96.61169357278634, 94.92772481031248, 94.90905111604471, 94.7079726179175, 95.08564630906963, 95.08564630906963, 95.08564630906963, 95.08564630906963, 95.08564630906963, 95.08564630906963, 95.08564630906963, 95.08564630906963, 95.37480691619301, 95.39357224957541, 95.59610637324755, 95.50723881088197, 95.50723881088197, 95.50723881088197, 95.50723881088197, 95.50723881088197, 95.50723881088197, 95.50723881088197, 95.50723881088197, 96.56896657937082, 96.55946830391304, 96.66208197905003, 96.24879587017851, 96.24879587017851, 96.24879587017851, 96.24879587017851, 96.24879587017851, 96.24879587017851, 96.24879587017851, 96.24879587017851, 95.81589274032764, 95.80646760824617, 95.60327255499435, 95.43080977011424, 95.43080977011424, 95.43080977011424, 95.43080977011424, 95.43080977011424, 95.43080977011424, 95.43080977011424, 95.43080977011424, 96.53267152950811, 96.54216810319521, 96.43989885732316, 96.49934054896721, 96.49934054896721, 96.49934054896721, 96.49934054896721, 96.49934054896721, 96.49934054896721, 96.49934054896721, 96.49934054896721, 94.72739236022689, 94.72739236022689, 94.72739236022689, 94.71905221298617, 94.71905221298617, 94.71905221298617, 94.71905221298617, 94.71905221298617, 94.71905221298617, 94.71905221298617, 94.71905221298617, 95.48523261511347, 95.48523261511347, 95.18274507778995, 95.57825290368122, 95.57825290368122, 95.57825290368122, 95.57825290368122, 95.57825290368122, 95.57825290368122, 95.57825290368122, 95.57825290368122, 94.85925902526834, 94.87792108685115, 95.3815193941062, 95.58856739172775, 95.58856739172775, 95.58856739172775, 95.58856739172775, 95.58856739172775, 95.58856739172775, 95.58856739172775, 95.58856739172775, 96.31308912536896, 96.3036169490191, 95.69410038605062, 95.74075560740717, 95.74075560740717, 95.74075560740717, 95.74075560740717, 95.74075560740717, 95.74075560740717, 95.74075560740717, 95.74075560740717, 94.54039508073457, 94.50320007922744, 95.00427749216078, 94.51832210856918, 94.51832210856918, 94.51832210856918, 94.51832210856918, 94.51832210856918, 94.51832210856918, 94.51832210856918, 94.51832210856918, 95.43038311418766, 95.44916307740998, 94.05283258306959, 94.20653404526531, 94.20653404526531, 94.20653404526531, 94.20653404526531, 94.20653404526531, 94.20653404526531, 94.20653404526531, 94.20653404526531, 94.58563478589014, 94.59493981636588, 95.7961454013356, 95.4630514098433, 95.4630514098433, 95.4630514098433, 95.4630514098433, 95.4630514098433, 95.4630514098433, 95.4630514098433, 95.4630514098433, 94.3630262683471, 94.3630262683471, 94.76414433962593, 94.69745599033695, 94.69745599033695, 94.69745599033695, 94.69745599033695, 94.69745599033695, 94.69745599033695, 94.69745599033695, 94.69745599033695, 95.75338302114659, 95.7722209875092, 95.36683592512821, 95.64870005706977, 95.64870005706977, 95.64870005706977, 95.64870005706977, 95.64870005706977, 95.64870005706977, 95.64870005706977, 95.64870005706977, 95.31309058318533, 95.30371675444977, 95.60723177596074, 96.00107800891452, 96.00107800891452, 96.00107800891452, 96.00107800891452, 96.00107800891452, 96.00107800891452, 96.00107800891452, 96.00107800891452, 96.72543221924337, 96.72543221924337, 96.9312310111992, 96.95699917185793, 96.95699917185793, 96.95699917185793, 96.95699917185793, 96.95699917185793, 96.95699917185793, 96.95699917185793, 96.95699917185793, 97.15062273485712, 97.15062273485712, 96.63659827594256, 96.11704667230846, 96.11704667230846, 96.11704667230846, 96.11704667230846, 96.11704667230846, 96.11704667230846, 96.11704667230846, 96.11704667230846, 95.01555585344293, 95.00621036747327, 94.90578096962182, 94.63886367387316, 94.63886367387316, 94.63886367387316, 94.63886367387316, 94.63886367387316, 94.63886367387316, 94.63886367387316, 94.63886367387316, 95.306678236088, 95.306678236088, 95.306678236088, 95.306678236088, 95.306678236088, 95.306678236088, 95.306678236088, 95.306678236088, 95.306678236088, 95.306678236088, 95.306678236088, 95.68828655735362, 95.68828655735362, 95.89101597802599, 96.089478162665, 96.089478162665, 96.089478162665, 96.089478162665, 96.089478162665, 96.089478162665, 96.089478162665, 96.089478162665, 96.90379577421301, 96.91332792016757, 96.81077413400868, 97.07581003264022, 97.07581003264022, 97.07581003264022, 97.07581003264022, 97.07581003264022, 97.07581003264022, 97.07581003264022, 97.07581003264022, 96.73990757577987, 96.73990757577987, 97.25448155224677, 97.60357368225351, 97.60357368225351, 97.60357368225351, 97.60357368225351, 97.60357368225351, 97.60357368225351, 97.60357368225351, 97.60357368225351, 96.00589613685948, 96.00589613685948, 95.7004691077921, 95.59033223647468, 95.59033223647468, 95.59033223647468, 95.59033223647468, 95.59033223647468, 95.59033223647468, 95.59033223647468, 95.59033223647468, 96.31340585399718, 96.32287899315858, 96.11902104819954, 95.70809306363982, 95.70809306363982, 95.70809306363982, 95.70809306363982, 95.70809306363982, 95.70809306363982, 95.70809306363982, 95.70809306363982, 94.7979560425141, 94.76998654328835, 94.8703784781859, 94.7617881264169, 94.7617881264169, 94.7617881264169, 94.7617881264169, 94.7617881264169, 94.7617881264169, 94.7617881264169, 94.7617881264169, 95.0012064895458, 94.9918605764627, 95.19354180910912, 95.20611580635405, 95.20611580635405, 95.20611580635405, 95.20611580635405, 95.20611580635405, 95.20611580635405, 95.20611580635405, 95.20611580635405, 95.7819592487312, 95.81023019301949, 95.81023019301949, 95.71330319524343, 95.71330319524343, 95.71330319524343, 95.71330319524343, 95.71330319524343, 95.71330319524343, 95.71330319524343, 95.71330319524343, 95.80920830866552, 95.81863185625168, 95.51444572337469, 95.84326801963736, 95.84326801963736, 95.84326801963736, 95.84326801963736, 95.84326801963736, 95.84326801963736, 95.84326801963736, 95.84326801963736, 97.3782953352672, 97.36871839827513, 97.47186322708686, 97.89963672028139, 97.89963672028139, 97.89963672028139, 97.89963672028139, 97.89963672028139, 97.89963672028139, 97.89963672028139, 97.89963672028139, 96.35639121533113, 96.34691384824, 96.55147205173944, 96.33367714375419, 96.33367714375419, 96.33367714375419, 96.33367714375419, 96.33367714375419, 96.33367714375419, 96.33367714375419, 96.33367714375419, 96.04438682200117, 96.04438682200117, 95.53728868672134, 95.46550693529933, 95.46550693529933, 95.46550693529933, 95.46550693529933, 95.46550693529933, 95.46550693529933, 95.46550693529933, 95.46550693529933, 96.80739157093605, 96.80739157093605, 97.115042179742, 96.83258171861638, 96.83258171861638, 96.83258171861638, 96.83258171861638, 96.83258171861638, 96.83258171861638, 96.83258171861638, 96.83258171861638]
Discharging samples: []
====================================

====================================
TIME: 2026-08-17 10:21:37
FINISH CYCLE - DUT 2
Charging samples: []
Discharging samples: [59.6247561488735, 59.6247561488735, 59.6247561488735, 59.6247561488735, 59.6247561488735, 59.58210610870979, 56.84898197528273, 56.84898197528273, 56.84898197528273, 56.84898197528273, 56.84898197528273, 56.84898197528273, 56.84898197528273, 56.84898197528273, 56.84898197528273, 56.84898197528273, 56.808288358979745, 55.784715595754875, 55.784715595754875, 55.784715595754875, 55.784715595754875, 55.784715595754875, 55.784715595754875, 55.784715595754875, 55.784715595754875, 55.784715595754875, 55.784715595754875, 55.784715595754875, 58.416070104988606, 58.42188033674759, 58.42188033674759, 58.42188033674759, 58.42188033674759, 58.42188033674759, 58.42188033674759, 58.42188033674759, 58.42188033674759, 58.42188033674759, 58.50557930571141, 59.062775299099144, 59.05690132840804, 59.05690132840804, 59.05690132840804, 59.05690132840804, 59.05690132840804, 59.05690132840804, 59.05690132840804, 59.05690132840804, 59.18931590537757, 59.10463877246572, 59.10463877246572, 59.10463877246572, 59.10463877246572, 59.10463877246572, 59.10463877246572, 59.10463877246572, 59.10463877246572, 59.10463877246572, 59.10463877246572, 58.97241362979801, 58.930169780493, 60.66341006815457, 60.66341006815457, 60.66341006815457, 60.66341006815457, 60.66341006815457, 60.66341006815457, 60.66341006815457, 60.66341006815457, 60.66341006815457, 60.66341006815457, 60.83735532999874, 56.41282039690792, 56.41282039690792, 56.41282039690792, 56.41282039690792, 56.41282039690792, 56.41282039690792, 56.41282039690792, 56.41282039690792, 56.41282039690792, 56.41282039690792, 56.2918493738981, 54.316696764287656, 54.316696764287656, 54.316696764287656, 54.316696764287656, 54.316696764287656, 54.316696764287656, 54.316696764287656, 54.316696764287656, 54.316696764287656, 54.316696764287656, 54.316696764287656, 57.87012552456815, 57.86437073881589, 57.86437073881589, 57.86437073881589, 57.86437073881589, 57.86437073881589, 57.86437073881589, 57.86437073881589, 57.86437073881589, 57.86437073881589, 57.90582086112164, 56.32657120127287, 56.332173048234715, 56.332173048234715, 56.332173048234715, 56.332173048234715, 56.332173048234715, 56.332173048234715, 56.332173048234715, 56.332173048234715, 56.332173048234715, 56.2918493738981, 60.11750904008536, 60.11750904008536, 60.11750904008536, 60.11750904008536, 60.11750904008536, 60.11750904008536, 60.11750904008536, 60.11750904008536, 60.11750904008536, 60.11750904008536, 60.24670139475603, 59.099145177713055, 59.09326817441376, 59.09326817441376, 59.09326817441376, 59.09326817441376, 59.09326817441376, 59.09326817441376, 59.09326817441376, 59.09326817441376, 59.09326817441376, 58.92430958063416, 56.76194959602373, 56.76759474267674, 56.76759474267674, 56.76759474267674, 56.76759474267674, 56.76759474267674, 56.76759474267674, 56.76759474267674, 56.76759474267674, 56.76759474267674, 56.84898197528273, 60.75038269907665, 60.75038269907665, 60.75038269907665, 60.75038269907665, 60.75038269907665, 60.75038269907665, 60.75038269907665, 60.75038269907665, 60.75038269907665, 60.75038269907665, 60.75038269907665, 59.01465747910303, 59.01465747910303, 59.01465747910303, 59.01465747910303, 59.01465747910303, 59.01465747910303, 59.01465747910303, 59.01465747910303, 59.01465747910303, 59.01465747910303, 59.01465747910303, 58.45791542741339, 58.45210219000015, 58.45210219000015, 58.45210219000015, 58.45210219000015, 58.45210219000015, 58.45210219000015, 58.45210219000015, 58.45210219000015, 58.45210219000015, 58.36841986760931, 54.272390403215674, 54.272390403215674, 54.272390403215674, 54.272390403215674, 54.272390403215674, 54.272390403215674, 54.272390403215674, 54.272390403215674, 54.272390403215674, 54.272390403215674, 54.311295342572826, 59.53353527935866, 59.53945606854607, 59.53945606854607, 59.53945606854607, 59.53945606854607, 59.53945606854607, 59.53945606854607, 59.53945606854607, 59.53945606854607, 59.53945606854607, 59.6247561488735, 59.05690132840804, 59.05690132840804, 59.05690132840804, 59.05690132840804, 59.05690132840804, 59.05690132840804, 59.05690132840804, 59.05690132840804, 59.05690132840804, 59.05690132840804, 59.05690132840804, 57.953034013858364, 57.953034013858364, 57.953034013858364, 57.953034013858364, 57.953034013858364, 57.953034013858364, 57.953034013858364, 57.953034013858364, 57.953034013858364, 58.082973552006024, 58.082973552006024, 61.533447228362824, 61.533447228362824, 61.533447228362824, 61.533447228362824, 61.533447228362824, 61.533447228362824, 61.533447228362824, 61.533447228362824, 61.533447228362824, 61.39578850973113, 61.35187163669128, 58.45791542741339, 58.45791542741339, 58.45791542741339, 58.45791542741339, 58.45791542741339, 58.45791542741339, 58.45791542741339, 58.45791542741339, 58.45791542741339, 58.45791542741339, 58.416070104988606, 57.87012552456815, 57.86437073881589, 57.86437073881589, 57.86437073881589, 57.86437073881589, 57.86437073881589, 57.86437073881589, 57.86437073881589, 57.86437073881589, 57.86437073881589, 57.90582086112164, 55.81912461387402, 55.82467599374611, 55.82467599374611, 55.82467599374611, 55.82467599374611, 55.82467599374611, 55.82467599374611, 55.82467599374611, 55.82467599374611, 55.94984342870967, 55.94984342870967, 53.08062068877584, 53.08062068877584, 53.08062068877584, 53.08062068877584, 53.08062068877584, 53.08062068877584, 53.08062068877584, 53.08062068877584, 53.08062068877584, 52.961872096630934, 52.961872096630934, 57.37536143801684, 57.37536143801684, 57.37536143801684, 57.37536143801684, 57.37536143801684, 57.37536143801684, 57.37536143801684, 57.37536143801684, 57.37536143801684, 57.37536143801684, 57.334291028970284, 59.53945606854607, 59.53945606854607, 59.53945606854607, 59.53945606854607, 59.53945606854607, 59.53945606854607, 59.53945606854607, 59.53945606854607, 59.53945606854607, 59.53945606854607, 59.58210610870979, 56.332173048234715, 56.332173048234715, 56.332173048234715, 56.332173048234715, 56.332173048234715, 56.332173048234715, 56.332173048234715, 56.332173048234715, 56.332173048234715, 56.332173048234715, 56.493467745581114, 54.51124080713969, 54.50582003935855, 54.50582003935855, 54.50582003935855, 54.50582003935855, 54.50582003935855, 54.50582003935855, 54.50582003935855, 54.50582003935855, 54.50582003935855, 54.35020028192997, 60.15459060330113, 60.160573158308914, 60.160573158308914, 60.160573158308914, 60.160573158308914, 60.160573158308914, 60.160573158308914, 60.160573158308914, 60.160573158308914, 60.160573158308914, 60.160573158308914, 60.160573158308914, 60.160573158308914, 60.160573158308914, 60.160573158308914, 60.160573158308914, 60.160573158308914, 60.160573158308914, 60.160573158308914, 60.160573158308914, 60.160573158308914, 60.11750904008536, 55.784715595754875, 55.779168189669385, 55.779168189669385, 55.779168189669385, 55.779168189669385, 55.779168189669385, 55.779168189669385, 55.779168189669385, 55.779168189669385, 55.779168189669385, 55.85908103807864, 59.6188268771801, 59.6247561488735, 59.6247561488735, 59.6247561488735, 59.6247561488735, 59.6247561488735, 59.6247561488735, 59.6247561488735, 59.6247561488735, 59.6247561488735, 59.58210610870979, 58.45791542741339, 58.45791542741339, 58.45791542741339, 58.45791542741339, 58.45791542741339, 58.45791542741339, 58.45791542741339, 58.45791542741339, 58.45791542741339, 58.45791542741339, 58.54160607226293, 57.99448825850347, 57.99448825850347, 57.99448825850347, 57.99448825850347, 57.99448825850347, 57.99448825850347, 57.99448825850347, 57.99448825850347, 57.99448825850347, 57.99448825850347, 57.87012552456815, 62.54649930433123, 62.552720360558034, 62.552720360558034, 62.552720360558034, 62.552720360558034, 62.552720360558034, 62.552720360558034, 62.552720360558034, 62.552720360558034, 62.552720360558034, 62.73195451631894, 59.147271401100724, 59.141389027018064, 59.141389027018064, 59.141389027018064, 59.141389027018064, 59.141389027018064, 59.141389027018064, 59.141389027018064, 59.141389027018064, 59.141389027018064, 59.099145177713055, 57.99448825850347, 57.99448825850347, 57.99448825850347, 57.99448825850347, 57.99448825850347, 57.99448825850347, 57.99448825850347, 57.99448825850347, 57.99448825850347, 57.99448825850347, 57.99448825850347, 56.41282039690792, 56.41282039690792, 56.41282039690792, 56.41282039690792, 56.41282039690792, 56.41282039690792, 56.41282039690792, 56.41282039690792, 56.41282039690792, 56.41282039690792, 56.41282039690792, 57.45750225610992, 57.45750225610992, 57.45750225610992, 57.45750225610992, 57.45750225610992, 57.45750225610992, 57.45750225610992, 57.45750225610992, 57.45750225610992, 57.45750225610992, 57.416431847063365, 59.05690132840804, 59.05690132840804, 59.05690132840804, 59.05690132840804, 59.05690132840804, 59.05690132840804, 59.05690132840804, 59.05690132840804, 59.05690132840804, 59.05690132840804, 58.97241362979801, 60.70689638361561, 60.70689638361561, 60.70689638361561, 60.70689638361561, 60.70689638361561, 60.70689638361561, 60.70689638361561, 60.70689638361561, 60.70689638361561, 60.70689638361561, 60.83735532999874, 56.93036920788872, 56.93036920788872, 56.93036920788872, 56.93036920788872, 56.93036920788872, 56.93036920788872, 56.93036920788872, 56.93036920788872, 56.93036920788872, 57.05801577561941, 57.017230918024254, 58.082973552006024, 58.082973552006024, 58.082973552006024, 58.082973552006024, 58.082973552006024, 58.082973552006024, 58.082973552006024, 58.082973552006024, 58.082973552006024, 57.953034013858364, 57.87012552456815, 57.334291028970284, 57.334291028970284, 57.334291028970284, 57.334291028970284, 57.334291028970284, 57.334291028970284, 57.334291028970284, 57.334291028970284, 57.334291028970284, 57.334291028970284, 57.45750225610992, 56.93036920788872, 56.93036920788872, 56.93036920788872, 56.93036920788872, 56.93036920788872, 56.93036920788872, 56.93036920788872, 56.93036920788872, 56.93036920788872, 56.93036920788872, 56.84898197528273, 57.37536143801684, 57.37536143801684, 57.37536143801684, 57.37536143801684, 57.37536143801684, 57.37536143801684, 57.37536143801684, 57.37536143801684, 57.37536143801684, 57.37536143801684, 57.45750225610992, 57.99448825850347, 57.99448825850347, 57.99448825850347, 57.99448825850347, 57.99448825850347, 57.99448825850347, 57.99448825850347, 57.99448825850347, 57.99448825850347, 57.99448825850347, 57.91157976921326, 61.35187163669128, 61.35797387178543, 61.35797387178543, 61.35797387178543, 61.35797387178543, 61.35797387178543, 61.35797387178543, 61.35797387178543, 61.35797387178543, 61.495547804233375, 61.451528084974804, 59.11051749126147, 59.11051749126147, 59.11051749126147, 59.11051749126147, 59.11051749126147, 59.11051749126147, 59.11051749126147, 59.11051749126147, 59.11051749126147, 58.97827919709757, 59.02052724809836, 63.23627919439111, 63.22999015618181, 63.22999015618181, 63.22999015618181, 63.22999015618181, 63.22999015618181, 63.22999015618181, 63.22999015618181, 63.22999015618181, 63.371761434558906, 63.3263986847847, 60.252301661251465, 60.24630998447529, 60.24630998447529, 60.24630998447529, 60.24630998447529, 60.24630998447529, 60.24630998447529, 60.24630998447529, 60.24630998447529, 60.11153076750778, 60.11153076750778, 60.70085950052256, 60.70689638361561, 60.70689638361561, 60.70689638361561, 60.70689638361561, 60.70689638361561, 60.70689638361561, 60.70689638361561, 60.70689638361561, 60.70689638361561, 60.75038269907665, 56.332173048234715, 56.32657120127287, 56.32657120127287, 56.32657120127287, 56.32657120127287, 56.32657120127287, 56.32657120127287, 56.32657120127287, 56.32657120127287, 56.45286396181384, 56.49327402907355, 59.18342993521991, 59.18931590537757, 59.18931590537757, 59.18931590537757, 59.18931590537757, 59.18931590537757, 59.18931590537757, 59.18931590537757, 59.18931590537757, 59.05690132840804, 59.05690132840804, 59.05690132840804, 59.05690132840804, 59.05690132840804, 59.05690132840804, 59.05690132840804, 59.05690132840804, 59.05690132840804, 59.05690132840804, 59.05690132840804, 59.05690132840804, 59.099145177713055, 53.03769439025531, 53.03769439025531, 53.03769439025531, 53.03769439025531, 53.03769439025531, 53.03769439025531, 53.03769439025531, 53.03769439025531, 53.03769439025531, 53.03769439025531, 52.99978324344312, 57.416431847063365, 57.416431847063365, 57.416431847063365, 57.416431847063365, 57.416431847063365, 57.416431847063365, 57.416431847063365, 57.416431847063365, 57.416431847063365, 57.416431847063365, 57.45750225610992, 57.99448825850347, 57.99448825850347, 57.99448825850347, 57.99448825850347, 57.99448825850347, 57.99448825850347, 57.99448825850347, 57.99448825850347, 57.99448825850347, 58.12452074338801, 58.04142636062405, 60.88659431947817, 60.88659431947817, 60.88659431947817, 60.88659431947817, 60.88659431947817, 60.88659431947817, 60.88659431947817, 60.88659431947817, 60.88659431947817, 60.88659431947817, 60.93017813788868, 56.49889245513313, 56.49889245513313, 56.49889245513313, 56.49889245513313, 56.49889245513313, 56.49889245513313, 56.49889245513313, 56.49889245513313, 56.49889245513313, 56.372496722571306, 56.332173048234715, 59.58210610870979, 59.58210610870979, 59.58210610870979, 59.58210610870979, 59.58210610870979, 59.58210610870979, 59.58210610870979, 59.58210610870979, 59.58210610870979, 59.58210610870979, 59.66740618903722, 59.66740618903722, 59.66740618903722, 59.66740618903722, 59.66740618903722, 59.66740618903722, 59.66740618903722, 59.66740618903722, 59.66740618903722, 59.66740618903722, 59.80118961098573, 59.67295260681635, 57.462843251008344, 57.462843251008344, 57.462843251008344, 57.462843251008344, 57.462843251008344, 57.462843251008344, 57.462843251008344, 57.462843251008344, 57.462843251008344, 57.334291028970284, 57.37536143801684, 60.160573158308914, 60.15459060330113, 60.15459060330113, 60.15459060330113, 60.15459060330113, 60.15459060330113, 60.15459060330113, 60.15459060330113, 60.15459060330113, 60.15459060330113, 60.19765043909446, 62.003579952267295, 62.00974639482845, 62.00974639482845, 62.00974639482845, 62.00974639482845, 62.00974639482845, 62.00974639482845, 62.00974639482845, 62.00974639482845, 62.00974639482845, 62.00974639482845, 57.953034013858364, 57.94727098342738, 57.94727098342738, 57.94727098342738, 57.94727098342738, 57.94727098342738, 57.94727098342738, 57.94727098342738, 57.94727098342738, 57.94727098342738, 57.86437073881589, 58.41026102880473, 58.416070104988606, 58.416070104988606, 58.416070104988606, 58.416070104988606, 58.416070104988606, 58.416070104988606, 58.416070104988606, 58.416070104988606, 58.416070104988606, 58.54160607226293, 60.24670139475603, 60.24670139475603, 60.24670139475603, 60.24670139475603, 60.24670139475603, 60.24670139475603, 60.24670139475603, 60.24670139475603, 60.24670139475603, 60.24670139475603, 60.20363727653246, 59.6247561488735, 59.6188268771801, 59.6188268771801, 59.6188268771801, 59.6188268771801, 59.6188268771801, 59.6188268771801, 59.6188268771801, 59.6188268771801, 59.6188268771801, 59.576181078269386, 61.34577061524769, 61.34577061524769, 61.34577061524769, 61.34577061524769, 61.34577061524769, 61.34577061524769, 61.34577061524769, 61.34577061524769, 61.34577061524769, 61.34577061524769, 61.301858109438626, 59.53353527935866, 59.53945606854607, 59.53945606854607, 59.53945606854607, 59.53945606854607, 59.53945606854607, 59.53945606854607, 59.53945606854607, 59.53945606854607, 59.53945606854607, 59.58210610870979, 59.58210610870979, 59.58210610870979, 59.58210610870979, 59.58210610870979, 59.58210610870979, 59.58210610870979, 59.58210610870979, 59.58210610870979, 59.58210610870979, 59.71569827487282, 59.758443942929276, 55.98989342400581, 55.98989342400581, 55.98989342400581, 55.98989342400581, 55.98989342400581, 55.98989342400581, 55.98989342400581, 55.98989342400581, 55.98989342400581, 55.98989342400581, 55.94984342870967, 58.04142636062405, 58.04142636062405, 58.04142636062405, 58.04142636062405, 58.04142636062405, 58.04142636062405, 58.04142636062405, 58.04142636062405, 58.04142636062405, 57.91157976921326, 58.035942503148576, 55.94455718771979, 55.93899388648791, 55.93899388648791, 55.93899388648791, 55.93899388648791, 55.93899388648791, 55.93899388648791, 55.93899388648791, 55.93899388648791, 55.93899388648791, 55.779168189669385, 61.91487669053301, 61.92103431128791, 61.92103431128791, 61.92103431128791, 61.92103431128791, 61.92103431128791, 61.92103431128791, 61.92103431128791, 61.92103431128791, 61.92103431128791, 61.96539035305818, 62.59130338692746, 62.58507911252542, 62.58507911252542, 62.58507911252542, 62.58507911252542, 62.58507911252542, 62.58507911252542, 62.58507911252542, 62.58507911252542, 62.725404402015386, 62.81520455148139, 56.53368409633326, 56.539306541295595, 56.539306541295595, 56.539306541295595, 56.539306541295595, 56.539306541295595, 56.539306541295595, 56.539306541295595, 56.539306541295595, 56.41282039690792, 56.372496722571306, 59.05690132840804, 59.05690132840804, 59.05690132840804, 59.05690132840804, 59.05690132840804, 59.05690132840804, 59.05690132840804, 59.05690132840804, 59.05690132840804, 59.18931590537757, 59.273993038289404, 56.579720627458066, 56.57409416359296, 56.57409416359296, 56.57409416359296, 56.57409416359296, 56.57409416359296, 56.57409416359296, 56.57409416359296, 56.57409416359296, 56.44753019454689, 56.36689086569754, 62.003579952267295, 62.00974639482845, 62.00974639482845, 62.00974639482845, 62.00974639482845, 62.00974639482845, 62.00974639482845, 62.00974639482845, 62.00974639482845, 62.00974639482845, 62.00974639482845, 60.20363727653246, 60.20363727653246, 60.20363727653246, 60.20363727653246, 60.20363727653246, 60.20363727653246, 60.20363727653246, 60.20363727653246, 60.20363727653246, 60.20363727653246, 60.24670139475603, 59.099145177713055, 59.099145177713055, 59.099145177713055, 59.099145177713055, 59.099145177713055, 59.099145177713055, 59.099145177713055, 59.099145177713055, 59.099145177713055, 59.23165447183349, 59.23165447183349, 58.67286527870298, 58.67286527870298, 58.67286527870298, 58.67286527870298, 58.67286527870298, 58.67286527870298, 58.67286527870298, 58.67286527870298, 58.67286527870298, 58.54160607226293, 58.416070104988606, 57.87012552456815, 57.87012552456815, 57.87012552456815, 57.87012552456815, 57.87012552456815, 57.87012552456815, 57.87012552456815, 57.87012552456815, 57.87012552456815, 57.99987916924208, 58.082973552006024, 57.5451682413393, 57.5451682413393, 57.5451682413393, 57.5451682413393, 57.5451682413393, 57.5451682413393, 57.5451682413393, 57.5451682413393, 57.5451682413393, 57.5451682413393, 57.462843251008344, 57.99987916924208, 57.99987916924208, 57.99987916924208, 57.99987916924208, 57.99987916924208, 57.99987916924208, 57.99987916924208, 57.99987916924208, 57.99987916924208, 57.87012552456815, 57.87012552456815, 61.30795476365141, 61.30795476365141, 61.30795476365141, 61.30795476365141, 61.30795476365141, 61.30795476365141, 61.30795476365141, 61.30795476365141, 61.30795476365141, 61.30795476365141, 61.35187163669128, 59.01465747910303, 59.01465747910303, 59.01465747910303, 59.01465747910303, 59.01465747910303, 59.01465747910303, 59.01465747910303, 59.01465747910303, 59.01465747910303, 59.146977338921644, 59.23165447183349, 58.67286527870298, 58.67286527870298, 58.67286527870298, 58.67286527870298, 58.67286527870298, 58.67286527870298, 58.67286527870298, 58.67286527870298, 58.67286527870298, 58.67286527870298, 58.630926132685325, 56.49889245513313, 56.49889245513313, 56.49889245513313, 56.49889245513313, 56.49889245513313, 56.49889245513313, 56.49889245513313, 56.49889245513313, 56.49889245513313, 56.372496722571306, 56.41282039690792, 57.45750225610992, 57.45750225610992, 57.45750225610992, 57.45750225610992, 57.45750225610992, 57.45750225610992, 57.45750225610992, 57.45750225610992, 57.45750225610992, 57.58633073650478, 57.462843251008344, 59.10463877246572, 59.10463877246572, 59.10463877246572, 59.10463877246572, 59.10463877246572, 59.10463877246572, 59.10463877246572, 59.10463877246572, 59.10463877246572, 59.10463877246572, 59.23165447183349, 56.539306541295595, 56.539306541295595, 56.539306541295595, 56.539306541295595, 56.539306541295595, 56.539306541295595, 56.539306541295595, 56.539306541295595, 56.539306541295595, 56.41282039690792, 56.2515256995615, 57.828671279923036, 57.828671279923036, 57.828671279923036, 57.828671279923036, 57.828671279923036, 57.828671279923036, 57.828671279923036, 57.828671279923036, 57.828671279923036, 57.828671279923036, 58.035942503148576, 55.94455718771979, 55.93899388648791, 55.93899388648791, 55.93899388648791, 55.93899388648791, 55.93899388648791, 55.93899388648791, 55.93899388648791, 55.93899388648791, 55.93899388648791, 55.85908103807864, 62.629878739663944, 62.63610746952368, 62.63610746952368, 62.63610746952368, 62.63610746952368, 62.63610746952368, 62.63610746952368, 62.63610746952368, 62.63610746952368, 62.63610746952368, 62.59130338692746, 60.75038269907665, 60.75038269907665, 60.75038269907665, 60.75038269907665, 60.75038269907665, 60.75038269907665, 60.75038269907665, 60.75038269907665, 60.75038269907665, 60.75038269907665, 60.79386901453769, 56.88967559158572, 56.88967559158572, 56.88967559158572, 56.88967559158572, 56.88967559158572, 56.88967559158572, 56.88967559158572, 56.88967559158572, 56.88967559158572, 57.017230918024254, 57.05801577561941, 57.58633073650478, 57.58633073650478, 57.58633073650478, 57.58633073650478, 57.58633073650478, 57.58633073650478, 57.58633073650478, 57.58633073650478, 57.58633073650478, 57.45750225610992, 57.45750225610992, 60.24670139475603, 60.24670139475603, 60.24670139475603, 60.24670139475603, 60.24670139475603, 60.24670139475603, 60.24670139475603, 60.24670139475603, 60.24670139475603, 60.24670139475603, 60.160573158308914, 57.91157976921326, 57.90582086112164, 57.90582086112164, 57.90582086112164, 57.90582086112164, 57.90582086112164, 57.90582086112164, 57.90582086112164, 57.90582086112164, 57.90582086112164, 57.94727098342738, 57.410722178025274, 57.416431847063365, 57.416431847063365, 57.416431847063365, 57.416431847063365, 57.416431847063365, 57.416431847063365, 57.416431847063365, 57.416431847063365, 57.5451682413393, 57.50400574617382, 55.94984342870967, 55.94984342870967, 55.94984342870967, 55.94984342870967, 55.94984342870967, 55.94984342870967, 55.94984342870967, 55.94984342870967, 55.94984342870967, 55.82467599374611, 55.904596789728565, 60.24670139475603, 60.24670139475603, 60.24670139475603, 60.24670139475603, 60.24670139475603, 60.24670139475603, 60.24670139475603, 60.24670139475603, 60.24670139475603, 60.3817836848788, 60.295462335793914, 59.71569827487282, 59.71569827487282, 59.71569827487282, 59.71569827487282, 59.71569827487282, 59.71569827487282, 59.71569827487282, 59.71569827487282, 59.71569827487282, 59.71569827487282, 59.758443942929276, 58.082973552006024, 58.077197599982156, 58.077197599982156, 58.077197599982156, 58.077197599982156, 58.077197599982156, 58.077197599982156, 58.077197599982156, 58.077197599982156, 58.077197599982156, 58.03565454018245, 62.09815035799523, 62.104326205867736, 62.104326205867736, 62.104326205867736, 62.104326205867736, 62.104326205867736, 62.104326205867736, 62.104326205867736, 62.104326205867736, 62.104326205867736, 62.14878170064645, 59.758443942929276, 59.758443942929276, 59.758443942929276, 59.758443942929276, 59.758443942929276, 59.758443942929276, 59.758443942929276, 59.758443942929276, 59.758443942929276, 59.6247561488735, 59.66740618903722, 57.99448825850347, 57.99448825850347, 57.99448825850347, 57.99448825850347, 57.99448825850347, 57.99448825850347, 57.99448825850347, 57.99448825850347, 57.99448825850347, 58.12452074338801, 58.082973552006024, 55.48998366129146, 55.48446556426866, 55.48446556426866, 55.48446556426866, 55.48446556426866, 55.48446556426866, 55.48446556426866, 55.48446556426866, 55.48446556426866, 55.48446556426866, 55.40508864643709, 56.929999343128024, 56.929999343128024, 56.929999343128024, 56.929999343128024, 56.929999343128024, 56.929999343128024, 56.929999343128024, 56.929999343128024, 56.929999343128024, 56.80263916562661, 56.80263916562661, 56.80263916562661, 56.80263916562661, 56.80263916562661, 56.80263916562661, 56.80263916562661, 56.80263916562661, 56.80263916562661, 56.80263916562661, 56.80263916562661, 56.80263916562661, 56.80263916562661, 59.53353527935866, 59.53945606854607, 59.53945606854607, 59.53945606854607, 59.53945606854607, 59.53945606854607, 59.53945606854607, 59.53945606854607, 59.53945606854607, 59.53945606854607, 59.6247561488735, 57.953034013858364, 57.94727098342738, 57.94727098342738, 57.94727098342738, 57.94727098342738, 57.94727098342738, 57.94727098342738, 57.94727098342738, 57.94727098342738, 58.077197599982156, 58.077197599982156, 58.077197599982156, 58.082973552006024, 58.082973552006024, 58.082973552006024, 58.082973552006024, 58.082973552006024, 58.082973552006024, 58.082973552006024, 58.082973552006024, 58.082973552006024, 58.12452074338801, 57.05801577561941, 57.05801577561941, 57.05801577561941, 57.05801577561941, 57.05801577561941, 57.05801577561941, 57.05801577561941, 57.05801577561941, 57.05801577561941, 56.93036920788872, 56.88967559158572, 54.39451438142847, 54.39451438142847, 54.39451438142847, 54.39451438142847, 54.39451438142847, 54.39451438142847, 54.39451438142847, 54.39451438142847, 54.39451438142847, 54.51647517600566, 54.43848307990265, 57.99987916924208, 57.99987916924208, 57.99987916924208, 57.99987916924208, 57.99987916924208, 57.99987916924208, 57.99987916924208, 57.99987916924208, 57.99987916924208, 57.99987916924208, 58.04142636062405, 59.146977338921644, 59.146977338921644, 59.146977338921644, 59.146977338921644, 59.146977338921644, 59.146977338921644, 59.146977338921644, 59.146977338921644, 59.146977338921644, 59.146977338921644, 59.10463877246572, 59.67295260681635, 59.667018542316875, 59.667018542316875, 59.667018542316875, 59.667018542316875, 59.667018542316875, 59.667018542316875, 59.667018542316875, 59.667018542316875, 59.53353527935866, 59.6188268771801, 57.94727098342738, 57.94727098342738, 57.94727098342738, 57.94727098342738, 57.94727098342738, 57.94727098342738, 57.94727098342738, 57.94727098342738, 57.94727098342738, 58.077197599982156, 58.077197599982156, 57.539445770352685, 57.5451682413393, 57.5451682413393, 57.5451682413393, 57.5451682413393, 57.5451682413393, 57.5451682413393, 57.5451682413393, 57.5451682413393, 57.416431847063365, 57.416431847063365, 59.05690132840804, 59.05690132840804, 59.05690132840804, 59.05690132840804, 59.05690132840804, 59.05690132840804, 59.05690132840804, 59.05690132840804, 59.05690132840804, 59.05690132840804, 59.05690132840804, 60.20363727653246, 60.20363727653246, 60.20363727653246, 60.20363727653246, 60.20363727653246, 60.20363727653246, 60.20363727653246, 60.20363727653246, 60.20363727653246, 60.338623010336356, 60.252301661251465, 57.462843251008344, 57.462843251008344, 57.462843251008344, 57.462843251008344, 57.462843251008344, 57.462843251008344, 57.462843251008344, 57.462843251008344, 57.462843251008344, 57.334291028970284, 57.334291028970284, 56.2918493738981, 56.286251536848184, 56.286251536848184, 56.286251536848184, 56.286251536848184]
====================================

====================================
TIME: 2026-08-18 10:26:06
FINISH CYCLE - DUT 1
Charging samples: [100.42805116616248, 102.68456184741375, 102.68456184741375, 102.68456184741375, 102.68456184741375, 102.68456184741375, 102.68456184741375, 102.68456184741375, 102.68456184741375, 108.11473434066671, 108.22113600816073, 96.55589082478375, 96.66705644323324, 96.66705644323324, 96.66705644323324, 96.66705644323324, 96.66705644323324, 96.66705644323324, 96.66705644323324, 96.66705644323324, 96.37574436957208, 96.36626882691456, 95.75312183543893, 95.63877710790436, 95.63877710790436, 95.63877710790436, 95.63877710790436, 95.63877710790436, 95.63877710790436, 95.63877710790436, 95.63877710790436, 95.97604231684912, 96.00435383375675, 96.20840134456175, 96.1701204474354, 96.1701204474354, 96.1701204474354, 96.1701204474354, 96.1701204474354, 96.1701204474354, 96.1701204474354, 96.1701204474354, 96.70118034950457, 96.68216900961474, 96.99138703416574, 96.98709917443834, 96.98709917443834, 96.98709917443834, 96.98709917443834, 96.98709917443834, 96.98709917443834, 96.98709917443834, 96.98709917443834, 96.16394356486997, 96.17339828353725, 95.96877403187013, 96.10047671879687, 96.10047671879687, 96.10047671879687, 96.10047671879687, 96.10047671879687, 96.10047671879687, 96.10047671879687, 96.10047671879687, 96.53597736857992, 96.53597736857992, 96.22886397292167, 96.2586931310038, 96.2586931310038, 96.2586931310038, 96.2586931310038, 96.2586931310038, 96.2586931310038, 96.2586931310038, 96.2586931310038, 97.22369256088855, 97.24280850515926, 97.03700361943406, 96.73286609870922, 96.73286609870922, 96.73286609870922, 96.73286609870922, 96.73286609870922, 96.73286609870922, 96.73286609870922, 96.73286609870922, 95.72473201033559, 95.73414077109933, 95.93718242702954, 95.86101157952893, 95.86101157952893, 95.86101157952893, 95.86101157952893, 95.86101157952893, 95.86101157952893, 95.86101157952893, 95.86101157952893, 96.29368414934626, 96.29368414934626, 96.29368414934626, 96.3276756541424, 96.3276756541424, 96.3276756541424, 96.3276756541424, 96.3276756541424, 96.3276756541424, 96.3276756541424, 96.3276756541424, 96.56813415552567, 96.54915270409462, 96.44687605928097, 96.3363547151256, 96.3363547151256, 96.3363547151256, 96.3363547151256, 96.3363547151256, 96.3363547151256, 96.3363547151256, 96.3363547151256, 96.28837844285711, 96.28837844285711, 96.69811622346501, 96.5619276877865, 96.5619276877865, 96.5619276877865, 96.5619276877865, 96.5619276877865, 96.5619276877865, 96.5619276877865, 96.5619276877865, 96.41758997823823, 96.43654556458999, 95.82489728405349, 95.9431318552408, 95.9431318552408, 95.9431318552408, 95.9431318552408, 95.9431318552408, 95.9431318552408, 95.9431318552408, 95.9431318552408, 96.374014183932, 96.35507088876072, 96.55921298810132, 96.469940139957, 96.469940139957, 96.469940139957, 96.469940139957, 96.469940139957, 96.469940139957, 96.469940139957, 96.469940139957, 96.61371054255007, 96.60421347083647, 96.39997623305456, 96.48493258824364, 96.48493258824364, 96.48493258824364, 96.48493258824364, 96.48493258824364, 96.48493258824364, 96.48493258824364, 96.48493258824364, 96.38921340908864, 96.41764121485222, 96.929955992827, 97.06254341001704, 97.06254341001704, 97.06254341001704, 97.06254341001704, 97.06254341001704, 97.06254341001704, 97.06254341001704, 97.06254341001704, 96.33963469544392, 96.33016642667778, 95.7198380227073, 95.66074388625545, 95.66074388625545, 95.66074388625545, 95.66074388625545, 95.66074388625545, 95.66074388625545, 95.66074388625545, 95.66074388625545, 95.27790949351406, 95.29663917888728, 95.39737558393897, 95.35952949470968, 95.35952949470968, 95.35952949470968, 95.35952949470968, 95.35952949470968, 95.35952949470968, 95.35952949470968, 95.35952949470968, 95.21584361400444, 95.19712980826269, 94.00468141818007, 93.85161301997242, 93.85161301997242, 93.85161301997242, 93.85161301997242, 93.85161301997242, 93.85161301997242, 93.85161301997242, 93.85161301997242, 93.3323133503448, 93.3323133503448, 94.41642681059167, 94.47047408265409, 94.47047408265409, 94.47047408265409, 94.47047408265409, 94.47047408265409, 94.47047408265409, 94.47047408265409, 94.47047408265409, 95.99958646031972, 95.99015068417856, 95.28582043806824, 95.18941548183388, 95.18941548183388, 95.18941548183388, 95.18941548183388, 95.18941548183388, 95.18941548183388, 95.18941548183388, 95.18941548183388, 95.7106118831779, 95.72942847845621, 94.93334175514265, 94.99184198774849, 94.99184198774849, 94.99184198774849, 94.99184198774849, 94.99184198774849, 94.99184198774849, 94.99184198774849, 94.99184198774849, 95.32102163820109, 95.33975795695062, 96.64578203855268, 96.8077034581314, 96.8077034581314, 96.8077034581314, 96.8077034581314, 96.8077034581314, 96.8077034581314, 96.8077034581314, 96.8077034581314, 96.28235331603004, 96.26343175696235, 96.67089601836749, 96.61551919417438, 96.61551919417438, 96.61551919417438, 96.61551919417438, 96.61551919417438, 96.61551919417438, 96.61551919417438, 96.61551919417438, 95.89665372397963, 95.90607845653236, 94.30930711906666, 94.29684168657086, 94.29684168657086, 94.29684168657086, 94.29684168657086, 94.29684168657086, 94.29684168657086, 94.29684168657086, 94.29684168657086, 94.01409253608638, 94.02333134234973, 95.01200990536077, 95.04132167571501, 95.04132167571501, 95.04132167571501, 95.04132167571501, 95.04132167571501, 95.04132167571501, 95.04132167571501, 95.04132167571501, 94.04088671070748, 94.02240564817222, 94.02240564817222, 94.08045440805378, 94.08045440805378, 94.08045440805378, 94.08045440805378, 94.08045440805378, 94.08045440805378, 94.08045440805378, 94.08045440805378, 94.74769167335914, 94.74769167335914, 94.74769167335914, 94.65585762556576, 94.65585762556576, 94.65585762556576, 94.65585762556576, 94.65585762556576, 94.65585762556576, 94.65585762556576, 94.65585762556576, 94.3225623522363, 94.31329232153828, 94.21422373716692, 94.18102926038118, 94.18102926038118, 94.18102926038118, 94.18102926038118, 94.18102926038118, 94.18102926038118, 94.18102926038118, 94.18102926038118, 94.37119792117954, 94.38047364340495, 93.98557626414382, 93.95247400958218, 93.95247400958218, 93.95247400958218, 93.95247400958218, 93.95247400958218, 93.95247400958218, 93.95247400958218, 93.95247400958218, 94.99376087517955, 95.01243286748917, 95.91540213444524, 96.06342625696853, 96.06342625696853, 96.06342625696853, 96.06342625696853, 96.06342625696853, 96.06342625696853, 96.06342625696853, 96.06342625696853, 95.10614248759167, 95.10614248759167, 94.01410953627277, 94.19686283071042, 94.19686283071042, 94.19686283071042, 94.19686283071042, 94.19686283071042, 94.19686283071042, 94.19686283071042, 94.19686283071042, 96.0457192224556, 96.03628169477336, 97.35741572866972, 97.30582880816175, 97.30582880816175, 97.30582880816175, 97.30582880816175, 97.30582880816175, 97.30582880816175, 97.30582880816175, 97.30582880816175, 97.01765754811781, 97.02719151603722, 95.91076985633387, 95.90230054026195, 95.90230054026195, 95.90230054026195, 95.90230054026195, 95.90230054026195, 95.90230054026195, 95.90230054026195, 95.90230054026195, 96.37706440432265, 96.37706440432265, 97.2930027143954, 97.35317952190597, 97.35317952190597, 97.35317952190597, 97.35317952190597, 97.35317952190597, 97.35317952190597, 97.35317952190597, 97.35317952190597, 96.01037704574175, 96.00094299080948, 96.30603073336505, 96.25500091180808, 96.25500091180808, 96.25500091180808, 96.25500091180808, 96.25500091180808, 96.25500091180808, 96.25500091180808, 96.25500091180808, 96.54347743801729, 96.55296480804853, 96.45079235851621, 96.39971289744987, 96.39971289744987, 96.39971289744987, 96.39971289744987, 96.39971289744987, 96.39971289744987, 96.39971289744987, 96.39971289744987, 96.11166594656108, 96.11166594656108, 95.9086846034849, 95.9891733405638, 95.9891733405638, 95.9891733405638, 95.9891733405638, 95.9891733405638, 95.9891733405638, 95.9891733405638, 95.9891733405638, 95.9891733405638, 95.99860531200338, 95.79629002156715, 95.88946883403835, 95.88946883403835, 95.88946883403835, 95.88946883403835, 95.88946883403835, 95.88946883403835, 95.88946883403835, 95.88946883403835, 95.31470678308509, 95.29597722781232, 95.39650041054209, 95.52742933039539, 95.52742933039539, 95.52742933039539, 95.52742933039539, 95.52742933039539, 95.52742933039539, 95.52742933039539, 95.52742933039539, 95.91145919705028, 95.91145919705028, 96.11423183805883, 96.0929600976556, 96.0929600976556, 96.0929600976556, 96.0929600976556, 96.0929600976556, 96.0929600976556, 96.0929600976556, 96.0929600976556, 94.84250115744587, 94.84250115744587, 94.84250115744587, 94.98545022382376, 94.98545022382376, 94.98545022382376, 94.98545022382376, 94.98545022382376, 94.98545022382376, 94.98545022382376, 94.98545022382376, 96.0451256320003, 96.06400242556005, 95.65952241534717, 95.71892772557672, 95.71892772557672, 95.71892772557672, 95.71892772557672, 95.71892772557672, 95.71892772557672, 95.71892772557672, 95.71892772557672, 95.14288603414897, 95.12419024204166, 95.32487418769998, 95.40951712340208, 95.40951712340208, 95.40951712340208, 95.40951712340208, 95.40951712340208, 95.40951712340208, 95.40951712340208, 95.40951712340208, 95.12068912000127, 95.13003667199811, 95.23049077619238, 95.2939523853995, 95.2939523853995, 95.2939523853995, 95.2939523853995, 95.2939523853995, 95.2939523853995, 95.2939523853995, 95.2939523853995, 95.19750101658835, 95.19750101658835, 95.2981326244283, 95.37864238520484, 95.37864238520484, 95.37864238520484, 95.37864238520484, 95.37864238520484, 95.37864238520484, 95.37864238520484, 95.37864238520484, 96.53826113760854, 96.52877521237151, 96.32512800728212, 96.31656272824893, 96.31656272824893, 96.31656272824893, 96.31656272824893, 96.31656272824893, 96.31656272824893, 96.31656272824893, 96.31656272824893, 95.3524329712094, 95.36180329677653, 95.46250213869497, 95.39040375421064, 95.39040375421064, 95.39040375421064, 95.39040375421064, 95.39040375421064, 95.39040375421064, 95.39040375421064, 95.39040375421064, 97.6087852368667, 97.58960300531773, 97.48666038611383, 97.5950559789644, 97.5950559789644, 97.5950559789644, 97.5950559789644, 97.5950559789644, 97.5950559789644, 97.5950559789644, 97.5950559789644, 97.20930476956141, 97.24751972966737, 97.04278810918387, 97.0255268519606, 97.0255268519606, 97.0255268519606, 97.0255268519606, 97.0255268519606, 97.0255268519606, 97.0255268519606, 97.0255268519606, 97.98808168184115, 97.98808168184115, 98.19480759256234, 98.20354145430676, 98.20354145430676, 98.20354145430676, 98.20354145430676, 98.20354145430676, 98.20354145430676, 98.20354145430676, 98.20354145430676, 97.38357082330322, 97.37400371741627, 97.37400371741627, 97.29611836072797, 97.29611836072797, 97.29611836072797, 97.29611836072797, 97.29611836072797, 97.29611836072797, 97.29611836072797, 97.29611836072797, 97.77802087861171, 97.77802087861171, 98.19233452640243, 98.28842167877238, 98.28842167877238, 98.28842167877238, 98.28842167877238, 98.28842167877238, 98.28842167877238, 98.28842167877238, 98.28842167877238, 95.52723881248848, 95.50846749419166, 95.20590635112664, 95.09592973991597, 95.09592973991597, 95.09592973991597, 95.09592973991597, 95.09592973991597, 95.09592973991597, 95.09592973991597, 95.09592973991597, 96.25328385439772, 96.25328385439772, 96.15175085455132, 96.01098479367558, 96.01098479367558, 96.01098479367558, 96.01098479367558, 96.01098479367558, 96.01098479367558, 96.01098479367558, 96.01098479367558, 96.34769666419449, 96.34769666419449, 96.14485940805935, 96.01281569719411, 96.01281569719411, 96.01281569719411, 96.01281569719411, 96.01281569719411, 96.01281569719411, 96.01281569719411, 96.01281569719411, 95.82107767283625, 95.83049405232454, 96.0326680904096, 96.10504917476061, 96.10504917476061, 96.10504917476061, 96.10504917476061, 96.10504917476061, 96.10504917476061, 96.10504917476061, 96.10504917476061, 96.3935085519735, 96.38403685023901, 96.18112308844906, 96.21098240464646, 96.21098240464646, 96.21098240464646, 96.21098240464646, 96.21098240464646, 96.21098240464646, 96.21098240464646, 96.21098240464646, 95.20328632958531, 95.18457499186329, 95.38538633150857, 95.48702233186181, 95.48702233186181, 95.48702233186181, 95.48702233186181, 95.48702233186181, 95.48702233186181, 95.48702233186181, 95.48702233186181, 96.11269334512502, 96.14103402529362, 96.14103402529362, 96.08557706818624, 96.08557706818624, 96.08557706818624, 96.08557706818624, 96.08557706818624, 96.08557706818624, 96.08557706818624, 96.08557706818624, 96.61484163891735, 96.60534818882019, 96.60534818882019, 96.5539372979485, 96.5539372979485, 96.5539372979485, 96.5539372979485, 96.5539372979485, 96.5539372979485, 96.5539372979485, 96.5539372979485, 96.07309099666391, 96.08253214161245, 96.183992048837, 96.07747128152853, 96.07747128152853, 96.07747128152853, 96.07747128152853, 96.07747128152853, 96.07747128152853, 96.07747128152853, 96.07747128152853, 96.17364492645498, 96.15474473093047, 96.15474473093047, 96.20162245960312, 96.20162245960312, 96.20162245960312, 96.20162245960312, 96.20162245960312, 96.20162245960312, 96.20162245960312, 96.20162245960312, 96.00921921468391, 96.03752660118454, 95.93622119337739, 95.9830151998126, 95.9830151998126, 95.9830151998126, 95.9830151998126, 95.9830151998126, 95.9830151998126, 95.9830151998126, 95.9830151998126, 96.41580434650514, 96.40633138478904, 96.81483278896187, 96.55793866339415, 96.55793866339415, 96.55793866339415, 96.55793866339415, 96.55793866339415, 96.55793866339415, 96.55793866339415, 96.55793866339415, 96.8950486736903, 96.90456965715043, 96.19128681004206, 95.98329188247081, 95.98329188247081, 95.98329188247081, 95.98329188247081, 95.98329188247081, 95.98329188247081, 95.98329188247081, 95.98329188247081, 95.22000526710325, 95.20129432089239, 95.40192929311765, 95.47355236315754, 95.47355236315754, 95.47355236315754, 95.47355236315754, 95.47355236315754, 95.47355236315754, 95.47355236315754, 95.47355236315754, 95.85621189166719, 95.87505155595407, 96.17909505983128, 96.1578625340995, 96.1578625340995, 96.1578625340995, 96.1578625340995, 96.1578625340995, 96.1578625340995, 96.1578625340995, 96.1578625340995, 96.733658118136, 96.70514554451111, 96.19670629348846, 96.2434491050985, 96.2434491050985, 96.2434491050985, 96.2434491050985, 96.2434491050985, 96.2434491050985, 96.2434491050985, 96.2434491050985, 94.66803550367575, 94.66803550367575, 94.96761789451016, 94.95503440201054, 94.95503440201054, 94.95503440201054, 94.95503440201054, 94.95503440201054, 94.95503440201054, 94.95503440201054, 94.95503440201054, 95.19445708078516, 95.20381280138278, 95.30434481067677, 95.31276429429447, 95.31276429429447, 95.31276429429447, 95.31276429429447, 95.31276429429447, 95.31276429429447, 95.31276429429447, 95.31276429429447, 96.511365454937, 96.48291281181939, 96.68710945269096, 96.61882458174667, 96.61882458174667, 96.61882458174667, 96.61882458174667, 96.61882458174667, 96.61882458174667, 96.61882458174667, 96.61882458174667, 95.65887600169951, 95.68708563779555, 95.18346939759664, 95.25494739829277, 95.25494739829277, 95.25494739829277, 95.25494739829277, 95.25494739829277, 95.25494739829277, 95.25494739829277, 95.25494739829277, 95.11156313226424, 95.10221647708221, 94.20970349658823, 94.10993150453463, 94.10993150453463, 94.10993150453463, 94.10993150453463, 94.10993150453463, 94.10993150453463, 94.10993150453463, 94.10993150453463, 93.73160012160183, 93.71317621985803, 93.71317621985803, 93.80009714652283, 93.80009714652283, 93.80009714652283, 93.80009714652283, 93.80009714652283, 93.80009714652283, 93.80009714652283, 93.80009714652283, 93.56346723444784, 93.5726644690133, 94.75837933028906, 94.63716217102225, 94.63716217102225, 94.63716217102225, 94.63716217102225, 94.63716217102225, 94.63716217102225, 94.63716217102225, 94.63716217102225, 95.11585292555449, 95.11585292555449, 95.11585292555449, 95.08229940128408, 95.08229940128408, 95.08229940128408, 95.08229940128408, 95.08229940128408, 95.08229940128408, 95.08229940128408, 95.08229940128408, 95.0344472123554, 95.0344472123554, 94.13977145408006, 94.1563789819012, 94.1563789819012, 94.1563789819012, 94.1563789819012, 94.1563789819012, 94.1563789819012, 94.1563789819012, 94.1563789819012, 94.06155886208055, 94.0708041499577, 95.06521011348791, 95.00236123730554, 95.00236123730554, 95.00236123730554, 95.00236123730554, 95.00236123730554, 95.00236123730554, 95.00236123730554, 95.00236123730554, 94.66717145471422, 94.66717145471422, 94.56720612054875, 94.55887090340357, 94.55887090340357, 94.55887090340357, 94.55887090340357, 94.55887090340357, 94.55887090340357, 94.55887090340357, 94.55887090340357, 95.32414249392177, 95.33351096001455, 94.83280974698924, 94.82863061735121, 94.82863061735121, 94.82863061735121, 94.82863061735121, 94.82863061735121, 94.82863061735121, 94.82863061735121, 94.82863061735121, 95.01895401046178, 95.01895401046178, 94.12907827050948, 94.05447133925146, 94.05447133925146, 94.05447133925146, 94.05447133925146, 94.05447133925146, 94.05447133925146, 94.05447133925146, 94.05447133925146, 93.44219886683773, 93.44219886683773, 94.1278334497181, 94.05742498539612, 94.05742498539612, 94.05742498539612, 94.05742498539612, 94.05742498539612, 94.05742498539612, 94.05742498539612, 94.05742498539612, 93.58334522236488, 93.56495226929445, 93.36920969132518, 93.47203015834499, 93.47203015834499, 93.47203015834499, 93.47203015834499, 93.47203015834499, 93.47203015834499, 93.47203015834499, 93.47203015834499, 93.66143650111775, 93.67064246106477, 94.06421658905245, 94.02280050214284, 94.02280050214284, 94.02280050214284, 94.02280050214284, 94.02280050214284, 94.02280050214284, 94.02280050214284, 94.02280050214284, 94.35554044325256, 94.36481371504058, 93.77380235565622, 93.80684456931218, 93.80684456931218, 93.80684456931218, 93.80684456931218, 93.80684456931218, 93.80684456931218, 93.80684456931218, 93.80684456931218, 93.94861813793078, 93.93938576586534, 94.63084286403681, 94.54339522046608, 94.54339522046608, 94.54339522046608, 94.54339522046608, 94.54339522046608, 94.54339522046608, 94.54339522046608, 94.54339522046608, 94.21049594152078, 94.20123692472062, 94.59913021690527, 94.66578159228379, 94.66578159228379, 94.66578159228379, 94.66578159228379, 94.66578159228379, 94.66578159228379, 94.66578159228379, 94.66578159228379, 94.8091421903539, 94.81846095801562, 94.32046483953866, 94.35370406770994, 94.35370406770994, 94.35370406770994, 94.35370406770994, 94.35370406770994, 94.35370406770994, 94.35370406770994, 94.35370406770994, 94.63904793081792, 94.65765020068146, 95.15742660089624, 95.1197155996013, 95.1197155996013, 95.1197155996013, 95.1197155996013, 95.1197155996013, 95.1197155996013, 95.1197155996013, 95.1197155996013, 94.4027328186998, 94.38418064559994, 93.20314814534217, 93.14572673740189, 93.14572673740189, 93.14572673740189, 93.14572673740189, 93.14572673740189, 93.14572673740189, 93.14572673740189, 93.14572673740189, 93.75883785010379, 93.78648173349939, 95.07530230700412, 95.0209425000819, 95.0209425000819, 95.0209425000819, 95.0209425000819, 95.0209425000819, 95.0209425000819, 95.0209425000819, 95.0209425000819, 94.68636171663091, 94.64914954853633, 94.74930737874642, 94.74097373985477, 94.74097373985477, 94.74097373985477, 94.74097373985477, 94.74097373985477, 94.74097373985477, 94.74097373985477, 94.74097373985477, 95.60182054819266, 95.61121722801852, 94.51108815949529, 94.41144109558331, 94.41144109558331, 94.41144109558331, 94.41144109558331, 94.41144109558331, 94.41144109558331, 94.41144109558331, 94.41144109558331, 93.98637707864471, 93.97714008826843, 94.97055594543829, 95.1293625956441, 95.1293625956441, 95.1293625956441, 95.1293625956441, 95.1293625956441, 95.1293625956441, 95.1293625956441, 95.1293625956441, 95.0815588958473, 95.0815588958473, 93.50016082689349, 93.50016082689349, 93.50016082689349, 93.50016082689349, 93.50016082689349, 93.50016082689349, 93.50016082689349, 93.50016082689349, 93.50016082689349, 93.5471694547602, 93.55636418342688, 95.34027790726343, 95.34027790726343, 95.34027790726343, 95.34027790726343, 95.34027790726343, 95.34027790726343, 95.34027790726343, 95.34027790726343, 95.34027790726343, 99.07723352372903, 99.0967081642251, 98.6785785939119, 98.7959599324455, 98.7959599324455, 98.7959599324455, 98.7959599324455, 98.7959599324455, 98.7959599324455, 98.7959599324455, 98.7959599324455, 94.01859243087655, 93.99087740903391, 94.18958962342931, 94.17299380110116, 94.17299380110116, 94.17299380110116, 94.17299380110116, 94.17299380110116, 94.17299380110116, 94.17299380110116, 94.17299380110116, 94.50795871807662, 94.50795871807662, 93.32414295125315, 93.14771128948554, 93.14771128948554, 93.14771128948554, 93.14771128948554, 93.14771128948554, 93.14771128948554, 93.14771128948554, 93.14771128948554, 93.85516226130441, 93.86438726250958, 95.25644385326716, 95.29834244304206, 95.29834244304206, 95.29834244304206, 95.29834244304206, 95.29834244304206, 95.29834244304206, 95.29834244304206, 95.29834244304206, 95.48989690021402, 95.48989690021402, 95.3888493902667, 95.3343366840036, 95.3343366840036, 95.3343366840036, 95.3343366840036, 95.3343366840036, 95.3343366840036, 95.3343366840036, 95.3343366840036, 95.57338968471572, 95.57338968471572, 95.67463268226307, 95.83894245700473, 95.83894245700473, 95.83894245700473, 95.83894245700473, 95.83894245700473, 95.83894245700473, 95.83894245700473, 95.83894245700473, 96.17454655765457, 96.1839986015423, 96.08221659244015, 95.88376940577093, 95.88376940577093, 95.88376940577093, 95.88376940577093, 95.88376940577093, 95.88376940577093, 95.88376940577093, 95.88376940577093, 95.40578451341915, 95.4245356503125, 94.92230125215293, 94.9682078388214, 94.9682078388214, 94.9682078388214, 94.9682078388214, 94.9682078388214, 94.9682078388214, 94.9682078388214, 94.9682078388214, 94.39725668948981, 94.3694327781056, 94.76845786384811, 94.75179454539652, 94.75179454539652, 94.75179454539652, 94.75179454539652, 94.75179454539652, 94.75179454539652, 94.75179454539652, 94.75179454539652, 94.56076270155499, 94.54217581945149, 94.64222044994828, 94.58401234529164, 94.58401234529164, 94.58401234529164, 94.58401234529164, 94.58401234529164, 94.58401234529164, 94.58401234529164, 94.58401234529164, 94.58401234529164, 94.56541723817567, 94.86658098734185, 94.89993333398645, 94.89993333398645, 94.89993333398645, 94.89993333398645, 94.89993333398645, 94.89993333398645, 94.89993333398645, 94.89993333398645, 95.47508444510153, 95.50324541780188, 95.20006051171363, 95.17496493757058, 95.17496493757058, 95.17496493757058, 95.17496493757058, 95.17496493757058, 95.17496493757058, 95.17496493757058, 95.17496493757058, 94.4105073878712, 94.42906655975797, 94.32924725049817, 94.48283738200091, 94.48283738200091, 94.48283738200091, 94.48283738200091, 94.48283738200091, 94.48283738200091, 94.48283738200091, 94.48283738200091, 94.72191338752215, 94.69398829513196, 95.09608590997328, 95.09608590997328, 95.09608590997328, 95.09608590997328, 95.09608590997328, 95.09608590997328, 95.09608590997328, 95.09608590997328, 95.09608590997328, 93.94398794841885, 93.96245722748075, 93.56515296859077, 93.54868602861039, 93.54868602861039, 93.54868602861039, 93.54868602861039, 93.54868602861039, 93.54868602861039, 93.54868602861039, 93.54868602861039, 94.79154031412081, 94.77290807032442, 94.97369812979541, 94.9569862349987, 94.9569862349987, 94.9569862349987, 94.9569862349987, 94.9569862349987, 94.9569862349987, 94.9569862349987, 94.9569862349987, 94.52601655465831, 94.51672470205293, 94.6169545267635, 94.54624863960558, 94.54624863960558, 94.54624863960558, 94.54624863960558, 94.54624863960558, 94.54624863960558, 94.54624863960558, 94.54624863960558, 94.83362325553144, 94.85226926875511, 94.75179016995347, 94.80179771193524, 94.80179771193524, 94.80179771193524, 94.80179771193524, 94.80179771193524, 94.80179771193524, 94.80179771193524, 94.80179771193524, 94.37088044960825, 94.35232906756586, 94.5526524838452, 94.59425615018206, 94.59425615018206, 94.59425615018206, 94.59425615018206, 94.59425615018206, 94.59425615018206, 94.59425615018206, 94.59425615018206, 94.59425615018206, 94.60355562483309, 94.40312436291607, 94.46547232282468, 94.46547232282468, 94.46547232282468, 94.46547232282468, 94.46547232282468, 94.46547232282468, 94.46547232282468, 94.46547232282468, 95.42402607546623, 95.44278632830718, 95.84892584459782, 95.85314621912315, 95.85314621912315, 95.85314621912315, 95.85314621912315, 95.85314621912315, 95.85314621912315, 95.85314621912315, 95.85314621912315, 96.71972413571993, 96.71021851172625, 96.096834461969, 96.26213864969029, 96.26213864969029, 96.26213864969029, 96.26213864969029, 96.26213864969029, 96.26213864969029, 96.26213864969029, 96.26213864969029, 96.21422319988953, 96.21422319988953, 96.41806689310967, 96.37555826649246, 96.37555826649246, 96.37555826649246, 96.37555826649246, 96.37555826649246, 96.37555826649246, 96.37555826649246, 96.37555826649246, 96.13557928674523, 96.14502842958844, 96.2469849814756, 96.1240858328488, 96.1240858328488, 96.1240858328488, 96.1240858328488, 96.1240858328488, 96.1240858328488, 96.1240858328488, 96.1240858328488, 95.88413554370041, 95.86528853917095, 95.96705636139936, 95.95015703384287, 95.95015703384287, 95.95015703384287, 95.95015703384287, 95.95015703384287, 95.95015703384287, 95.95015703384287, 95.95015703384287, 96.67050355812097, 96.68950886698916, 96.3825580451892, 96.47174610013542, 96.47174610013542, 96.47174610013542, 96.47174610013542, 96.47174610013542, 96.47174610013542, 96.47174610013542, 96.47174610013542, 96.56759482949471, 96.56759482949471, 96.66989101045813, 96.66137233835641, 96.66137233835641, 96.66137233835641, 96.66137233835641, 96.66137233835641, 96.66137233835641, 96.66137233835641, 96.66137233835641, 96.42151781642502, 96.39308886768308, 96.29108559904003, 96.29957163813398, 96.29957163813398, 96.29957163813398, 96.29957163813398, 96.29957163813398, 96.29957163813398, 96.29957163813398, 96.29957163813398, 96.29957163813398, 96.32797300609649, 94.92172522498555, 94.97194393156786, 94.97194393156786, 94.97194393156786, 94.97194393156786, 94.97194393156786, 94.97194393156786, 94.97194393156786, 94.97194393156786]
Discharging samples: []
====================================

====================================
TIME: 2026-08-18 10:26:06
FINISH CYCLE - DUT 2
Charging samples: []
Discharging samples: [0.021558724567763334, 0.021558724567763334, 0.021558724567763334, 0.021558724567763334, 0.021558724567763334, 0.021558724567763334, 0.021558724567763334, 0.021558724567763334, 0.06693757837823022, 7.764759091874705, 55.57131506929935, 55.0644685355058, 55.0644685355058, 55.0644685355058, 55.0644685355058, 55.0644685355058, 55.0644685355058, 55.0644685355058, 55.0644685355058, 54.94044946222763, 59.891978998400184, 67.13166876743757, 67.34531505292321, 67.34531505292321, 67.34531505292321, 67.34531505292321, 67.34531505292321, 67.34531505292321, 67.34531505292321, 67.34531505292321, 67.34531505292321, 67.63580526882367, 62.170285651140944, 62.1579220664435, 62.1579220664435, 62.1579220664435, 62.1579220664435, 62.1579220664435, 62.1579220664435, 62.1579220664435, 62.1579220664435, 62.1579220664435, 62.20241592619041, 60.970684917750994, 60.96462300833384, 60.96462300833384, 60.96462300833384, 60.96462300833384, 60.96462300833384, 60.96462300833384, 60.96462300833384, 60.96462300833384, 60.96462300833384, 60.92101455124633, 60.92101455124633, 60.92707212453372, 60.92707212453372, 60.92707212453372, 60.92707212453372, 60.92707212453372, 60.92707212453372, 60.92707212453372, 60.92707212453372, 60.92707212453372, 60.92707212453372, 59.74402218036802, 59.74402218036802, 59.74402218036802, 59.74402218036802, 59.74402218036802, 59.74402218036802, 59.74402218036802, 59.74402218036802, 59.74402218036802, 59.74402218036802, 59.74402218036802, 59.1695604286337, 59.1695604286337, 59.1695604286337, 59.1695604286337, 59.1695604286337, 59.1695604286337, 59.1695604286337, 59.1695604286337, 59.1695604286337, 59.1695604286337, 59.25426989238265, 61.014297710968265, 61.014297710968265, 61.014297710968265, 61.014297710968265, 61.014297710968265, 61.014297710968265, 61.014297710968265, 61.014297710968265, 61.014297710968265, 61.014297710968265, 60.92707212453372, 61.53634284577906, 61.53634284577906, 61.53634284577906, 61.53634284577906, 61.53634284577906, 61.53634284577906, 61.53634284577906, 61.53634284577906, 61.53634284577906, 61.53634284577906, 61.580391766928514, 59.21191516050818, 59.21191516050818, 59.21191516050818, 59.21191516050818, 59.21191516050818, 59.21191516050818, 59.21191516050818, 59.21191516050818, 59.21191516050818, 59.21191516050818, 59.1695604286337, 59.74402218036802, 59.7380822298629, 59.7380822298629, 59.7380822298629, 59.7380822298629, 59.7380822298629, 59.7380822298629, 59.7380822298629, 59.7380822298629, 59.7380822298629, 59.82360561172384, 59.82360561172384, 59.829554066095106, 59.829554066095106, 59.829554066095106, 59.829554066095106, 59.829554066095106, 59.829554066095106, 59.829554066095106, 59.829554066095106, 59.829554066095106, 59.74402218036802, 60.92707212453372, 60.92707212453372, 60.92707212453372, 60.92707212453372, 60.92707212453372, 60.92707212453372, 60.92707212453372, 60.92707212453372, 60.92707212453372, 60.92707212453372, 60.92707212453372, 62.79218657732557, 62.79218657732557, 62.79218657732557, 62.79218657732557, 62.79218657732557, 62.79218657732557, 62.79218657732557, 62.79218657732557, 62.79218657732557, 62.79218657732557, 62.88208233477343, 58.68994351245519, 58.68994351245519, 58.68994351245519, 58.68994351245519, 58.68994351245519, 58.68994351245519, 58.68994351245519, 58.68994351245519, 58.68994351245519, 58.68994351245519, 58.5640894520282, 62.11342820669658, 62.11342820669658, 62.11342820669658, 62.11342820669658, 62.11342820669658, 62.11342820669658, 62.11342820669658, 62.11342820669658, 62.11342820669658, 62.11342820669658, 62.1579220664435, 62.1579220664435, 62.1579220664435, 62.1579220664435, 62.1579220664435, 62.1579220664435, 62.1579220664435, 62.1579220664435, 62.1579220664435, 62.1579220664435, 62.1579220664435, 62.1579220664435, 61.53634284577906, 61.53634284577906, 61.53634284577906, 61.53634284577906, 61.53634284577906, 61.53634284577906, 61.53634284577906, 61.53634284577906, 61.53634284577906, 61.53634284577906, 61.53634284577906, 62.79218657732557, 62.79218657732557, 62.79218657732557, 62.79218657732557, 62.79218657732557, 62.79218657732557, 62.79218657732557, 62.79218657732557, 62.79218657732557, 62.79218657732557, 62.7022908198777, 62.06893434694965, 62.062763245901046, 62.062763245901046, 62.062763245901046, 62.062763245901046, 62.062763245901046, 62.062763245901046, 62.062763245901046, 62.062763245901046, 62.062763245901046, 62.19623155395675, 61.57426923841718, 61.580391766928514, 61.580391766928514, 61.580391766928514, 61.580391766928514, 61.580391766928514, 61.580391766928514, 61.580391766928514, 61.580391766928514, 61.580391766928514, 61.580391766928514, 61.580391766928514, 61.580391766928514, 61.580391766928514, 61.580391766928514, 61.580391766928514, 61.580391766928514, 61.580391766928514, 61.580391766928514, 61.580391766928514, 61.580391766928514, 61.580391766928514, 60.37293310483187, 60.366930625899194, 60.366930625899194, 60.366930625899194, 60.366930625899194, 60.366930625899194, 60.366930625899194, 60.366930625899194, 60.366930625899194, 60.366930625899194, 60.323749702704696, 61.53022469675879, 61.53634284577906, 61.53634284577906, 61.53634284577906, 61.53634284577906, 61.53634284577906, 61.53634284577906, 61.53634284577906, 61.53634284577906, 61.53634284577906, 61.53634284577906, 59.74402218036802, 59.74402218036802, 59.74402218036802, 59.74402218036802, 59.74402218036802, 59.74402218036802, 59.74402218036802, 59.74402218036802, 59.74402218036802, 59.74402218036802, 59.78678812323156, 60.37293310483187, 60.37293310483187, 60.37293310483187, 60.37293310483187, 60.37293310483187, 60.37293310483187, 60.37293310483187, 60.37293310483187, 60.37293310483187, 60.37293310483187, 60.329747888018694, 64.77509773239902, 64.77509773239902, 64.77509773239902, 64.77509773239902, 64.77509773239902, 64.77509773239902, 64.77509773239902, 64.77509773239902, 64.77509773239902, 64.77509773239902, 64.77509773239902, 61.53634284577906, 61.53634284577906, 61.53634284577906, 61.53634284577906, 61.53634284577906, 61.53634284577906, 61.53634284577906, 61.53634284577906, 61.53634284577906, 61.53634284577906, 61.624440688077954, 60.416118321645065, 60.410111549093685, 60.410111549093685, 60.410111549093685, 60.410111549093685, 60.410111549093685, 60.410111549093685, 60.410111549093685, 60.410111549093685, 60.410111549093685, 60.323749702704696, 60.92101455124633, 60.92707212453372, 60.92707212453372, 60.92707212453372, 60.92707212453372, 60.92707212453372, 60.92707212453372, 60.92707212453372, 60.92707212453372, 60.92707212453372, 60.970684917750994, 59.78678812323156, 59.78084392079337, 59.78084392079337, 59.78084392079337, 59.78084392079337, 59.78084392079337, 59.78084392079337, 59.78084392079337, 59.78084392079337, 59.78084392079337, 59.7380822298629, 64.09398405912374, 64.09398405912374, 64.09398405912374, 64.09398405912374, 64.09398405912374, 64.09398405912374, 64.09398405912374, 64.09398405912374, 64.09398405912374, 64.09398405912374, 64.09398405912374, 59.7380822298629, 59.7380822298629, 59.7380822298629, 59.7380822298629, 59.7380822298629, 59.7380822298629, 59.7380822298629, 59.7380822298629, 59.7380822298629, 59.7380822298629, 59.7380822298629, 60.92101455124633, 60.92101455124633, 60.92101455124633, 60.92101455124633, 60.92101455124633, 60.92101455124633, 60.92101455124633, 60.92101455124633, 60.92101455124633, 60.92101455124633, 60.92101455124633, 58.60021399691313, 58.60021399691313, 58.60021399691313, 58.60021399691313, 58.60021399691313, 58.60021399691313, 58.60021399691313, 58.60021399691313, 58.60021399691313, 58.60021399691313, 58.60021399691313, 61.53022469675879, 61.53634284577906, 61.53634284577906, 61.53634284577906, 61.53634284577906, 61.53634284577906, 61.53634284577906, 61.53634284577906, 61.53634284577906, 61.53634284577906, 61.53634284577906, 60.92707212453372, 60.92101455124633, 60.92101455124633, 60.92101455124633, 60.92101455124633, 60.92101455124633, 60.92101455124633, 60.92101455124633, 60.92101455124633, 60.92101455124633, 60.96462300833384, 61.57426923841718, 61.57426923841718, 61.57426923841718, 61.57426923841718, 61.57426923841718, 61.57426923841718, 61.57426923841718, 61.57426923841718, 61.57426923841718, 61.57426923841718, 61.57426923841718, 65.504541742997, 65.504541742997, 65.504541742997, 65.504541742997, 65.504541742997, 65.504541742997, 65.504541742997, 65.504541742997, 65.504541742997, 65.504541742997, 65.45768584761575, 62.785943568121226, 62.785943568121226, 62.785943568121226, 62.785943568121226, 62.785943568121226, 62.785943568121226, 62.785943568121226, 62.785943568121226, 62.785943568121226, 62.785943568121226, 62.785943568121226, 62.785943568121226, 62.785943568121226, 62.785943568121226, 62.785943568121226, 62.785943568121226, 62.785943568121226, 62.785943568121226, 62.785943568121226, 62.785943568121226, 62.785943568121226, 62.785943568121226, 60.92101455124633, 60.92101455124633, 60.92101455124633, 60.92101455124633, 60.92101455124633, 60.92101455124633, 60.92101455124633, 60.92101455124633, 60.92101455124633, 60.92101455124633, 60.92101455124633, 62.785943568121226, 62.79218657732557, 62.79218657732557, 62.79218657732557, 62.79218657732557, 62.79218657732557, 62.79218657732557, 62.79218657732557, 62.79218657732557, 62.79218657732557, 62.79218657732557, 63.439528706988725, 63.439528706988725, 63.439528706988725, 63.439528706988725, 63.439528706988725, 63.439528706988725, 63.439528706988725, 63.439528706988725, 63.439528706988725, 63.439528706988725, 63.484939965905674, 61.580391766928514, 61.57426923841718, 61.57426923841718, 61.57426923841718, 61.57426923841718, 61.57426923841718, 61.57426923841718, 61.57426923841718, 61.57426923841718, 61.57426923841718, 61.53022469675879, 58.60021399691313, 58.606040805503866, 58.606040805503866, 58.606040805503866, 58.606040805503866, 58.606040805503866, 58.606040805503866, 58.606040805503866, 58.606040805503866, 58.606040805503866, 58.606040805503866, 62.79218657732557, 62.785943568121226, 62.785943568121226, 62.785943568121226, 62.785943568121226, 62.785943568121226, 62.785943568121226, 62.785943568121226, 62.785943568121226, 62.785943568121226, 62.83088697797671, 55.472314629204654, 55.472314629204654, 55.472314629204654, 55.472314629204654, 55.472314629204654, 55.472314629204654, 55.472314629204654, 55.472314629204654, 55.472314629204654, 55.472314629204654, 55.43263486194485, 60.92101455124633, 60.92707212453372, 60.92707212453372, 60.92707212453372, 60.92707212453372, 60.92707212453372, 60.92707212453372, 60.92707212453372, 60.92707212453372, 60.92707212453372, 60.92707212453372, 60.329747888018694, 60.329747888018694, 60.329747888018694, 60.329747888018694, 60.329747888018694, 60.329747888018694, 60.329747888018694, 60.329747888018694, 60.329747888018694, 60.329747888018694, 60.329747888018694, 58.606040805503866, 58.60021399691313, 58.60021399691313, 58.60021399691313, 58.60021399691313, 58.60021399691313, 58.60021399691313, 58.60021399691313, 58.60021399691313, 58.60021399691313, 58.642161179444926, 60.96462300833384, 60.970684917750994, 60.970684917750994, 60.970684917750994, 60.970684917750994, 60.970684917750994, 60.970684917750994, 60.970684917750994, 60.970684917750994, 60.970684917750994, 61.014297710968265, 61.624440688077954, 61.624440688077954, 61.624440688077954, 61.624440688077954, 61.624440688077954, 61.624440688077954, 61.624440688077954, 61.624440688077954, 61.624440688077954, 61.624440688077954, 61.580391766928514, 58.094709214083494, 58.08893324378979, 58.08893324378979, 58.08893324378979, 58.08893324378979, 58.08893324378979, 58.08893324378979, 58.08893324378979, 58.08893324378979, 58.08893324378979, 58.04738178939509, 59.7380822298629, 59.7380822298629, 59.7380822298629, 59.7380822298629, 59.7380822298629, 59.7380822298629, 59.7380822298629, 59.7380822298629, 59.7380822298629, 59.7380822298629, 59.82360561172384, 63.52403482482018, 63.52403482482018, 63.52403482482018, 63.52403482482018, 63.52403482482018, 63.52403482482018, 63.52403482482018, 63.52403482482018, 63.52403482482018, 63.52403482482018, 63.43322133686474, 56.44974742821908, 56.44974742821908, 56.44974742821908, 56.44974742821908, 56.44974742821908, 56.44974742821908, 56.44974742821908, 56.44974742821908, 56.44974742821908, 56.44974742821908, 56.44974742821908, 62.15174211793818, 62.1579220664435, 62.1579220664435, 62.1579220664435, 62.1579220664435, 62.1579220664435, 62.1579220664435, 62.1579220664435, 62.1579220664435, 62.1579220664435, 62.20241592619041, 62.83713445604949, 62.83088697797671, 62.83088697797671, 62.83088697797671, 62.83088697797671, 62.83088697797671, 62.83088697797671, 62.83088697797671, 62.83088697797671, 62.83088697797671, 62.83088697797671, 59.20602811386267, 59.21191516050818, 59.21191516050818, 59.21191516050818, 59.21191516050818, 59.21191516050818, 59.21191516050818, 59.21191516050818, 59.21191516050818, 59.21191516050818, 59.21191516050818, 66.93520844231358, 66.92855352001867, 66.92855352001867, 66.92855352001867, 66.92855352001867, 66.92855352001867, 66.92855352001867, 66.92855352001867, 66.92855352001867, 66.92855352001867, 66.92855352001867, 59.78084392079337, 59.78678812323156, 59.78678812323156, 59.78678812323156, 59.78678812323156, 59.78678812323156, 59.78678812323156, 59.78678812323156, 59.78678812323156, 59.78678812323156, 59.74402218036802, 62.79218657732557, 62.785943568121226, 62.785943568121226, 62.785943568121226, 62.785943568121226, 62.785943568121226, 62.785943568121226, 62.785943568121226, 62.785943568121226, 62.785943568121226, 62.83088697797671, 61.57426923841718, 61.57426923841718, 61.57426923841718, 61.57426923841718, 61.57426923841718, 61.57426923841718, 61.57426923841718, 61.57426923841718, 61.57426923841718, 61.57426923841718, 61.53022469675879, 59.7380822298629, 59.7380822298629, 59.7380822298629, 59.7380822298629, 59.7380822298629, 59.7380822298629, 59.7380822298629, 59.7380822298629, 59.7380822298629, 59.7380822298629, 59.82360561172384, 59.82360561172384, 59.829554066095106, 59.829554066095106, 59.829554066095106, 59.829554066095106, 59.829554066095106, 59.829554066095106, 59.829554066095106, 59.829554066095106, 59.829554066095106, 59.872320008958646, 59.29662462425712, 59.29662462425712, 59.29662462425712, 59.29662462425712, 59.29662462425712, 59.29662462425712, 59.29662462425712, 59.29662462425712, 59.29662462425712, 59.29662462425712, 59.21191516050818, 62.20241592619041, 62.20241592619041, 62.20241592619041, 62.20241592619041, 62.20241592619041, 62.20241592619041, 62.20241592619041, 62.20241592619041, 62.20241592619041, 62.20241592619041, 62.1579220664435, 59.1695604286337, 59.1695604286337, 59.1695604286337, 59.1695604286337, 59.1695604286337, 59.1695604286337, 59.1695604286337, 59.1695604286337, 59.1695604286337, 59.1695604286337, 59.1695604286337, 60.329747888018694, 60.329747888018694, 60.329747888018694, 60.329747888018694, 60.329747888018694, 60.329747888018694, 60.329747888018694, 60.329747888018694, 60.329747888018694, 60.329747888018694, 60.329747888018694, 64.77509773239902, 64.77509773239902, 64.77509773239902, 64.77509773239902, 64.77509773239902, 64.77509773239902, 64.77509773239902, 64.77509773239902, 64.77509773239902, 64.77509773239902, 64.82146501781949, 58.094709214083494, 58.094709214083494, 58.094709214083494, 58.094709214083494, 58.094709214083494, 58.094709214083494, 58.094709214083494, 58.094709214083494, 58.094709214083494, 58.094709214083494, 58.053153628093455, 62.1579220664435, 62.1579220664435, 62.1579220664435, 62.1579220664435, 62.1579220664435, 62.1579220664435, 62.1579220664435, 62.1579220664435, 62.1579220664435, 62.1579220664435, 62.1579220664435, 59.1695604286337, 59.1695604286337, 59.1695604286337, 59.1695604286337, 59.1695604286337, 59.1695604286337, 59.1695604286337, 59.1695604286337, 59.1695604286337, 59.1695604286337, 59.25426989238265, 61.624440688077954, 61.624440688077954, 61.624440688077954, 61.624440688077954, 61.624440688077954, 61.624440688077954, 61.624440688077954, 61.624440688077954, 61.624440688077954, 61.624440688077954, 61.53634284577906, 62.79218657732557, 62.79218657732557, 62.79218657732557, 62.79218657732557, 62.79218657732557, 62.79218657732557, 62.79218657732557, 62.79218657732557, 62.79218657732557, 62.79218657732557, 62.83713445604949, 60.37293310483187, 60.37293310483187, 60.37293310483187, 60.37293310483187, 60.37293310483187, 60.37293310483187, 60.37293310483187, 60.37293310483187, 60.37293310483187, 60.37293310483187, 60.329747888018694, 58.606040805503866, 58.606040805503866, 58.606040805503866, 58.606040805503866, 58.606040805503866, 58.606040805503866, 58.606040805503866, 58.606040805503866, 58.606040805503866, 58.606040805503866, 58.64799215897952, 59.21191516050818, 59.21191516050818, 59.21191516050818, 59.21191516050818, 59.21191516050818, 59.21191516050818, 59.21191516050818, 59.21191516050818, 59.21191516050818, 59.21191516050818, 59.21191516050818, 57.01888126567454, 57.01888126567454, 57.01888126567454, 57.01888126567454, 57.01888126567454, 57.01888126567454, 57.01888126567454, 57.01888126567454, 57.01888126567454, 57.01888126567454, 56.93730918947186, 61.492293924629614, 61.492293924629614, 61.492293924629614, 61.492293924629614, 61.492293924629614, 61.492293924629614, 61.492293924629614, 61.492293924629614, 61.492293924629614, 61.492293924629614, 61.580391766928514, 57.551768006475235, 57.551768006475235, 57.551768006475235, 57.551768006475235, 57.551768006475235, 57.551768006475235, 57.551768006475235, 57.551768006475235, 57.551768006475235, 57.551768006475235, 57.551768006475235, 59.21191516050818, 59.21191516050818, 59.21191516050818, 59.21191516050818, 59.21191516050818, 59.21191516050818, 59.21191516050818, 59.21191516050818, 59.21191516050818, 59.21191516050818, 59.1695604286337, 58.053153628093455, 58.053153628093455, 58.053153628093455, 58.053153628093455, 58.053153628093455, 58.053153628093455, 58.053153628093455, 58.053153628093455, 58.053153628093455, 58.053153628093455, 58.13626480007355, 59.829554066095106, 59.829554066095106, 59.829554066095106, 59.829554066095106, 59.829554066095106, 59.829554066095106, 59.829554066095106, 59.829554066095106, 59.829554066095106, 59.829554066095106, 59.74402218036802, 59.1695604286337, 59.1695604286337, 59.1695604286337, 59.1695604286337, 59.1695604286337, 59.1695604286337, 59.1695604286337, 59.1695604286337, 59.1695604286337, 59.1695604286337, 59.21191516050818, 59.78678812323156, 59.78678812323156, 59.78678812323156, 59.78678812323156, 59.78678812323156, 59.78678812323156, 59.78678812323156, 59.78678812323156, 59.78678812323156, 59.78678812323156, 59.74402218036802, 60.329747888018694, 60.329747888018694, 60.329747888018694, 60.329747888018694, 60.329747888018694, 60.329747888018694, 60.329747888018694, 60.329747888018694, 60.329747888018694, 60.329747888018694, 60.37293310483187, 62.83713445604949, 62.843383176659685, 62.843383176659685, 62.843383176659685, 62.843383176659685, 62.843383176659685, 62.843383176659685, 62.843383176659685, 62.843383176659685, 62.843383176659685, 62.79843082817852, 57.5163198239392, 57.51060079044772, 57.51060079044772, 57.51060079044772, 57.51060079044772, 57.51060079044772, 57.51060079044772, 57.51060079044772, 57.51060079044772, 57.51060079044772, 57.469433574420194, 62.747238698601635, 62.747238698601635, 62.747238698601635, 62.747238698601635, 62.747238698601635, 62.747238698601635, 62.747238698601635, 62.747238698601635, 62.747238698601635, 62.747238698601635, 62.79218657732557, 60.92707212453372, 60.92707212453372, 60.92707212453372, 60.92707212453372, 60.92707212453372, 60.92707212453372, 60.92707212453372, 60.92707212453372, 60.92707212453372, 60.92707212453372, 60.970684917750994, 62.20241592619041, 62.20241592619041, 62.20241592619041, 62.20241592619041, 62.20241592619041, 62.20241592619041, 62.20241592619041, 62.20241592619041, 62.20241592619041, 62.20241592619041, 62.20241592619041, 65.51105507120054, 65.51105507120054, 65.51105507120054, 65.51105507120054, 65.51105507120054, 65.51105507120054, 65.51105507120054, 65.51105507120054, 65.51105507120054, 65.51105507120054, 65.51105507120054, 58.64799215897952, 58.642161179444926, 58.642161179444926, 58.642161179444926, 58.642161179444926, 58.642161179444926, 58.642161179444926, 58.642161179444926, 58.642161179444926, 58.642161179444926, 58.642161179444926, 58.08893324378979, 58.094709214083494, 58.094709214083494, 58.094709214083494, 58.094709214083494, 58.094709214083494, 58.094709214083494, 58.094709214083494, 58.094709214083494, 58.094709214083494, 58.01159804210341, 64.05447283815585, 64.0481043282296, 64.0481043282296, 64.0481043282296, 64.0481043282296, 64.0481043282296, 64.0481043282296, 64.0481043282296, 64.0481043282296, 64.0481043282296, 64.09398405912374, 58.60021399691313, 58.60021399691313, 58.60021399691313, 58.60021399691313, 58.60021399691313, 58.60021399691313, 58.60021399691313, 58.60021399691313, 58.60021399691313, 58.60021399691313, 58.68410836197672, 59.82360561172384, 59.829554066095106, 59.829554066095106, 59.829554066095106, 59.829554066095106, 59.829554066095106, 59.829554066095106, 59.829554066095106, 59.829554066095106, 59.829554066095106, 59.78678812323156, 58.094709214083494, 58.08893324378979, 58.08893324378979, 58.08893324378979, 58.08893324378979, 58.08893324378979, 58.08893324378979, 58.08893324378979, 58.08893324378979, 58.08893324378979, 58.08893324378979, 59.78084392079337, 59.78084392079337, 59.78084392079337, 59.78084392079337, 59.78084392079337, 59.78084392079337, 59.78084392079337, 59.78084392079337, 59.78084392079337, 59.78084392079337, 59.78084392079337, 60.366930625899194, 60.37293310483187, 60.37293310483187, 60.37293310483187, 60.37293310483187, 60.37293310483187, 60.37293310483187, 60.37293310483187, 60.37293310483187, 60.37293310483187, 60.37293310483187, 64.14624142388386, 64.14624142388386, 64.14624142388386, 64.14624142388386, 64.14624142388386, 64.14624142388386, 64.14624142388386, 64.14624142388386, 64.14624142388386, 64.14624142388386, 64.10035713101986, 60.92707212453372, 60.92707212453372, 60.92707212453372, 60.92707212453372, 60.92707212453372, 60.92707212453372, 60.92707212453372, 60.92707212453372, 60.92707212453372, 60.92707212453372, 60.970684917750994, 57.551768006475235, 57.551768006475235, 57.551768006475235, 57.551768006475235, 57.551768006475235, 57.551768006475235, 57.551768006475235, 57.551768006475235, 57.551768006475235, 57.551768006475235, 57.51060079044772, 61.53634284577906, 61.53634284577906, 61.53634284577906, 61.53634284577906, 61.53634284577906, 61.53634284577906, 61.53634284577906, 61.53634284577906, 61.53634284577906, 61.53634284577906, 61.53634284577906, 64.77509773239902, 64.77509773239902, 64.77509773239902, 64.77509773239902, 64.77509773239902, 64.77509773239902, 64.77509773239902, 64.77509773239902, 64.77509773239902, 64.77509773239902, 64.72873044697855, 62.11342820669658, 62.11342820669658, 62.11342820669658, 62.11342820669658, 62.11342820669658, 62.11342820669658, 62.11342820669658, 62.11342820669658, 62.11342820669658, 62.11342820669658, 62.1579220664435, 59.1695604286337, 59.1695604286337, 59.1695604286337, 59.1695604286337, 59.1695604286337, 59.1695604286337, 59.1695604286337, 59.1695604286337, 59.1695604286337, 59.1695604286337, 59.1695604286337, 55.94212985979914, 55.94769291964995, 55.94769291964995, 55.94769291964995, 55.94769291964995, 55.94769291964995, 55.94769291964995, 55.94769291964995, 55.94769291964995, 55.94769291964995, 55.94769291964995, 60.33574726628916, 60.329747888018694, 60.329747888018694, 60.329747888018694, 60.329747888018694, 60.329747888018694, 60.329747888018694, 60.329747888018694, 60.329747888018694, 60.329747888018694, 60.2865626712055, 62.747238698601635, 62.747238698601635, 62.747238698601635, 62.747238698601635, 62.747238698601635, 62.747238698601635, 62.747238698601635, 62.747238698601635, 62.747238698601635, 62.747238698601635, 62.88208233477343, 61.014297710968265, 61.014297710968265, 61.014297710968265, 61.014297710968265, 61.014297710968265, 61.014297710968265, 61.014297710968265, 61.014297710968265, 61.014297710968265, 61.014297710968265, 60.92707212453372, 62.1579220664435, 62.15174211793818, 62.15174211793818, 62.15174211793818, 62.15174211793818, 62.15174211793818, 62.15174211793818, 62.15174211793818, 62.15174211793818, 62.15174211793818, 62.15174211793818, 58.04738178939509, 58.053153628093455, 58.053153628093455, 58.053153628093455, 58.053153628093455, 58.053153628093455, 58.053153628093455, 58.053153628093455, 58.053153628093455, 58.053153628093455, 58.053153628093455, 60.92707212453372, 60.92707212453372, 60.92707212453372, 60.92707212453372, 60.92707212453372, 60.92707212453372, 60.92707212453372, 60.92707212453372, 60.92707212453372, 60.92707212453372, 61.014297710968265, 60.416118321645065, 60.416118321645065, 60.416118321645065, 60.416118321645065, 60.416118321645065, 60.416118321645065, 60.416118321645065, 60.416118321645065, 60.416118321645065, 60.416118321645065, 60.37293310483187, 58.64799215897952, 58.653824298215696, 58.653824298215696, 58.653824298215696, 58.653824298215696, 58.653824298215696, 58.653824298215696, 58.653824298215696, 58.653824298215696, 58.653824298215696, 58.611868772966616, 62.79843082817852, 62.79218657732557, 62.79218657732557, 62.79218657732557, 62.79218657732557, 62.79218657732557, 62.79218657732557, 62.79218657732557, 62.79218657732557, 62.79218657732557, 62.79218657732557, 59.74402218036802, 59.74402218036802, 59.74402218036802, 59.74402218036802, 59.74402218036802, 59.74402218036802, 59.74402218036802, 59.74402218036802, 59.74402218036802, 59.74402218036802, 59.701256237504474, 56.41494855470606, 56.41494855470606, 56.41494855470606, 56.41494855470606, 56.41494855470606, 56.41494855470606, 56.41494855470606, 56.41494855470606, 56.41494855470606, 56.41494855470606, 56.49577226323716, 58.64799215897952, 58.64799215897952, 58.64799215897952, 58.64799215897952, 58.64799215897952, 58.64799215897952, 58.64799215897952, 58.64799215897952, 58.64799215897952, 58.64799215897952, 58.606040805503866, 59.74402218036802, 59.74402218036802, 59.74402218036802, 59.74402218036802, 59.74402218036802, 59.74402218036802, 59.74402218036802, 59.74402218036802, 59.74402218036802, 59.74402218036802, 59.78678812323156, 58.094709214083494, 58.094709214083494, 58.094709214083494, 58.094709214083494, 58.094709214083494, 58.094709214083494, 58.094709214083494, 58.094709214083494, 58.094709214083494, 58.094709214083494, 58.053153628093455, 56.455360408971615, 56.455360408971615, 56.455360408971615, 56.455360408971615, 56.455360408971615, 56.455360408971615, 56.455360408971615, 56.455360408971615, 56.455360408971615, 56.455360408971615, 56.57659597176825, 55.06115143681017, 55.06115143681017, 55.06115143681017, 55.06115143681017, 55.06115143681017, 55.06115143681017, 55.06115143681017, 55.06115143681017, 55.06115143681017, 55.06115143681017, 54.94316325515987, 58.606040805503866, 58.606040805503866, 58.606040805503866, 58.606040805503866, 58.606040805503866]
====================================

====================================
TIME: 2026-08-18 10:31:55
FINISH CYCLE - DUT 1
Charging samples: [96.0632641028028, 96.07270892279128, 94.48144252241379, 94.48144252241379, 94.48144252241379, 94.48144252241379, 94.48144252241379, 94.48144252241379, 94.48144252241379, 94.48144252241379, 94.48144252241379, 94.38672428429608, 94.38672428429608, 94.68076392381103, 94.65547638392486, 94.65547638392486, 94.65547638392486, 94.65547638392486, 94.65547638392486, 94.65547638392486, 94.65547638392486, 94.65547638392486, 94.89294621930853, 94.89294621930853, 95.48788632099698, 95.45389428208058, 95.45389428208058, 95.45389428208058, 95.45389428208058, 95.45389428208058, 95.45389428208058, 95.45389428208058, 95.45389428208058, 95.5494437258064, 95.54005034753999, 95.6399876386985, 95.58044391001341, 95.58044391001341, 95.58044391001341, 95.58044391001341, 95.58044391001341, 95.58044391001341, 95.58044391001341, 95.58044391001341, 95.43707324414838, 95.44645649783476, 95.84749202933826, 95.84322986765072, 95.84322986765072, 95.84322986765072, 95.84322986765072, 95.84322986765072, 95.84322986765072, 95.84322986765072, 95.84322986765072, 96.37115952641095, 96.37115952641095, 96.98239309634589, 96.99101912081412, 96.99101912081412, 96.99101912081412, 96.99101912081412, 96.99101912081412, 96.99101912081412, 96.99101912081412, 96.99101912081412, 95.97667081327573, 95.9672354347058, 95.26233443990736, 95.20729153365734, 95.20729153365734, 95.20729153365734, 95.20729153365734, 95.20729153365734, 95.20729153365734, 95.20729153365734, 95.20729153365734, 95.97393303568981, 95.9833690727595, 96.28647444877872, 96.35928247589507, 96.35928247589507, 96.35928247589507, 96.35928247589507, 96.35928247589507, 96.35928247589507, 96.35928247589507, 96.35928247589507, 96.59981987598466, 96.59981987598466, 96.39687907792587, 96.35402078205273, 96.35402078205273, 96.35402078205273, 96.35402078205273, 96.35402078205273, 96.35402078205273, 96.35402078205273, 96.35402078205273, 95.92215515105747, 95.92215515105747, 94.72810342718537, 94.67759075205532, 94.67759075205532, 94.67759075205532, 94.67759075205532, 94.67759075205532, 94.67759075205532, 94.67759075205532, 94.67759075205532, 94.630228275441, 94.6209252644033, 94.9163079655409, 94.95006198686575, 94.95006198686575, 94.95006198686575, 94.95006198686575, 94.95006198686575, 94.95006198686575, 94.95006198686575, 94.95006198686575, 94.90253943331876, 94.91187013230936, 96.31500232011541, 96.16965344843837, 96.16965344843837, 96.16965344843837, 96.16965344843837, 96.16965344843837, 96.16965344843837, 96.16965344843837, 96.16965344843837, 96.55490994697993, 96.57389439643863, 95.36546193266673, 95.29355822694734, 95.29355822694734, 95.29355822694734, 95.29355822694734, 95.29355822694734, 95.29355822694734, 95.29355822694734, 95.29355822694734, 94.62816679793124, 94.59096287939461, 94.3941034353168, 94.54926033567692, 94.54926033567692, 94.54926033567692, 94.54926033567692, 94.54926033567692, 94.54926033567692, 94.54926033567692, 94.54926033567692, 94.59674866331916, 94.5781455662369, 94.28381523771125, 94.21684635536181, 94.21684635536181, 94.21684635536181, 94.21684635536181, 94.21684635536181, 94.21684635536181, 94.21684635536181, 94.21684635536181, 94.26414396899402, 94.30122663774657, 94.79289101020615, 94.80130806676893, 94.80130806676893, 94.80130806676893, 94.80130806676893, 94.80130806676893, 94.80130806676893, 94.80130806676893, 94.80130806676893, 95.22941231794852, 95.23877423422044, 96.44560136284836, 96.5398953469379, 96.5398953469379, 96.5398953469379, 96.5398953469379, 96.5398953469379, 96.5398953469379, 96.5398953469379, 96.5398953469379, 96.25056499125279, 96.21271949238665, 95.8080392842168, 95.76973479514221, 95.76973479514221, 95.76973479514221, 95.76973479514221, 95.76973479514221, 95.76973479514221, 95.76973479514221, 95.76973479514221, 95.28992650458538, 95.31803839164543, 95.11800053562939, 95.2110502938127, 95.2110502938127, 95.2110502938127, 95.2110502938127, 95.2110502938127, 95.2110502938127, 95.2110502938127, 95.2110502938127, 95.59457919731246, 95.60397701280571, 95.90588430863562, 95.90161992960897, 95.90161992960897, 95.90161992960897, 95.90161992960897, 95.90161992960897, 95.90161992960897, 95.90161992960897, 95.90161992960897, 95.90161992960897, 95.90161992960897, 95.80077700644432, 95.91165753538696, 95.91165753538696, 95.91165753538696, 95.91165753538696, 95.91165753538696, 95.91165753538696, 95.91165753538696, 95.91165753538696, 96.24835843947308, 96.23889728165929, 96.0369268781301, 95.891791509926, 95.891791509926, 95.891791509926, 95.891791509926, 95.891791509926, 95.891791509926, 95.891791509926, 95.891791509926, 95.07711861853731, 95.08646556295518, 94.9867942154049, 94.86872486274434, 94.86872486274434, 94.86872486274434, 94.86872486274434, 94.86872486274434, 94.86872486274434, 94.86872486274434, 94.86872486274434, 96.15978109827566, 96.15032864756314, 95.8489169590128, 95.92556883857837, 95.92556883857837, 95.92556883857837, 95.92556883857837, 95.92556883857837, 95.92556883857837, 95.92556883857837, 95.92556883857837, 95.83016797449227, 95.83958895050235, 96.44425512684623, 96.41427023739972, 96.41427023739972, 96.41427023739972, 96.41427023739972, 96.41427023739972, 96.41427023739972, 96.41427023739972, 96.41427023739972, 95.45444674076059, 95.44506362400637, 95.64621233554274, 95.53165072907217, 95.53165072907217, 95.53165072907217, 95.53165072907217, 95.53165072907217, 95.53165072907217, 95.53165072907217, 95.53165072907217, 96.15604060311838, 96.14658759086878, 95.94438656544108, 95.78292125589779, 95.78292125589779, 95.78292125589779, 95.78292125589779, 95.78292125589779, 95.78292125589779, 95.78292125589779, 95.78292125589779, 95.30448508578843, 95.32322552135737, 95.42356575874828, 95.30959945293654, 95.30959945293654, 95.30959945293654, 95.30959945293654, 95.30959945293654, 95.30959945293654, 95.30959945293654, 95.30959945293654, 95.78806129757979, 95.77864538670809, 94.5839013694103, 94.83139339445886, 94.83139339445886, 94.83139339445886, 94.83139339445886, 94.83139339445886, 94.83139339445886, 94.83139339445886, 94.83139339445886, 94.73665673772115, 94.73665673772115, 95.83245402911434, 95.76874411419006, 95.76874411419006, 95.76874411419006, 95.76874411419006, 95.76874411419006, 95.76874411419006, 95.76874411419006, 95.76874411419006, 97.63623462441676, 97.63623462441676, 97.84200118843027, 97.83766498912216, 97.83766498912216, 97.83766498912216, 97.83766498912216, 97.83766498912216, 97.83766498912216, 97.83766498912216, 97.83766498912216, 97.309850219686, 97.309850219686, 96.90141433209027, 96.81560011465126, 96.81560011465126, 96.81560011465126, 96.81560011465126, 96.81560011465126, 96.81560011465126, 96.81560011465126, 96.81560011465126, 96.09950839782691, 96.09950839782691, 96.40298052960952, 96.40298052960952, 96.40298052960952, 96.40298052960952, 96.40298052960952, 96.40298052960952, 96.40298052960952, 96.40298052960952, 96.40298052960952, 95.97196869415673, 95.95309886153893, 95.95309886153893, 95.95734776995948, 95.95734776995948, 95.95734776995948, 95.95734776995948, 95.95734776995948, 95.95734776995948, 95.95734776995948, 95.95734776995948, 94.99968960858264, 95.03705428492819, 95.03705428492819, 95.08758127316173, 95.08758127316173, 95.08758127316173, 95.08758127316173, 95.08758127316173, 95.08758127316173, 95.08758127316173, 95.08758127316173, 95.5668533561918, 95.54806687037379, 95.34733563745283, 95.51236963753543, 95.51236963753543, 95.51236963753543, 95.51236963753543, 95.51236963753543, 95.51236963753543, 95.51236963753543, 95.51236963753543, 94.31487252573082, 94.31487252573082, 94.41404694479047, 94.36379106458563, 94.36379106458563, 94.36379106458563, 94.36379106458563, 94.36379106458563, 94.36379106458563, 94.36379106458563, 94.36379106458563, 94.2200168780982, 94.21075419456712, 94.11179331831232, 94.0367107777694, 94.0367107777694, 94.0367107777694, 94.0367107777694, 94.0367107777694, 94.0367107777694, 94.0367107777694, 94.0367107777694, 94.65852015727653, 94.649213449956, 95.04857721978702, 94.92236186405961, 94.92236186405961, 94.92236186405961, 94.92236186405961, 94.92236186405961, 94.92236186405961, 94.92236186405961, 94.92236186405961, 95.11422110986871, 95.11422110986871, 95.11422110986871, 95.08055235903336, 95.08055235903336, 95.08055235903336, 95.08055235903336, 95.08055235903336, 95.08055235903336, 95.08055235903336, 95.08055235903336, 95.4161871883391, 95.42556931097315, 94.92491050031747, 94.79488212218526, 94.79488212218526, 94.79488212218526, 94.79488212218526, 94.79488212218526, 94.79488212218526, 94.79488212218526, 94.79488212218526, 94.98542459881277, 94.99476344696917, 94.69666272485526, 94.69247853155704, 94.69247853155704, 94.69247853155704, 94.69247853155704, 94.69247853155704, 94.69247853155704, 94.69247853155704, 94.69247853155704, 94.83494464770281, 94.83494464770281, 95.93884347428985, 96.15126673944415, 96.15126673944415, 96.15126673944415, 96.15126673944415, 96.15126673944415, 96.15126673944415, 96.15126673944415, 96.15126673944415, 95.66978818791965, 95.65097776947925, 95.24781242587764, 95.20143850755403, 95.20143850755403, 95.20143850755403, 95.20143850755403, 95.20143850755403, 95.20143850755403, 95.20143850755403, 95.20143850755403, 95.00978991468526, 95.01913207691877, 94.42215323664495, 94.3720286695651, 94.3720286695651, 94.3720286695651, 94.3720286695651, 94.3720286695651, 94.3720286695651, 94.3720286695651, 94.3720286695651, 95.08588667765562, 95.1139328540427, 94.91515765476571, 94.82706350154596, 94.82706350154596, 94.82706350154596, 94.82706350154596, 94.82706350154596, 94.82706350154596, 94.82706350154596, 94.82706350154596, 94.58975853782836, 94.56186692434169, 95.05851538507879, 94.90332123296972, 94.90332123296972, 94.90332123296972, 94.90332123296972, 94.90332123296972, 94.90332123296972, 94.90332123296972, 94.90332123296972, 94.99855788247595, 94.99855788247595, 94.79939948020663, 94.69493963416443, 94.69493963416443, 94.69493963416443, 94.69493963416443, 94.69493963416443, 94.69493963416443, 94.69493963416443, 94.69493963416443, 93.98294760683987, 93.97370732096762, 94.56847762046742, 94.62686867130476, 94.62686867130476, 94.62686867130476, 94.62686867130476, 94.62686867130476, 94.62686867130476, 94.62686867130476, 94.62686867130476, 94.24453788879444, 94.24453788879444, 93.75007546545346, 93.9282051656441, 93.9282051656441, 93.9282051656441, 93.9282051656441, 93.9282051656441, 93.9282051656441, 93.9282051656441, 93.9282051656441, 93.69005048723224, 93.67162569854253, 93.28010375204913, 93.4907895488319, 93.4907895488319, 93.4907895488319, 93.4907895488319, 93.4907895488319, 93.4907895488319, 93.4907895488319, 93.4907895488319, 93.9185562524107, 93.94626629064408, 94.14301239805903, 94.05553824822675, 94.05553824822675, 94.05553824822675, 94.05553824822675, 94.05553824822675, 94.05553824822675, 94.05553824822675, 94.05553824822675, 95.81669964255082, 95.79785848639261, 95.19974490583242, 95.25031805820173, 95.25031805820173, 95.25031805820173, 95.25031805820173, 95.25031805820173, 95.25031805820173, 95.25031805820173, 95.25031805820173, 94.16201338093464, 94.17127309313652, 94.96179794596453, 94.94918793384353, 94.94918793384353, 94.94918793384353, 94.94918793384353, 94.94918793384353, 94.94918793384353, 94.94918793384353, 94.94918793384353, 95.47403269126681, 95.48342050175759, 95.28345522321983, 95.16971662774583, 95.16971662774583, 95.16971662774583, 95.16971662774583, 95.16971662774583, 95.16971662774583, 95.16971662774583, 95.16971662774583, 95.45508309439573, 95.46446811878808, 95.96691268783432, 95.94994466189827, 95.94994466189827, 95.94994466189827, 95.94994466189827, 95.94994466189827, 95.94994466189827, 95.94994466189827, 95.94994466189827, 96.23679053532696, 96.23679053532696, 95.83328197962328, 95.85870532011397, 95.85870532011397, 95.85870532011397, 95.85870532011397, 95.85870532011397, 95.85870532011397, 95.85870532011397, 95.85870532011397, 95.52536655347672, 95.5065845309534, 95.40657763615661, 95.37705827426421, 95.37705827426421, 95.37705827426421, 95.37705827426421, 95.37705827426421, 95.37705827426421, 95.37705827426421, 95.37705827426421, 96.2328843205936, 96.25180917493394, 96.45380667582572, 96.29632064930414, 96.29632064930414, 96.29632064930414, 96.29632064930414, 96.29632064930414, 96.29632064930414, 96.29632064930414, 96.29632064930414, 94.67869470954311, 94.66938693381468, 94.66938693381468, 94.64850336659202, 94.64850336659202, 94.64850336659202, 94.64850336659202, 94.64850336659202, 94.64850336659202, 94.64850336659202, 94.64850336659202, 95.02899986253813, 95.0196567301163, 95.52081525717385, 95.61361944087186, 95.61361944087186, 95.61361944087186, 95.61361944087186, 95.61361944087186, 95.61361944087186, 95.61361944087186, 95.61361944087186, 93.84299685863347, 93.86145172527235, 93.76254608594121, 93.73356997792823, 93.73356997792823, 93.73356997792823, 93.73356997792823, 93.73356997792823, 93.73356997792823, 93.73356997792823, 93.73356997792823, 94.02036315481124, 94.02036315481124, 93.82263368445413, 93.99692492310898, 93.99692492310898, 93.99692492310898, 93.99692492310898, 93.99692492310898, 93.99692492310898, 93.99692492310898, 93.99692492310898, 93.37569461095826, 93.36651493197566, 93.36651493197566, 93.37477489702471, 93.37477489702471, 93.37477489702471, 93.37477489702471, 93.37477489702471, 93.37477489702471, 93.37477489702471, 93.37477489702471, 94.42607737795335, 94.39822581644182, 94.20011831210513, 94.21678868653544, 94.21678868653544, 94.21678868653544, 94.21678868653544, 94.21678868653544, 94.21678868653544, 94.21678868653544, 94.21678868653544, 94.69359429729724, 94.73084590795706, 94.23642604413682, 94.19891817953408, 94.19891817953408, 94.19891817953408, 94.19891817953408, 94.19891817953408, 94.19891817953408, 94.19891817953408, 94.19891817953408, 94.48350705620942, 94.4649298821913, 95.06029708733116, 95.03507992478258, 95.03507992478258, 95.03507992478258, 95.03507992478258, 95.03507992478258, 95.03507992478258, 95.03507992478258, 95.03507992478258, 94.12862082911447, 94.1101097925699, 94.01135836571515, 94.00304613243792, 94.00304613243792, 94.00304613243792, 94.00304613243792, 94.00304613243792, 94.00304613243792, 94.00304613243792, 94.00304613243792, 94.52713812810786, 94.56432425640374, 94.66365652978229, 94.62182548403337, 94.62182548403337, 94.62182548403337, 94.62182548403337, 94.62182548403337, 94.62182548403337, 94.62182548403337, 94.62182548403337, 94.14490096042432, 94.11713506356222, 94.31527640053817, 94.46137220376978, 94.46137220376978, 94.46137220376978, 94.46137220376978, 94.46137220376978, 94.46137220376978, 94.46137220376978, 94.46137220376978, 94.4135194316301, 94.43208832128133, 94.43208832128133, 94.49482000085702, 94.49482000085702, 94.49482000085702, 94.49482000085702, 94.49482000085702, 94.49482000085702, 94.49482000085702, 94.49482000085702, 94.63850193699619, 94.62919719784205, 94.62919719784205, 94.68790537655202, 94.68790537655202, 94.68790537655202, 94.68790537655202, 94.68790537655202, 94.68790537655202, 94.68790537655202, 94.68790537655202, 94.73582435700573, 94.74513958063964, 94.6455127251395, 94.74207692656248, 94.74207692656248, 94.74207692656248, 94.74207692656248, 94.74207692656248, 94.74207692656248, 94.74207692656248, 94.74207692656248, 93.92740049370889, 93.92740049370889, 93.43614839907652, 93.4071438297287, 93.4071438297287, 93.4071438297287, 93.4071438297287, 93.4071438297287, 93.4071438297287, 93.4071438297287, 93.4071438297287, 94.12199442026231, 94.09423254991913, 94.78828905977102, 94.79249271798466, 94.79249271798466, 94.79249271798466, 94.79249271798466, 94.79249271798466, 94.79249271798466, 94.79249271798466, 94.79249271798466, 95.0324737122074, 95.06985863498954, 94.96978509958429, 94.86040683103106, 94.86040683103106, 94.86040683103106, 94.86040683103106, 94.86040683103106, 94.86040683103106, 94.86040683103106, 94.86040683103106, 95.77068346223793, 95.77068346223793, 95.66997822200423, 95.73783227810388, 95.73783227810388, 95.73783227810388, 95.73783227810388, 95.73783227810388, 95.73783227810388, 95.73783227810388, 95.73783227810388, 94.44472498870479, 94.44472498870479, 94.14772899817427, 94.11018337778329, 94.11018337778329, 94.11018337778329, 94.11018337778329, 94.11018337778329, 94.11018337778329, 94.11018337778329, 94.11018337778329, 94.06246016106029, 94.03471857823654, 94.43065423540806, 94.41392011273652, 94.41392011273652, 94.41392011273652, 94.41392011273652, 94.41392011273652, 94.41392011273652, 94.41392011273652, 94.41392011273652, 94.7971323709313, 94.80645453951925, 95.00646815669124, 94.76296947560029, 94.76296947560029, 94.76296947560029, 94.76296947560029, 94.76296947560029, 94.76296947560029, 94.76296947560029, 94.76296947560029, 95.28969644085122, 95.28969644085122, 94.88931956504932, 95.02368801473877, 95.02368801473877, 95.02368801473877, 95.02368801473877, 95.02368801473877, 95.02368801473877, 95.02368801473877, 95.02368801473877, 94.02092547789982, 94.0301704066587, 94.22812866014641, 94.21562105490857, 94.21562105490857, 94.21562105490857, 94.21562105490857, 94.21562105490857, 94.21562105490857, 94.21562105490857, 94.21562105490857, 94.93336321632229, 94.91469575722951, 94.8148906092198, 94.73524945441984, 94.73524945441984, 94.73524945441984, 94.73524945441984, 94.73524945441984, 94.73524945441984, 94.73524945441984, 94.73524945441984, 94.78299907612067, 94.79231985486747, 95.0922955506107, 95.01668545608332, 95.01668545608332, 95.01668545608332, 95.01668545608332, 95.01668545608332, 95.01668545608332, 95.01668545608332, 95.01668545608332, 95.49535893445149, 95.504748841918, 95.60559862950186, 95.6182700143434, 95.6182700143434, 95.6182700143434, 95.6182700143434, 95.6182700143434, 95.6182700143434, 95.6182700143434, 95.6182700143434, 94.75554878113127, 94.73691628702429, 94.63698283102532, 94.60772486442268, 94.60772486442268, 94.60772486442268, 94.60772486442268, 94.60772486442268, 94.60772486442268, 94.60772486442268, 94.60772486442268, 94.65557904998892, 94.66488729849416, 94.46559279891841, 94.45724925601088, 94.45724925601088, 94.45724925601088, 94.45724925601088, 94.45724925601088, 94.45724925601088, 94.45724925601088, 94.45724925601088, 94.64826492690273, 94.63895831284893, 94.93876493897197, 95.04789960553902, 95.04789960553902, 95.04789960553902, 95.04789960553902, 95.04789960553902, 95.04789960553902, 95.04789960553902, 95.04789960553902, 96.87021049605893, 96.88926255830617, 96.58329646601678, 96.63029147911567, 96.63029147911567, 96.63029147911567, 96.63029147911567, 96.63029147911567, 96.63029147911567, 96.63029147911567, 96.63029147911567, 96.19976047747603, 96.19976047747603, 95.8969280730349, 95.82486973776076, 95.82486973776076, 95.82486973776076, 95.82486973776076, 95.82486973776076, 95.82486973776076, 95.82486973776076, 95.82486973776076, 95.7295690219599, 95.74839304497083, 96.15196899036583, 96.18172818844397, 96.18172818844397, 96.18172818844397, 96.18172818844397, 96.18172818844397, 96.18172818844397, 96.18172818844397, 96.18172818844397, 96.32535446249342, 96.30641700953704, 96.10387985494285, 96.13363337811775, 96.13363337811775, 96.13363337811775, 96.13363337811775, 96.13363337811775, 96.13363337811775, 96.13363337811775, 96.13363337811775, 95.70361215525341, 95.69420269579464, 95.99703245116108, 95.86135958487554, 95.86135958487554, 95.86135958487554, 95.86135958487554, 95.86135958487554, 95.86135958487554, 95.86135958487554, 95.86135958487554, 95.382770670323, 95.39214950716372, 95.39214950716372, 95.48070594320326, 95.48070594320326, 95.48070594320326, 95.48070594320326, 95.48070594320326, 95.48070594320326, 95.48070594320326, 95.48070594320326, 94.66626941483676, 94.65696194561892, 94.2592436181163, 94.23008440363307, 94.23008440363307, 94.23008440363307, 94.23008440363307, 94.23008440363307, 94.23008440363307, 94.23008440363307, 94.23008440363307, 94.3731462726669, 94.3731462726669, 94.67148077089453, 94.65474844838288, 94.65474844838288, 94.65474844838288, 94.65474844838288, 94.65474844838288, 94.65474844838288, 94.65474844838288, 94.65474844838288, 94.9895555424398, 94.9895555424398, 95.49267818832138, 95.36205677792393, 95.36205677792393, 95.36205677792393, 95.36205677792393, 95.36205677792393, 95.36205677792393, 95.36205677792393, 95.36205677792393, 95.74619396534759, 95.7650231087036, 95.26046555807818, 95.18066885383678, 95.18066885383678, 95.18066885383678, 95.18066885383678, 95.18066885383678, 95.18066885383678, 95.18066885383678, 95.18066885383678, 95.18066885383678, 95.16195460514353, 94.56407845055622, 94.67260008013403, 94.67260008013403, 94.67260008013403, 94.67260008013403, 94.67260008013403, 94.67260008013403, 94.67260008013403, 94.67260008013403, 95.05242997012454, 95.04308361516188, 95.34258913075587, 95.43104481318335, 95.43104481318335, 95.43104481318335, 95.43104481318335, 95.43104481318335, 95.43104481318335, 95.43104481318335, 95.43104481318335, 95.43104481318335, 95.44042931950779, 95.84313155292344, 96.08509534504482, 96.08509534504482, 96.08509534504482, 96.08509534504482, 96.08509534504482, 96.08509534504482, 96.08509534504482, 96.08509534504482, 95.98910623880602, 95.99854469566331, 95.39478026361513, 95.39900557168366, 95.39900557168366, 95.39900557168366, 95.39900557168366, 95.39900557168366, 95.39900557168366, 95.39900557168366, 95.39900557168366, 95.49440457725534, 95.485015686824, 94.98717931723681, 94.91570980991659, 94.91570980991659, 94.91570980991659, 94.91570980991659, 94.91570980991659, 94.91570980991659, 94.91570980991659, 94.91570980991659, 94.91570980991659, 94.92504272140232, 94.6290186796516, 94.58715484197701, 94.58715484197701, 94.58715484197701, 94.58715484197701, 94.58715484197701, 94.58715484197701, 94.58715484197701, 94.58715484197701, 94.63440117306692, 94.64370550903911, 94.54542544101307, 94.52451663800521, 94.52451663800521, 94.52451663800521, 94.52451663800521, 94.52451663800521, 94.52451663800521, 94.52451663800521, 94.52451663800521, 94.71328252245455, 94.70397134642991, 94.80241622308941, 94.84856307583985, 94.84856307583985, 94.84856307583985, 94.84856307583985, 94.84856307583985, 94.84856307583985, 94.84856307583985, 94.84856307583985, 94.99033970226112, 94.99967903366436, 96.19967497935275, 96.19967497935275, 96.19967497935275, 96.19967497935275, 96.19967497935275, 96.19967497935275, 96.19967497935275, 96.19967497935275, 96.19967497935275, 96.48683818824634, 96.50580925356057, 96.70940800726007, 96.6110782966298, 96.6110782966298, 96.6110782966298, 96.6110782966298, 96.6110782966298, 96.6110782966298, 96.6110782966298, 96.6110782966298, 95.65263505956007, 95.64323338518818, 95.74422940777022, 95.9010898615467, 95.9010898615467, 95.9010898615467, 95.9010898615467, 95.9010898615467, 95.9010898615467, 95.9010898615467, 95.9010898615467, 95.66085667051074, 95.6420498570495, 95.6420498570495, 95.6378150972595, 95.6378150972595, 95.6378150972595, 95.6378150972595, 95.6378150972595, 95.6378150972595, 95.6378150972595, 95.6378150972595, 95.6858501626022, 95.69525787572407, 95.59431351087628, 95.70024692567111, 95.70024692567111, 95.70024692567111, 95.70024692567111, 95.70024692567111, 95.70024692567111, 95.70024692567111, 95.70024692567111, 96.3247967299049, 96.3247967299049, 95.61875109942393, 95.58062053272205, 95.58062053272205, 95.58062053272205, 95.58062053272205, 95.58062053272205, 95.58062053272205, 95.58062053272205, 95.58062053272205, 96.15267412194534, 96.15267412194534, 95.95172809452224, 96.24170265167206, 96.24170265167206, 96.24170265167206, 96.24170265167206, 96.24170265167206, 96.24170265167206, 96.24170265167206, 96.24170265167206, 95.4782583073851, 95.46887192729197, 95.66880673761091, 95.71134322186575, 95.71134322186575, 95.71134322186575, 95.71134322186575, 95.71134322186575, 95.71134322186575, 95.71134322186575, 95.71134322186575, 94.27639054987375, 94.26712141305832, 94.96318665555982, 94.87460159338112, 94.87460159338112, 94.87460159338112, 94.87460159338112, 94.87460159338112, 94.87460159338112, 94.87460159338112, 94.87460159338112, 99.25491044421707, 99.27442960064661, 99.06543080148738, 99.08743849482755, 99.08743849482755, 99.08743849482755, 99.08743849482755, 99.08743849482755, 99.08743849482755, 99.08743849482755, 99.08743849482755, 96.10808777383855, 96.10808777383855, 96.2093607851914, 96.2093607851914, 96.2093607851914, 96.2093607851914, 96.2093607851914, 96.2093607851914, 96.2093607851914, 96.2093607851914, 96.2093607851914, 96.88282631068773, 96.89235077257436, 96.99455789364247, 97.04629982272553, 97.04629982272553, 97.04629982272553, 97.04629982272553, 97.04629982272553, 97.04629982272553, 97.04629982272553, 97.04629982272553, 97.81727340622287, 97.79804264373269, 97.69498885801748, 97.47832221606131, 97.47832221606131, 97.47832221606131, 97.47832221606131, 97.47832221606131, 97.47832221606131, 97.47832221606131, 97.47832221606131, 97.04615231461081, 97.03661085828257, 97.03661085828257, 96.88619981399384, 96.88619981399384, 96.88619981399384, 96.88619981399384, 96.88619981399384, 96.88619981399384, 96.88619981399384, 96.88619981399384, 95.97534489243725, 95.97534489243725, 95.97534489243725, 95.88616820809847, 95.88616820809847, 95.88616820809847, 95.88616820809847, 95.88616820809847, 95.88616820809847, 95.88616820809847, 95.88616820809847, 95.64669226352278, 95.65609705135596, 95.85811626371363, 95.9897778323523, 95.9897778323523, 95.9897778323523, 95.9897778323523, 95.9897778323523, 95.9897778323523, 95.9897778323523, 95.9897778323523, 96.13397880055314, 96.13397880055314, 95.83039781486717, 95.69895485516359, 95.69895485516359, 95.69895485516359, 95.69895485516359, 95.69895485516359, 95.69895485516359, 95.69895485516359, 95.69895485516359, 96.51239597143248, 96.52188494950461, 96.72551761817446, 96.6741884618742, 96.6741884618742, 96.6741884618742, 96.6741884618742, 96.6741884618742, 96.6741884618742, 96.6741884618742, 96.6741884618742, 96.62625877002397, 96.62625877002397, 95.0225034377414, 95.10662020261348, 95.10662020261348, 95.10662020261348, 95.10662020261348, 95.10662020261348, 95.10662020261348, 95.10662020261348, 95.10662020261348, 93.17240818460397, 93.16324849052369, 94.4367734436013, 94.47440765193427, 94.47440765193427, 94.47440765193427, 94.47440765193427, 94.47440765193427, 94.47440765193427, 94.47440765193427, 94.47440765193427, 96.00513223161119, 96.00513223161119, 96.10619026553923, 96.08917128373197, 96.08917128373197, 96.08917128373197, 96.08917128373197, 96.08917128373197, 96.08917128373197, 96.08917128373197, 96.08917128373197, 95.4667700746196, 95.45738390117799, 95.45738390117799, 95.49120405490739, 95.49120405490739, 95.49120405490739, 95.49120405490739, 95.49120405490739, 95.49120405490739, 95.49120405490739, 95.49120405490739, 95.2038684358856, 95.2038684358856, 95.30418863444817, 95.40136451504367, 95.40136451504367, 95.40136451504367, 95.40136451504367, 95.40136451504367, 95.40136451504367, 95.40136451504367, 95.40136451504367, 95.64130758474951, 95.65071184311576, 96.05558258107604, 96.0385522043053, 96.0385522043053, 96.0385522043053, 96.0385522043053, 96.0385522043053, 96.0385522043053, 96.0385522043053, 96.0385522043053]
Discharging samples: [10.691592375038013, 10.840812087180902, 10.840812087180902, 10.840812087180902, 10.840812087180902, 10.840812087180902, 10.840812087180902, 10.840812087180902, 10.840812087180902, 118.72961261948424, 118.5599988871707, 73.88521669780202, 74.1290866869026, 74.1290866869026, 74.1290866869026, 74.1290866869026, 74.1290866869026, 74.1290866869026, 74.1290866869026, 74.1290866869026, 8.916565921880029, 8.897431660245092]
====================================

====================================
TIME: 2026-08-18 10:31:56
FINISH CYCLE - DUT 2
Charging samples: []
Discharging samples: [65.07400661558431, 65.07400661558431, 65.07400661558431, 65.07400661558431, 64.92777289285266, 65.0207260394423, 59.393932439875165, 59.393932439875165, 59.393932439875165, 59.393932439875165, 59.393932439875165, 59.393932439875165, 59.393932439875165, 59.393932439875165, 59.393932439875165, 59.393932439875165, 59.436387002019465, 62.438224729394186, 62.438224729394186, 62.438224729394186, 62.438224729394186, 62.438224729394186, 62.438224729394186, 62.438224729394186, 62.438224729394186, 62.438224729394186, 62.578851361667596, 62.53415218212355, 58.40453835877576, 58.40453835877576, 58.40453835877576, 58.40453835877576, 58.40453835877576, 58.40453835877576, 58.40453835877576, 58.40453835877576, 58.40453835877576, 58.40453835877576, 58.15405427717987, 62.26595710485925, 62.26595710485925, 62.26595710485925, 62.26595710485925, 62.26595710485925, 62.26595710485925, 62.26595710485925, 62.26595710485925, 62.26595710485925, 62.26595710485925, 62.53415218212355, 64.48834443781492, 64.48834443781492, 64.48834443781492, 64.48834443781492, 64.48834443781492, 64.48834443781492, 64.48834443781492, 64.48834443781492, 64.48834443781492, 64.63326206576505, 64.40226398833201, 62.45068023110982, 62.45068023110982, 62.45068023110982, 62.45068023110982, 62.45068023110982, 62.45068023110982, 62.45068023110982, 62.45068023110982, 62.45068023110982, 62.17063233769679, 62.25982980159592, 62.25982980159592, 62.266021728975495, 62.266021728975495, 62.266021728975495, 62.266021728975495, 62.266021728975495, 62.266021728975495, 62.266021728975495, 62.266021728975495, 62.40626051665337, 62.62977864171301, 59.05093414790083, 59.05093414790083, 59.05093414790083, 59.05093414790083, 59.05093414790083, 59.05093414790083, 59.05093414790083, 59.05093414790083, 59.05093414790083, 58.78553669105633, 58.70161729535175, 65.57095548948865, 65.5644349091894, 65.5644349091894, 65.5644349091894, 65.5644349091894, 65.5644349091894, 65.5644349091894, 65.5644349091894, 65.5644349091894, 65.86043687266205, 65.7192064862303, 59.40005201640047, 59.40005201640047, 59.40005201640047, 59.40005201640047, 59.40005201640047, 59.40005201640047, 59.40005201640047, 59.40005201640047, 59.40005201640047, 59.53353527935866, 59.70411847500152, 60.283770110681154, 60.283770110681154, 60.283770110681154, 60.283770110681154, 60.283770110681154, 60.283770110681154, 60.283770110681154, 60.283770110681154, 60.283770110681154, 60.14860470684555, 60.0197148396166, 61.82030628480509, 61.82030628480509, 61.82030628480509, 61.82030628480509, 61.82030628480509, 61.82030628480509, 61.82030628480509, 61.82030628480509, 61.82030628480509, 61.68138424821004, 61.769689737470166, 63.68009251285584, 63.68642568963486, 63.68642568963486, 63.68642568963486, 63.68642568963486, 63.68642568963486, 63.68642568963486, 63.68642568963486, 63.68642568963486, 63.97330148102961, 63.927573602915935, 62.00974639482845, 62.00974639482845, 62.00974639482845, 62.00974639482845, 62.00974639482845, 62.00974639482845, 62.00974639482845, 62.00974639482845, 62.00974639482845, 61.870711089010456, 61.82645450024864, 59.44851394254677, 59.44851394254677, 59.44851394254677, 59.44851394254677, 59.44851394254677, 59.44851394254677, 59.44851394254677, 59.44851394254677, 59.44851394254677, 59.1813296102207, 59.393145392648115, 57.19339926699448, 57.19339926699448, 57.19339926699448, 57.19339926699448, 57.19339926699448, 57.19339926699448, 57.19339926699448, 57.19339926699448, 57.19339926699448, 57.451608744497854, 57.328673775715046, 59.533622767088715, 59.527702557982984, 59.527702557982984, 59.527702557982984, 59.527702557982984, 59.527702557982984, 59.527702557982984, 59.527702557982984, 59.527702557982984, 59.393932439875165, 59.26656875344227, 56.54791881062381, 56.553542671271316, 56.553542671271316, 56.553542671271316, 56.553542671271316, 56.553542671271316, 56.553542671271316, 56.553542671271316, 56.553542671271316, 56.68091551512553, 56.559108390093016, 61.03903776752614, 61.03296785525808, 61.03296785525808, 61.03296785525808, 61.03296785525808, 61.03296785525808, 61.03296785525808, 61.03296785525808, 61.03296785525808, 61.170120592011465, 61.25794560362957, 61.87052505966587, 61.87052505966587, 61.87052505966587, 61.87052505966587, 61.87052505966587, 61.87052505966587, 61.87052505966587, 61.87052505966587, 61.87052505966587, 61.45435560859187, 61.45435560859187, 57.97580717791686, 57.97580717791686, 57.97580717791686, 57.97580717791686, 57.97580717791686, 57.97580717791686, 57.97580717791686, 57.97580717791686, 57.97580717791686, 58.106678074481025, 58.23163867249066, 59.92770581829136, 59.93366580892471, 59.93366580892471, 59.93366580892471, 59.93366580892471, 59.93366580892471, 59.93366580892471, 59.93366580892471, 59.93366580892471, 59.93366580892471, 59.84792379775315, 68.49262390187305, 68.48581278175551, 68.48581278175551, 68.48581278175551, 68.48581278175551, 68.48581278175551, 68.48581278175551, 68.48581278175551, 68.48581278175551, 68.48581278175551, 68.48581278175551, 61.026961884732636, 61.03303119968886, 61.03303119968886, 61.03303119968886, 61.03303119968886, 61.03303119968886, 61.03303119968886, 61.03303119968886, 61.03303119968886, 61.03303119968886, 61.16419100885724, 59.97653681451048, 59.970572560650645, 59.970572560650645, 59.970572560650645, 59.970572560650645, 59.970572560650645, 59.970572560650645, 59.970572560650645, 59.970572560650645, 60.10564141776923, 59.97675155054027, 60.56475891868283, 60.57078226616356, 60.57078226616356, 60.57078226616356, 60.57078226616356, 60.57078226616356, 60.57078226616356, 60.57078226616356, 60.57078226616356, 60.84301050106766, 60.97376195629918, 62.19323719542517, 62.18705250596659, 62.18705250596659, 62.18705250596659, 62.18705250596659, 62.18705250596659, 62.18705250596659, 62.18705250596659, 62.18705250596659, 61.769689737470166, 61.63723150357996, 58.14833160715091, 58.14833160715091, 58.14833160715091, 58.14833160715091, 58.14833160715091, 58.14833160715091, 58.14833160715091, 58.14833160715091, 58.14833160715091, 58.14833160715091, 57.98171747647138, 62.08143487379765, 62.087609059264956, 62.087609059264956, 62.087609059264956, 62.087609059264956, 62.087609059264956, 62.087609059264956, 62.087609059264956, 62.087609059264956, 62.367282973946324, 62.68091155211991, 60.83735532999874, 60.831305473661224, 60.831305473661224, 60.831305473661224, 60.831305473661224, 60.831305473661224, 60.831305473661224, 60.831305473661224, 60.831305473661224, 60.694912412061086, 60.60814341647558, 56.715877325509254, 56.72151789013636, 56.72151789013636, 56.72151789013636, 56.72151789013636, 56.72151789013636, 56.72151789013636, 56.72151789013636, 56.72151789013636, 56.59405380498998, 56.675076072427345, 63.036564203005916, 63.03029565047977, 63.03029565047977, 63.03029565047977, 63.03029565047977, 63.03029565047977, 63.03029565047977, 63.03029565047977, 63.03029565047977, 63.172255775818684, 63.12710048219766, 58.918627116717815, 58.92448675143852, 58.92448675143852, 58.92448675143852, 58.92448675143852, 58.92448675143852, 58.92448675143852, 58.92448675143852, 58.92448675143852, 59.05690132840804, 58.97241362979801, 60.70689638361561, 60.70085950052256, 60.70085950052256, 60.70085950052256, 60.70085950052256, 60.70085950052256, 60.70085950052256, 60.70085950052256, 60.70085950052256, 60.56475891868283, 60.73829690985384, 59.5702527385105, 59.5702527385105, 59.5702527385105, 59.5702527385105, 59.5702527385105, 59.5702527385105, 59.5702527385105, 59.5702527385105, 59.5702527385105, 59.436387002019465, 59.22411419129796, 60.98324629598998, 60.989311263299385, 60.989311263299385, 60.989311263299385, 60.989311263299385, 60.989311263299385, 60.989311263299385, 60.989311263299385, 60.989311263299385, 60.989311263299385, 61.03303119968886, 58.1541146336658, 58.14833160715091, 58.14833160715091, 58.14833160715091, 58.14833160715091, 58.14833160715091, 58.14833160715091, 58.14833160715091, 58.14833160715091, 58.54122573963164, 58.58316071508983, 61.48331718613389, 61.48331718613389, 61.48331718613389, 61.48331718613389, 61.48331718613389, 61.48331718613389, 61.48331718613389, 61.48331718613389, 61.48331718613389, 61.07067747347528, 61.026961884732636, 59.26656875344227, 59.26656875344227, 59.26656875344227, 59.26656875344227, 59.26656875344227, 59.26656875344227, 59.26656875344227, 59.26656875344227, 59.26656875344227, 59.40005201640047, 59.35750183587295, 67.0997846840303, 67.09311273566757, 67.09311273566757, 67.09311273566757, 67.09311273566757, 67.09311273566757, 67.09311273566757, 67.09311273566757, 67.09311273566757, 67.09311273566757, 67.18930357829936, 60.01374688547128, 60.0197148396166, 60.0197148396166, 60.0197148396166, 60.0197148396166, 60.0197148396166, 60.0197148396166, 60.0197148396166, 60.0197148396166, 59.74996331224752, 59.74996331224752, 62.164103244055504, 62.164103244055504, 62.164103244055504, 62.164103244055504, 62.164103244055504, 62.164103244055504, 62.164103244055504, 62.164103244055504, 62.164103244055504, 62.58507911252542, 62.54027948538688, 63.829769784054655, 63.829769784054655, 63.829769784054655, 63.829769784054655, 63.829769784054655, 63.829769784054655, 63.829769784054655, 63.829769784054655, 63.829769784054655, 63.68665370830566, 63.50417045985779, 63.50417045985779, 63.510486140659374, 63.510486140659374, 63.510486140659374, 63.510486140659374, 63.510486140659374, 63.510486140659374, 63.510486140659374, 63.510486140659374, 63.36776594708486, 63.54985722854201, 61.64336151168575, 61.63723150357996, 61.63723150357996, 61.63723150357996, 61.63723150357996, 61.63723150357996, 61.63723150357996, 61.63723150357996, 61.63723150357996, 62.19252187748609, 62.28162291169453, 59.31583134447097, 59.3217304823471, 59.3217304823471, 59.3217304823471, 59.3217304823471, 59.3217304823471, 59.3217304823471, 59.3217304823471, 59.3217304823471, 58.65965759749946, 58.70161729535175, 60.4281354510974, 60.4221262888608, 60.4221262888608, 60.4221262888608, 60.4221262888608, 60.4221262888608, 60.4221262888608, 60.4221262888608, 60.4221262888608, 60.694912412061086, 60.651527914268335, 65.8133600771848, 65.8133600771848, 65.8133600771848, 65.8133600771848, 65.8133600771848, 65.8133600771848, 65.8133600771848, 65.8133600771848, 65.8133600771848, 65.8133600771848, 65.7192064862303, 58.83433723529189, 58.83433723529189, 58.83433723529189, 58.83433723529189, 58.83433723529189, 58.83433723529189, 58.83433723529189, 58.83433723529189, 58.83433723529189, 58.56991324771753, 58.56991324771753, 59.13308549048405, 59.13308549048405, 59.13308549048405, 59.13308549048405, 59.13308549048405, 59.13308549048405, 59.13308549048405, 59.13308549048405, 59.13308549048405, 59.26656875344227, 59.26656875344227, 57.07151065146292, 57.07151065146292, 57.07151065146292, 57.07151065146292, 57.07151065146292, 57.07151065146292, 57.07151065146292, 57.07151065146292, 57.07151065146292, 57.3285895282713, 57.451788502902254, 61.43359562686579, 61.43359562686579, 61.43359562686579, 61.43359562686579, 61.43359562686579, 61.43359562686579, 61.43359562686579, 61.43359562686579, 61.43359562686579, 61.43359562686579, 61.389683121056734, 60.19765043909446, 60.19765043909446, 60.19765043909446, 60.19765043909446, 60.19765043909446, 60.19765043909446, 60.19765043909446, 60.19765043909446, 60.19765043909446, 59.79273350788979, 59.79273350788979, 60.9767480327985, 60.98281235383608, 60.98281235383608, 60.98281235383608, 60.98281235383608, 60.98281235383608, 60.98281235383608, 60.98281235383608, 60.98281235383608, 61.258129791099456, 61.38958500524344, 58.49384986348668, 58.48803305264105, 58.48803305264105, 58.48803305264105, 58.48803305264105, 58.48803305264105, 58.48803305264105, 58.48803305264105, 58.48803305264105, 58.3565992705003, 58.06502454181114, 58.61802477554268, 58.61802477554268, 58.61802477554268, 58.61802477554268, 58.61802477554268, 58.61802477554268, 58.61802477554268, 58.61802477554268, 58.61802477554268, 58.88206993218925, 59.05102852596885, 63.26895913496664, 63.275251423294335, 63.275251423294335, 63.275251423294335, 63.275251423294335, 63.275251423294335, 63.275251423294335, 63.275251423294335, 63.275251423294335, 63.13337866225556, 63.043059093353904, 59.982716418919246, 59.97675155054027, 59.97675155054027, 59.97675155054027, 59.97675155054027, 59.97675155054027, 59.97675155054027, 59.97675155054027, 59.97675155054027, 59.97675155054027, 60.14860470684555, 61.95306284805092, 61.959224266534065, 61.959224266534065, 61.959224266534065, 61.959224266534065, 61.959224266534065, 61.959224266534065, 61.959224266534065, 61.959224266534065, 61.680755842864244, 61.54858279462954, 61.54858279462954, 61.542462211614954, 61.542462211614954, 61.542462211614954, 61.542462211614954, 61.542462211614954, 61.542462211614954, 61.542462211614954, 61.542462211614954, 61.68138424821004, 61.769689737470166, 59.393932439875165, 59.399839345140194, 59.399839345140194, 59.399839345140194, 59.399839345140194, 59.399839345140194, 59.399839345140194, 59.399839345140194, 59.399839345140194, 59.399839345140194, 59.399839345140194, 59.97653681451048, 59.970572560650645, 59.970572560650645, 59.970572560650645, 59.970572560650645, 59.970572560650645, 59.970572560650645, 59.970572560650645, 59.970572560650645, 60.10564141776923, 60.0197148396166, 68.689229205339, 68.689229205339, 68.689229205339, 68.689229205339, 68.689229205339, 68.689229205339, 68.689229205339, 68.689229205339, 68.689229205339, 68.689229205339, 68.7875674003359, 64.48834443781492, 64.49475799767944, 64.49475799767944, 64.49475799767944, 64.49475799767944, 64.49475799767944, 64.49475799767944, 64.49475799767944, 64.49475799767944, 64.49475799767944, 64.49475799767944, 58.41034686582288, 58.40453835877576, 58.40453835877576, 58.40453835877576, 58.40453835877576, 58.40453835877576, 58.40453835877576, 58.40453835877576, 58.40453835877576, 58.01079989793008, 58.01079989793008, 60.882621675055326, 60.882621675055326, 60.882621675055326, 60.882621675055326, 60.882621675055326, 60.882621675055326, 60.882621675055326, 60.882621675055326, 60.882621675055326, 61.43359562686579, 61.43359562686579, 57.98872110573312, 57.99448825850347, 57.99448825850347, 57.99448825850347, 57.99448825850347, 57.99448825850347, 57.99448825850347, 57.99448825850347, 57.99448825850347, 57.99448825850347, 57.99448825850347, 59.66740618903722, 59.66740618903722, 59.66740618903722, 59.66740618903722, 59.66740618903722, 59.66740618903722, 59.66740618903722, 59.66740618903722, 59.66740618903722, 59.399839345140194, 59.14508663887082, 59.14508663887082, 59.13920506700936, 59.13920506700936, 59.13920506700936, 59.13920506700936, 59.13920506700936, 59.13920506700936, 59.13920506700936, 59.13920506700936, 59.00600865920078, 59.21780337800624, 61.586515513126486, 61.59264047737444, 61.59264047737444, 61.59264047737444, 61.59264047737444, 61.59264047737444, 61.59264047737444, 61.59264047737444, 61.59264047737444, 61.73167578319245, 61.7758329189458, 61.7758329189458, 61.7758329189458, 61.7758329189458, 61.7758329189458, 61.7758329189458, 61.7758329189458, 61.7758329189458, 61.7758329189458, 61.7758329189458, 61.7758329189458, 61.64336151168575, 59.272462992005515, 59.26656875344227, 59.26656875344227, 59.26656875344227, 59.26656875344227, 59.26656875344227, 59.26656875344227, 59.26656875344227, 59.26656875344227, 59.40005201640047, 59.5702527385105, 57.900058736496185, 57.90581707152717, 57.90581707152717, 57.90581707152717, 57.90581707152717, 57.90581707152717, 57.90581707152717, 57.90581707152717, 57.90581707152717, 57.51544077666293, 57.39219340357008, 56.339125634697226, 56.333523096348515, 56.333523096348515, 56.333523096348515, 56.333523096348515, 56.333523096348515, 56.333523096348515, 56.333523096348515, 56.333523096348515, 56.58842591578901, 56.4669046002934, 66.1816408756127, 66.17506022125498, 66.17506022125498, 66.17506022125498, 66.17506022125498, 66.17506022125498, 66.17506022125498, 66.17506022125498, 66.17506022125498, 66.17506022125498, 66.41241696523366, 64.33702893507012, 64.34342680986477, 64.34342680986477, 64.34342680986477, 64.34342680986477, 64.34342680986477, 64.34342680986477, 64.34342680986477, 64.34342680986477, 64.48834443781492, 64.35005635110052, 61.77605409705649, 61.77605409705649, 61.77605409705649, 61.77605409705649, 61.77605409705649, 61.77605409705649, 61.77605409705649, 61.77605409705649, 61.77605409705649, 61.77605409705649, 61.77605409705649, 61.164409997085635, 61.17049298167013, 61.17049298167013, 61.17049298167013, 61.17049298167013, 61.17049298167013, 61.17049298167013, 61.17049298167013, 61.17049298167013, 61.03303119968886, 61.16419100885724, 57.19984529532019, 57.19415716432423, 57.19415716432423, 57.19415716432423, 57.19415716432423, 57.19415716432423, 57.19415716432423, 57.19415716432423, 57.19415716432423, 57.32297283361325, 57.20005008986712, 60.56475891868283, 60.56475891868283, 60.56475891868283, 60.56475891868283, 60.56475891868283, 60.56475891868283, 60.56475891868283, 60.56475891868283, 60.56475891868283, 60.56475891868283, 60.52137442089007, 58.23754897104516, 58.243340870495295, 58.243340870495295, 58.243340870495295, 58.243340870495295, 58.243340870495295, 58.243340870495295, 58.243340870495295, 58.243340870495295, 58.112456958426776, 58.1957723089048, 57.651886586391676, 57.64615350300002, 57.64615350300002, 57.64615350300002, 57.64615350300002, 57.64615350300002, 57.64615350300002, 57.64615350300002, 57.64615350300002, 57.38648614487839, 57.42756451720831, 57.969333993785746, 57.97509921844948, 57.97509921844948, 57.97509921844948, 57.97509921844948, 57.97509921844948, 57.97509921844948, 57.97509921844948, 57.97509921844948, 58.237429984143816, 58.27908765938283, 58.27908765938283, 58.27329220516053, 58.27329220516053, 58.27329220516053, 58.27329220516053, 58.27329220516053, 58.27329220516053, 58.27329220516053, 58.27329220516053, 58.27329220516053, 58.14833160715091, 59.84197233357278, 59.84792379775315, 59.84792379775315, 59.84792379775315, 59.84792379775315, 59.84792379775315, 59.84792379775315, 59.84792379775315, 59.84792379775315, 59.71313117658702, 59.96977787218839, 63.67924866840624, 63.672916205332605, 63.672916205332605, 63.672916205332605, 63.672916205332605, 63.672916205332605, 63.672916205332605, 63.672916205332605, 63.672916205332605, 63.81664739315504, 63.63457421942278, 64.97424946614747, 64.97424946614747, 64.97424946614747, 64.97424946614747, 64.97424946614747, 64.97424946614747, 64.97424946614747, 64.97424946614747, 64.97424946614747, 64.97424946614747, 65.0207260394423, 58.27329220516053, 58.27908765938283, 58.27908765938283, 58.27908765938283, 58.27908765938283, 58.27908765938283, 58.27908765938283, 58.27908765938283, 58.27908765938283, 58.41034686582288, 58.285092369327195, 61.78219791148683, 61.78219791148683, 61.78219791148683, 61.78219791148683, 61.78219791148683, 61.78219791148683, 61.78219791148683, 61.78219791148683, 61.78219791148683, 61.64336151168575, 61.64336151168575, 58.1541146336658, 58.14833160715091, 58.14833160715091, 58.14833160715091, 58.14833160715091, 58.14833160715091, 58.14833160715091, 58.14833160715091, 58.14833160715091, 58.01736689632398, 58.10048633313819, 55.483347309122955, 55.472314629204654, 55.472314629204654, 55.472314629204654, 55.472314629204654, 55.472314629204654, 55.472314629204654, 55.472314629204654, 55.472314629204654, 55.597534301053884, 55.63730363889441, 60.54647748938511, 60.56454207739785, 60.56454207739785, 60.56454207739785, 60.56454207739785, 60.56454207739785, 60.56454207739785, 60.56454207739785, 60.56454207739785, 60.56454207739785, 60.43466814871151, 64.8877489596692, 64.88129631955786, 64.88129631955786, 64.88129631955786, 64.88129631955786, 64.88129631955786, 64.88129631955786, 64.88129631955786, 64.88129631955786, 64.88129631955786, 65.0207260394423, 61.769689737470166, 61.7758329189458, 61.7758329189458, 61.7758329189458, 61.7758329189458, 61.7758329189458, 61.7758329189458, 61.7758329189458, 61.7758329189458, 61.63669816011934, 61.680755842864244, 57.645566208284336, 57.6398337534108, 57.6398337534108, 57.6398337534108, 57.6398337534108, 57.6398337534108, 57.6398337534108, 57.6398337534108, 57.6398337534108, 57.769946244953495, 57.811210492271314, 60.05630604536923, 60.05630604536923, 60.05630604536923, 60.05630604536923, 60.05630604536923, 60.05630604536923, 60.05630604536923, 60.05630604536923, 60.05630604536923, 60.19156799592187, 60.10564141776923, 61.908810660302315, 61.91496767777226, 61.91496767777226, 61.91496767777226, 61.91496767777226, 61.91496767777226, 61.91496767777226, 61.91496767777226, 61.91496767777226, 61.63669816011934, 61.50452511188463, 59.13896645373522, 59.13896645373522, 59.13896645373522, 59.13896645373522, 59.13896645373522, 59.13896645373522, 59.13896645373522, 59.13896645373522, 59.13896645373522, 59.13896645373522, 59.26605592319167, 61.63669816011934, 61.63056881463802, 61.63056881463802, 61.63056881463802, 61.63056881463802, 61.63056881463802, 61.63056881463802, 61.63056881463802, 61.63056881463802, 61.63056881463802, 61.67462211614956, 61.06398229321738, 61.06398229321738, 61.06398229321738, 61.06398229321738, 61.06398229321738, 61.06398229321738, 61.06398229321738, 61.06398229321738, 61.06398229321738, 61.47750813267484, 61.56533314429294, 60.36988978226784, 60.36988978226784, 60.36988978226784, 60.36988978226784, 60.36988978226784, 60.36988978226784, 60.36988978226784, 60.36988978226784, 60.36988978226784, 60.234531284998184, 59.97675155054027, 59.40005201640047, 59.41186821930804, 59.41186821930804, 59.41186821930804, 59.41186821930804, 59.41186821930804, 59.41186821930804, 59.41186821930804, 59.41186821930804, 59.14484858686171, 59.314318067053286, 59.890185232752835, 59.87827389917433, 59.87827389917433, 59.87827389917433, 59.87827389917433, 59.87827389917433, 59.87827389917433, 59.87827389917433, 59.87827389917433, 60.01343930300994, 59.884839075932064, 57.64615350300002, 57.651886586391676, 57.651886586391676, 57.651886586391676, 57.651886586391676, 57.651886586391676, 57.651886586391676, 57.651886586391676, 57.651886586391676, 57.651886586391676, 57.61061823522032, 62.266021728975495, 62.266021728975495, 62.266021728975495, 62.266021728975495, 62.266021728975495, 62.266021728975495, 62.266021728975495, 62.266021728975495, 62.266021728975495, 62.266021728975495, 62.31062489640312, 61.6875186474391, 61.6875186474391, 61.6875186474391, 61.6875186474391, 61.6875186474391, 61.6875186474391, 61.6875186474391, 61.6875186474391, 61.6875186474391, 61.6875186474391, 61.73167578319245, 61.12047107246777, 61.12047107246777, 61.12047107246777, 61.12047107246777, 61.12047107246777, 61.12047107246777, 61.12047107246777, 61.12047107246777, 61.12047107246777, 61.12047107246777, 60.94559132690992, 59.187545423249055, 59.18165962915366, 59.18165962915366, 59.18165962915366, 59.18165962915366, 59.18165962915366, 59.18165962915366, 59.18165962915366, 59.18165962915366, 59.18165962915366, 59.393932439875165, 61.158108650960564, 61.158108650960564, 61.158108650960564, 61.158108650960564, 61.158108650960564, 61.158108650960564, 61.158108650960564, 61.158108650960564, 61.158108650960564, 61.158108650960564, 60.98324629598998, 58.66007500852369, 58.6659089294594, 58.6659089294594, 58.6659089294594, 58.6659089294594, 58.6659089294594, 58.6659089294594, 58.6659089294594, 58.6659089294594, 58.798039354976204, 58.88233761928442, 61.21431138638479, 61.20822404436148, 61.20822404436148, 61.20822404436148, 61.20822404436148, 61.20822404436148, 61.20822404436148, 61.20822404436148, 61.20822404436148, 61.07067747347528, 61.11439306221792, 60.51523234592167, 60.51523234592167, 60.51523234592167, 60.51523234592167, 60.51523234592167, 60.51523234592167, 60.51523234592167, 60.51523234592167, 60.51523234592167, 60.651527914268335, 60.694912412061086, 64.48834443781492, 64.48834443781492, 64.48834443781492, 64.48834443781492, 64.48834443781492, 64.48834443781492, 64.48834443781492, 64.48834443781492, 64.48834443781492, 64.1985091819146, 64.01495375894987, 57.97580717791686, 57.98157304635823, 57.98157304635823, 57.98157304635823, 57.98157304635823, 57.98157304635823, 57.98157304635823, 57.98157304635823, 57.98157304635823, 58.112456958426776, 58.445718360338894, 60.14802083685362, 60.14203953008782, 60.14203953008782, 60.14203953008782, 60.14203953008782, 60.14203953008782, 60.14203953008782, 60.14203953008782, 60.14203953008782, 60.277494574074495, 60.277494574074495, 57.48686982527475, 57.48686982527475, 57.48686982527475, 57.48686982527475, 57.48686982527475, 57.48686982527475, 57.48686982527475, 57.48686982527475, 57.48686982527475, 57.22850187100384, 56.90218111906654, 63.35500578205349, 63.3613066279791, 63.3613066279791, 63.3613066279791, 63.3613066279791, 63.3613066279791, 63.3613066279791, 63.3613066279791, 63.3613066279791, 63.64736218837631, 63.692987537615295, 57.740371879894234, 57.740371879894234, 57.740371879894234, 57.740371879894234, 57.740371879894234, 57.740371879894234, 57.740371879894234, 57.740371879894234, 57.740371879894234, 57.740371879894234, 57.65764928407776, 61.6936847339632, 61.687549721559265, 61.687549721559265, 61.687549721559265, 61.687549721559265, 61.687549721559265, 61.687549721559265, 61.687549721559265, 61.687549721559265, 61.687549721559265, 61.73180190930787, 60.52137442089007, 60.52739345365198, 60.52739345365198, 60.52739345365198, 60.52739345365198, 60.52739345365198, 60.52739345365198, 60.52739345365198, 60.52739345365198, 60.25536022464679, 60.4281354510974, 58.147828452942775, 58.14204605154531, 58.14204605154531, 58.14204605154531, 58.14204605154531, 58.14204605154531, 58.14204605154531, 58.14204605154531, 58.14204605154531, 58.40453835877576, 58.40453835877576, 58.40453835877576, 58.41034686582288, 58.41034686582288, 58.41034686582288, 58.41034686582288, 58.41034686582288, 58.41034686582288, 58.41034686582288, 58.41034686582288, 58.27908765938283, 58.27908765938283, 57.19984529532019, 57.19984529532019, 57.19984529532019, 57.19984529532019, 57.19984529532019, 57.19984529532019, 57.19984529532019, 57.19984529532019, 57.19984529532019, 57.328673775715046, 57.287695452787446, 57.287695452787446, 57.28199858569787, 57.28199858569787, 57.28199858569787, 57.28199858569787, 57.28199858569787, 57.28199858569787, 57.28199858569787, 57.28199858569787, 57.28199858569787, 57.32297283361325, 57.8587015516844, 57.8587015516844, 57.8587015516844, 57.8587015516844, 57.8587015516844, 57.8587015516844, 57.8587015516844, 57.8587015516844, 57.8587015516844, 57.72868199763567, 57.56362500836437, 56.5074117054586, 56.51865248757626, 56.51865248757626, 56.51865248757626, 56.51865248757626, 56.51865248757626, 56.51865248757626, 56.51865248757626, 56.51865248757626, 56.51865248757626, 56.680713139870385, 60.57056600241052, 60.55851935046095, 60.55851935046095, 60.55851935046095, 60.55851935046095, 60.55851935046095, 60.55851935046095, 60.55851935046095, 60.55851935046095, 60.55851935046095, 60.29879732322523, 60.29879732322523, 60.30479422002516, 60.30479422002516, 60.30479422002516, 60.30479422002516, 60.30479422002516, 60.30479422002516, 60.30479422002516, 60.30479422002516, 60.1689726114215, 60.29855403125944, 60.29855403125944, 60.29255775500335, 60.29255775500335, 60.29255775500335, 60.29255775500335, 60.29255775500335, 60.29255775500335, 60.29255775500335, 60.29255775500335, 60.56475891868283, 60.56475891868283, 58.83433723529189, 58.84018848713032, 58.84018848713032, 58.84018848713032, 58.84018848713032]
====================================
